" ""local_time"": ""America/New_York"""," ""electricity"": ""kW""}"
1/1/2019 0:00,0
1/1/2019 1:00,0
1/1/2019 2:00,0
1/1/2019 3:00,0
1/1/2019 4:00,0
1/1/2019 5:00,0
1/1/2019 6:00,0
1/1/2019 7:00,0.001
1/1/2019 8:00,0.031
1/1/2019 9:00,0.076
1/1/2019 10:00,0.156
1/1/2019 11:00,0.274
1/1/2019 12:00,0.269
1/1/2019 13:00,0.279
1/1/2019 14:00,0.316
1/1/2019 15:00,0.155
1/1/2019 16:00,0.034
1/1/2019 17:00,0
1/1/2019 18:00,0
1/1/2019 19:00,0
1/1/2019 20:00,0
1/1/2019 21:00,0
1/1/2019 22:00,0
1/1/2019 23:00,0
1/2/2019 0:00,0
1/2/2019 1:00,0
1/2/2019 2:00,0
1/2/2019 3:00,0
1/2/2019 4:00,0
1/2/2019 5:00,0
1/2/2019 6:00,0
1/2/2019 7:00,0.004
1/2/2019 8:00,0.108
1/2/2019 9:00,0.237
1/2/2019 10:00,0.231
1/2/2019 11:00,0.382
1/2/2019 12:00,0.289
1/2/2019 13:00,0.195
1/2/2019 14:00,0.117
1/2/2019 15:00,0.067
1/2/2019 16:00,0.014
1/2/2019 17:00,0
1/2/2019 18:00,0
1/2/2019 19:00,0
1/2/2019 20:00,0
1/2/2019 21:00,0
1/2/2019 22:00,0
1/2/2019 23:00,0
1/3/2019 0:00,0
1/3/2019 1:00,0
1/3/2019 2:00,0
1/3/2019 3:00,0
1/3/2019 4:00,0
1/3/2019 5:00,0
1/3/2019 6:00,0
1/3/2019 7:00,0
1/3/2019 8:00,0.011
1/3/2019 9:00,0.043
1/3/2019 10:00,0.089
1/3/2019 11:00,0.083
1/3/2019 12:00,0.073
1/3/2019 13:00,0.077
1/3/2019 14:00,0.052
1/3/2019 15:00,0.021
1/3/2019 16:00,0.005
1/3/2019 17:00,0
1/3/2019 18:00,0
1/3/2019 19:00,0
1/3/2019 20:00,0
1/3/2019 21:00,0
1/3/2019 22:00,0
1/3/2019 23:00,0
1/4/2019 0:00,0
1/4/2019 1:00,0
1/4/2019 2:00,0
1/4/2019 3:00,0
1/4/2019 4:00,0
1/4/2019 5:00,0
1/4/2019 6:00,0
1/4/2019 7:00,0
1/4/2019 8:00,0.012
1/4/2019 9:00,0.039
1/4/2019 10:00,0.067
1/4/2019 11:00,0.085
1/4/2019 12:00,0.068
1/4/2019 13:00,0.042
1/4/2019 14:00,0.027
1/4/2019 15:00,0.017
1/4/2019 16:00,0.001
1/4/2019 17:00,0
1/4/2019 18:00,0
1/4/2019 19:00,0
1/4/2019 20:00,0
1/4/2019 21:00,0
1/4/2019 22:00,0
1/4/2019 23:00,0
1/5/2019 0:00,0
1/5/2019 1:00,0
1/5/2019 2:00,0
1/5/2019 3:00,0
1/5/2019 4:00,0
1/5/2019 5:00,0
1/5/2019 6:00,0
1/5/2019 7:00,0.023
1/5/2019 8:00,0.284
1/5/2019 9:00,0.497
1/5/2019 10:00,0.623
1/5/2019 11:00,0.716
1/5/2019 12:00,0.732
1/5/2019 13:00,0.688
1/5/2019 14:00,0.588
1/5/2019 15:00,0.416
1/5/2019 16:00,0.154
1/5/2019 17:00,0
1/5/2019 18:00,0
1/5/2019 19:00,0
1/5/2019 20:00,0
1/5/2019 21:00,0
1/5/2019 22:00,0
1/5/2019 23:00,0
1/6/2019 0:00,0
1/6/2019 1:00,0
1/6/2019 2:00,0
1/6/2019 3:00,0
1/6/2019 4:00,0
1/6/2019 5:00,0
1/6/2019 6:00,0
1/6/2019 7:00,0.036
1/6/2019 8:00,0.34
1/6/2019 9:00,0.549
1/6/2019 10:00,0.676
1/6/2019 11:00,0.74
1/6/2019 12:00,0.73
1/6/2019 13:00,0.625
1/6/2019 14:00,0.591
1/6/2019 15:00,0.417
1/6/2019 16:00,0.157
1/6/2019 17:00,0
1/6/2019 18:00,0
1/6/2019 19:00,0
1/6/2019 20:00,0
1/6/2019 21:00,0
1/6/2019 22:00,0
1/6/2019 23:00,0
1/7/2019 0:00,0
1/7/2019 1:00,0
1/7/2019 2:00,0
1/7/2019 3:00,0
1/7/2019 4:00,0
1/7/2019 5:00,0
1/7/2019 6:00,0
1/7/2019 7:00,0.006
1/7/2019 8:00,0.131
1/7/2019 9:00,0.359
1/7/2019 10:00,0.35
1/7/2019 11:00,0.238
1/7/2019 12:00,0.47
1/7/2019 13:00,0.624
1/7/2019 14:00,0.468
1/7/2019 15:00,0.337
1/7/2019 16:00,0.092
1/7/2019 17:00,0
1/7/2019 18:00,0
1/7/2019 19:00,0
1/7/2019 20:00,0
1/7/2019 21:00,0
1/7/2019 22:00,0
1/7/2019 23:00,0
1/8/2019 0:00,0
1/8/2019 1:00,0
1/8/2019 2:00,0
1/8/2019 3:00,0
1/8/2019 4:00,0
1/8/2019 5:00,0
1/8/2019 6:00,0
1/8/2019 7:00,0.011
1/8/2019 8:00,0.152
1/8/2019 9:00,0.297
1/8/2019 10:00,0.377
1/8/2019 11:00,0.585
1/8/2019 12:00,0.678
1/8/2019 13:00,0.622
1/8/2019 14:00,0.494
1/8/2019 15:00,0.353
1/8/2019 16:00,0.115
1/8/2019 17:00,0
1/8/2019 18:00,0
1/8/2019 19:00,0
1/8/2019 20:00,0
1/8/2019 21:00,0
1/8/2019 22:00,0
1/8/2019 23:00,0
1/9/2019 0:00,0
1/9/2019 1:00,0
1/9/2019 2:00,0
1/9/2019 3:00,0
1/9/2019 4:00,0
1/9/2019 5:00,0
1/9/2019 6:00,0
1/9/2019 7:00,0.049
1/9/2019 8:00,0.38
1/9/2019 9:00,0.583
1/9/2019 10:00,0.712
1/9/2019 11:00,0.782
1/9/2019 12:00,0.79
1/9/2019 13:00,0.74
1/9/2019 14:00,0.632
1/9/2019 15:00,0.45
1/9/2019 16:00,0.177
1/9/2019 17:00,0
1/9/2019 18:00,0
1/9/2019 19:00,0
1/9/2019 20:00,0
1/9/2019 21:00,0
1/9/2019 22:00,0
1/9/2019 23:00,0
1/10/2019 0:00,0
1/10/2019 1:00,0
1/10/2019 2:00,0
1/10/2019 3:00,0
1/10/2019 4:00,0
1/10/2019 5:00,0
1/10/2019 6:00,0
1/10/2019 7:00,0.034
1/10/2019 8:00,0.317
1/10/2019 9:00,0.576
1/10/2019 10:00,0.746
1/10/2019 11:00,0.822
1/10/2019 12:00,0.831
1/10/2019 13:00,0.778
1/10/2019 14:00,0.646
1/10/2019 15:00,0.443
1/10/2019 16:00,0.143
1/10/2019 17:00,0
1/10/2019 18:00,0
1/10/2019 19:00,0
1/10/2019 20:00,0
1/10/2019 21:00,0
1/10/2019 22:00,0
1/10/2019 23:00,0
1/11/2019 0:00,0
1/11/2019 1:00,0
1/11/2019 2:00,0
1/11/2019 3:00,0
1/11/2019 4:00,0
1/11/2019 5:00,0
1/11/2019 6:00,0
1/11/2019 7:00,0.044
1/11/2019 8:00,0.381
1/11/2019 9:00,0.6
1/11/2019 10:00,0.735
1/11/2019 11:00,0.802
1/11/2019 12:00,0.808
1/11/2019 13:00,0.757
1/11/2019 14:00,0.642
1/11/2019 15:00,0.454
1/11/2019 16:00,0.177
1/11/2019 17:00,0
1/11/2019 18:00,0
1/11/2019 19:00,0
1/11/2019 20:00,0
1/11/2019 21:00,0
1/11/2019 22:00,0
1/11/2019 23:00,0
1/12/2019 0:00,0
1/12/2019 1:00,0
1/12/2019 2:00,0
1/12/2019 3:00,0
1/12/2019 4:00,0
1/12/2019 5:00,0
1/12/2019 6:00,0
1/12/2019 7:00,0
1/12/2019 8:00,0.056
1/12/2019 9:00,0.161
1/12/2019 10:00,0.258
1/12/2019 11:00,0.226
1/12/2019 12:00,0.203
1/12/2019 13:00,0.161
1/12/2019 14:00,0.107
1/12/2019 15:00,0.059
1/12/2019 16:00,0.016
1/12/2019 17:00,0
1/12/2019 18:00,0
1/12/2019 19:00,0
1/12/2019 20:00,0
1/12/2019 21:00,0
1/12/2019 22:00,0
1/12/2019 23:00,0
1/13/2019 0:00,0
1/13/2019 1:00,0
1/13/2019 2:00,0
1/13/2019 3:00,0
1/13/2019 4:00,0
1/13/2019 5:00,0
1/13/2019 6:00,0
1/13/2019 7:00,0
1/13/2019 8:00,0.017
1/13/2019 9:00,0.098
1/13/2019 10:00,0.122
1/13/2019 11:00,0.135
1/13/2019 12:00,0.181
1/13/2019 13:00,0.182
1/13/2019 14:00,0.142
1/13/2019 15:00,0.066
1/13/2019 16:00,0.009
1/13/2019 17:00,0
1/13/2019 18:00,0
1/13/2019 19:00,0
1/13/2019 20:00,0
1/13/2019 21:00,0
1/13/2019 22:00,0
1/13/2019 23:00,0
1/14/2019 0:00,0
1/14/2019 1:00,0
1/14/2019 2:00,0
1/14/2019 3:00,0
1/14/2019 4:00,0
1/14/2019 5:00,0
1/14/2019 6:00,0
1/14/2019 7:00,0.031
1/14/2019 8:00,0.31
1/14/2019 9:00,0.518
1/14/2019 10:00,0.663
1/14/2019 11:00,0.752
1/14/2019 12:00,0.735
1/14/2019 13:00,0.648
1/14/2019 14:00,0.481
1/14/2019 15:00,0.259
1/14/2019 16:00,0.072
1/14/2019 17:00,0
1/14/2019 18:00,0
1/14/2019 19:00,0
1/14/2019 20:00,0
1/14/2019 21:00,0
1/14/2019 22:00,0
1/14/2019 23:00,0
1/15/2019 0:00,0
1/15/2019 1:00,0
1/15/2019 2:00,0
1/15/2019 3:00,0
1/15/2019 4:00,0
1/15/2019 5:00,0
1/15/2019 6:00,0
1/15/2019 7:00,0.036
1/15/2019 8:00,0.316
1/15/2019 9:00,0.535
1/15/2019 10:00,0.667
1/15/2019 11:00,0.717
1/15/2019 12:00,0.728
1/15/2019 13:00,0.678
1/15/2019 14:00,0.542
1/15/2019 15:00,0.379
1/15/2019 16:00,0.143
1/15/2019 17:00,0
1/15/2019 18:00,0
1/15/2019 19:00,0
1/15/2019 20:00,0
1/15/2019 21:00,0
1/15/2019 22:00,0
1/15/2019 23:00,0
1/16/2019 0:00,0
1/16/2019 1:00,0
1/16/2019 2:00,0
1/16/2019 3:00,0
1/16/2019 4:00,0
1/16/2019 5:00,0
1/16/2019 6:00,0
1/16/2019 7:00,0.06
1/16/2019 8:00,0.393
1/16/2019 9:00,0.611
1/16/2019 10:00,0.741
1/16/2019 11:00,0.804
1/16/2019 12:00,0.809
1/16/2019 13:00,0.754
1/16/2019 14:00,0.631
1/16/2019 15:00,0.435
1/16/2019 16:00,0.176
1/16/2019 17:00,0
1/16/2019 18:00,0
1/16/2019 19:00,0
1/16/2019 20:00,0
1/16/2019 21:00,0
1/16/2019 22:00,0
1/16/2019 23:00,0
1/17/2019 0:00,0
1/17/2019 1:00,0
1/17/2019 2:00,0
1/17/2019 3:00,0
1/17/2019 4:00,0
1/17/2019 5:00,0
1/17/2019 6:00,0
1/17/2019 7:00,0.011
1/17/2019 8:00,0.081
1/17/2019 9:00,0.162
1/17/2019 10:00,0.199
1/17/2019 11:00,0.22
1/17/2019 12:00,0.25
1/17/2019 13:00,0.649
1/17/2019 14:00,0.589
1/17/2019 15:00,0.373
1/17/2019 16:00,0.115
1/17/2019 17:00,0
1/17/2019 18:00,0
1/17/2019 19:00,0
1/17/2019 20:00,0
1/17/2019 21:00,0
1/17/2019 22:00,0
1/17/2019 23:00,0
1/18/2019 0:00,0
1/18/2019 1:00,0
1/18/2019 2:00,0
1/18/2019 3:00,0
1/18/2019 4:00,0
1/18/2019 5:00,0
1/18/2019 6:00,0
1/18/2019 7:00,0.009
1/18/2019 8:00,0.123
1/18/2019 9:00,0.308
1/18/2019 10:00,0.546
1/18/2019 11:00,0.734
1/18/2019 12:00,0.749
1/18/2019 13:00,0.701
1/18/2019 14:00,0.584
1/18/2019 15:00,0.319
1/18/2019 16:00,0.076
1/18/2019 17:00,0
1/18/2019 18:00,0
1/18/2019 19:00,0
1/18/2019 20:00,0
1/18/2019 21:00,0
1/18/2019 22:00,0
1/18/2019 23:00,0
1/19/2019 0:00,0
1/19/2019 1:00,0
1/19/2019 2:00,0
1/19/2019 3:00,0
1/19/2019 4:00,0
1/19/2019 5:00,0
1/19/2019 6:00,0
1/19/2019 7:00,0.001
1/19/2019 8:00,0.02
1/19/2019 9:00,0.052
1/19/2019 10:00,0.081
1/19/2019 11:00,0.098
1/19/2019 12:00,0.102
1/19/2019 13:00,0.117
1/19/2019 14:00,0.123
1/19/2019 15:00,0.094
1/19/2019 16:00,0.019
1/19/2019 17:00,0
1/19/2019 18:00,0
1/19/2019 19:00,0
1/19/2019 20:00,0
1/19/2019 21:00,0
1/19/2019 22:00,0
1/19/2019 23:00,0
1/20/2019 0:00,0
1/20/2019 1:00,0
1/20/2019 2:00,0
1/20/2019 3:00,0
1/20/2019 4:00,0
1/20/2019 5:00,0
1/20/2019 6:00,0
1/20/2019 7:00,0.05
1/20/2019 8:00,0.342
1/20/2019 9:00,0.543
1/20/2019 10:00,0.685
1/20/2019 11:00,0.759
1/20/2019 12:00,0.774
1/20/2019 13:00,0.728
1/20/2019 14:00,0.623
1/20/2019 15:00,0.451
1/20/2019 16:00,0.193
1/20/2019 17:00,0
1/20/2019 18:00,0
1/20/2019 19:00,0
1/20/2019 20:00,0
1/20/2019 21:00,0
1/20/2019 22:00,0
1/20/2019 23:00,0
1/21/2019 0:00,0
1/21/2019 1:00,0
1/21/2019 2:00,0
1/21/2019 3:00,0
1/21/2019 4:00,0
1/21/2019 5:00,0
1/21/2019 6:00,0
1/21/2019 7:00,0.098
1/21/2019 8:00,0.473
1/21/2019 9:00,0.686
1/21/2019 10:00,0.82
1/21/2019 11:00,0.887
1/21/2019 12:00,0.892
1/21/2019 13:00,0.836
1/21/2019 14:00,0.717
1/21/2019 15:00,0.525
1/21/2019 16:00,0.24
1/21/2019 17:00,0
1/21/2019 18:00,0
1/21/2019 19:00,0
1/21/2019 20:00,0
1/21/2019 21:00,0
1/21/2019 22:00,0
1/21/2019 23:00,0
1/22/2019 0:00,0
1/22/2019 1:00,0
1/22/2019 2:00,0
1/22/2019 3:00,0
1/22/2019 4:00,0
1/22/2019 5:00,0
1/22/2019 6:00,0
1/22/2019 7:00,0.089
1/22/2019 8:00,0.433
1/22/2019 9:00,0.641
1/22/2019 10:00,0.773
1/22/2019 11:00,0.84
1/22/2019 12:00,0.846
1/22/2019 13:00,0.793
1/22/2019 14:00,0.679
1/22/2019 15:00,0.492
1/22/2019 16:00,0.218
1/22/2019 17:00,0
1/22/2019 18:00,0
1/22/2019 19:00,0
1/22/2019 20:00,0
1/22/2019 21:00,0
1/22/2019 22:00,0
1/22/2019 23:00,0
1/23/2019 0:00,0
1/23/2019 1:00,0
1/23/2019 2:00,0
1/23/2019 3:00,0
1/23/2019 4:00,0
1/23/2019 5:00,0
1/23/2019 6:00,0
1/23/2019 7:00,0.004
1/23/2019 8:00,0.042
1/23/2019 9:00,0.096
1/23/2019 10:00,0.158
1/23/2019 11:00,0.283
1/23/2019 12:00,0.435
1/23/2019 13:00,0.492
1/23/2019 14:00,0.357
1/23/2019 15:00,0.156
1/23/2019 16:00,0.045
1/23/2019 17:00,0
1/23/2019 18:00,0
1/23/2019 19:00,0
1/23/2019 20:00,0
1/23/2019 21:00,0
1/23/2019 22:00,0
1/23/2019 23:00,0
1/24/2019 0:00,0
1/24/2019 1:00,0
1/24/2019 2:00,0
1/24/2019 3:00,0
1/24/2019 4:00,0
1/24/2019 5:00,0
1/24/2019 6:00,0
1/24/2019 7:00,0
1/24/2019 8:00,0.013
1/24/2019 9:00,0.037
1/24/2019 10:00,0.077
1/24/2019 11:00,0.17
1/24/2019 12:00,0.595
1/24/2019 13:00,0.688
1/24/2019 14:00,0.591
1/24/2019 15:00,0.411
1/24/2019 16:00,0.159
1/24/2019 17:00,0
1/24/2019 18:00,0
1/24/2019 19:00,0
1/24/2019 20:00,0
1/24/2019 21:00,0
1/24/2019 22:00,0
1/24/2019 23:00,0
1/25/2019 0:00,0
1/25/2019 1:00,0
1/25/2019 2:00,0
1/25/2019 3:00,0
1/25/2019 4:00,0
1/25/2019 5:00,0
1/25/2019 6:00,0
1/25/2019 7:00,0.091
1/25/2019 8:00,0.419
1/25/2019 9:00,0.622
1/25/2019 10:00,0.755
1/25/2019 11:00,0.821
1/25/2019 12:00,0.827
1/25/2019 13:00,0.775
1/25/2019 14:00,0.663
1/25/2019 15:00,0.484
1/25/2019 16:00,0.165
1/25/2019 17:00,0
1/25/2019 18:00,0
1/25/2019 19:00,0
1/25/2019 20:00,0
1/25/2019 21:00,0
1/25/2019 22:00,0
1/25/2019 23:00,0
1/26/2019 0:00,0
1/26/2019 1:00,0
1/26/2019 2:00,0
1/26/2019 3:00,0
1/26/2019 4:00,0
1/26/2019 5:00,0
1/26/2019 6:00,0
1/26/2019 7:00,0.101
1/26/2019 8:00,0.426
1/26/2019 9:00,0.623
1/26/2019 10:00,0.745
1/26/2019 11:00,0.805
1/26/2019 12:00,0.809
1/26/2019 13:00,0.757
1/26/2019 14:00,0.645
1/26/2019 15:00,0.462
1/26/2019 16:00,0.195
1/26/2019 17:00,0.001
1/26/2019 18:00,0
1/26/2019 19:00,0
1/26/2019 20:00,0
1/26/2019 21:00,0
1/26/2019 22:00,0
1/26/2019 23:00,0
1/27/2019 0:00,0
1/27/2019 1:00,0
1/27/2019 2:00,0
1/27/2019 3:00,0
1/27/2019 4:00,0
1/27/2019 5:00,0
1/27/2019 6:00,0
1/27/2019 7:00,0.025
1/27/2019 8:00,0.169
1/27/2019 9:00,0.154
1/27/2019 10:00,0.177
1/27/2019 11:00,0.433
1/27/2019 12:00,0.276
1/27/2019 13:00,0.312
1/27/2019 14:00,0.174
1/27/2019 15:00,0.093
1/27/2019 16:00,0.02
1/27/2019 17:00,0
1/27/2019 18:00,0
1/27/2019 19:00,0
1/27/2019 20:00,0
1/27/2019 21:00,0
1/27/2019 22:00,0
1/27/2019 23:00,0
1/28/2019 0:00,0
1/28/2019 1:00,0
1/28/2019 2:00,0
1/28/2019 3:00,0
1/28/2019 4:00,0
1/28/2019 5:00,0
1/28/2019 6:00,0
1/28/2019 7:00,0.053
1/28/2019 8:00,0.324
1/28/2019 9:00,0.412
1/28/2019 10:00,0.667
1/28/2019 11:00,0.777
1/28/2019 12:00,0.813
1/28/2019 13:00,0.767
1/28/2019 14:00,0.655
1/28/2019 15:00,0.469
1/28/2019 16:00,0.2
1/28/2019 17:00,0.001
1/28/2019 18:00,0
1/28/2019 19:00,0
1/28/2019 20:00,0
1/28/2019 21:00,0
1/28/2019 22:00,0
1/28/2019 23:00,0
4/1/2019 0:00,0
4/1/2019 1:00,0
4/1/2019 2:00,0
4/1/2019 3:00,0
4/1/2019 4:00,0
4/1/2019 5:00,0
4/1/2019 6:00,0
4/1/2019 7:00,0.039
4/1/2019 8:00,0.261
4/1/2019 9:00,0.443
4/1/2019 10:00,0.646
4/1/2019 11:00,0.787
4/1/2019 12:00,0.793
4/1/2019 13:00,0.869
4/1/2019 14:00,0.841
4/1/2019 15:00,0.742
4/1/2019 16:00,0.587
4/1/2019 17:00,0.377
4/1/2019 18:00,0.138
4/1/2019 19:00,0.001
4/1/2019 20:00,0
4/1/2019 21:00,0
4/1/2019 22:00,0
4/1/2019 23:00,0
4/2/2019 0:00,0
4/2/2019 1:00,0
4/2/2019 2:00,0
4/2/2019 3:00,0
4/2/2019 4:00,0
4/2/2019 5:00,0
4/2/2019 6:00,0
4/2/2019 7:00,0.039
4/2/2019 8:00,0.072
4/2/2019 9:00,0.047
4/2/2019 10:00,0.088
4/2/2019 11:00,0.126
4/2/2019 12:00,0.143
4/2/2019 13:00,0.194
4/2/2019 14:00,0.257
4/2/2019 15:00,0.326
4/2/2019 16:00,0.281
4/2/2019 17:00,0.183
4/2/2019 18:00,0.073
4/2/2019 19:00,0.001
4/2/2019 20:00,0
4/2/2019 21:00,0
4/2/2019 22:00,0
4/2/2019 23:00,0
4/3/2019 0:00,0
4/3/2019 1:00,0
4/3/2019 2:00,0
4/3/2019 3:00,0
4/3/2019 4:00,0
4/3/2019 5:00,0
4/3/2019 6:00,0
4/3/2019 7:00,0.025
4/3/2019 8:00,0.182
4/3/2019 9:00,0.462
4/3/2019 10:00,0.661
4/3/2019 11:00,0.774
4/3/2019 12:00,0.832
4/3/2019 13:00,0.838
4/3/2019 14:00,0.795
4/3/2019 15:00,0.7
4/3/2019 16:00,0.55
4/3/2019 17:00,0.351
4/3/2019 18:00,0.13
4/3/2019 19:00,0.002
4/3/2019 20:00,0
4/3/2019 21:00,0
4/3/2019 22:00,0
4/3/2019 23:00,0
4/4/2019 0:00,0
4/4/2019 1:00,0
4/4/2019 2:00,0
4/4/2019 3:00,0
4/4/2019 4:00,0
4/4/2019 5:00,0
4/4/2019 6:00,0
4/4/2019 7:00,0.008
4/4/2019 8:00,0.053
4/4/2019 9:00,0.182
4/4/2019 10:00,0.522
4/4/2019 11:00,0.706
4/4/2019 12:00,0.789
4/4/2019 13:00,0.792
4/4/2019 14:00,0.736
4/4/2019 15:00,0.63
4/4/2019 16:00,0.51
4/4/2019 17:00,0.282
4/4/2019 18:00,0.082
4/4/2019 19:00,0.001
4/4/2019 20:00,0
4/4/2019 21:00,0
4/4/2019 22:00,0
4/4/2019 23:00,0
4/5/2019 0:00,0
4/5/2019 1:00,0
4/5/2019 2:00,0
4/5/2019 3:00,0
4/5/2019 4:00,0
4/5/2019 5:00,0
4/5/2019 6:00,0
4/5/2019 7:00,0.006
4/5/2019 8:00,0.048
4/5/2019 9:00,0.105
4/5/2019 10:00,0.159
4/5/2019 11:00,0.238
4/5/2019 12:00,0.377
4/5/2019 13:00,0.382
4/5/2019 14:00,0.259
4/5/2019 15:00,0.263
4/5/2019 16:00,0.204
4/5/2019 17:00,0.084
4/5/2019 18:00,0.019
4/5/2019 19:00,0
4/5/2019 20:00,0
4/5/2019 21:00,0
4/5/2019 22:00,0
4/5/2019 23:00,0
4/6/2019 0:00,0
4/6/2019 1:00,0
4/6/2019 2:00,0
4/6/2019 3:00,0
4/6/2019 4:00,0
4/6/2019 5:00,0
4/6/2019 6:00,0
4/6/2019 7:00,0.037
4/6/2019 8:00,0.191
4/6/2019 9:00,0.351
4/6/2019 10:00,0.465
4/6/2019 11:00,0.569
4/6/2019 12:00,0.578
4/6/2019 13:00,0.617
4/6/2019 14:00,0.653
4/6/2019 15:00,0.58
4/6/2019 16:00,0.457
4/6/2019 17:00,0.222
4/6/2019 18:00,0.067
4/6/2019 19:00,0.002
4/6/2019 20:00,0
4/6/2019 21:00,0
4/6/2019 22:00,0
4/6/2019 23:00,0
4/7/2019 0:00,0
4/7/2019 1:00,0
4/7/2019 2:00,0
4/7/2019 3:00,0
4/7/2019 4:00,0
4/7/2019 5:00,0
4/7/2019 6:00,0
4/7/2019 7:00,0.042
4/7/2019 8:00,0.225
4/7/2019 9:00,0.428
4/7/2019 10:00,0.595
4/7/2019 11:00,0.702
4/7/2019 12:00,0.754
4/7/2019 13:00,0.753
4/7/2019 14:00,0.713
4/7/2019 15:00,0.608
4/7/2019 16:00,0.431
4/7/2019 17:00,0.196
4/7/2019 18:00,0.087
4/7/2019 19:00,0.003
4/7/2019 20:00,0
4/7/2019 21:00,0
4/7/2019 22:00,0
4/7/2019 23:00,0
4/8/2019 0:00,0
4/8/2019 1:00,0
4/8/2019 2:00,0
4/8/2019 3:00,0
4/8/2019 4:00,0
4/8/2019 5:00,0
4/8/2019 6:00,0
4/8/2019 7:00,0.038
4/8/2019 8:00,0.19
4/8/2019 9:00,0.318
4/8/2019 10:00,0.335
4/8/2019 11:00,0.355
4/8/2019 12:00,0.423
4/8/2019 13:00,0.461
4/8/2019 14:00,0.436
4/8/2019 15:00,0.317
4/8/2019 16:00,0.138
4/8/2019 17:00,0.061
4/8/2019 18:00,0.011
4/8/2019 19:00,0
4/8/2019 20:00,0
4/8/2019 21:00,0
4/8/2019 22:00,0
4/8/2019 23:00,0
4/9/2019 0:00,0
4/9/2019 1:00,0
4/9/2019 2:00,0
4/9/2019 3:00,0
4/9/2019 4:00,0
4/9/2019 5:00,0
4/9/2019 6:00,0
4/9/2019 7:00,0.02
4/9/2019 8:00,0.093
4/9/2019 9:00,0.185
4/9/2019 10:00,0.295
4/9/2019 11:00,0.41
4/9/2019 12:00,0.489
4/9/2019 13:00,0.496
4/9/2019 14:00,0.441
4/9/2019 15:00,0.252
4/9/2019 16:00,0.136
4/9/2019 17:00,0.089
4/9/2019 18:00,0.035
4/9/2019 19:00,0.001
4/9/2019 20:00,0
4/9/2019 21:00,0
4/9/2019 22:00,0
4/9/2019 23:00,0
4/10/2019 0:00,0
4/10/2019 1:00,0
4/10/2019 2:00,0
4/10/2019 3:00,0
4/10/2019 4:00,0
4/10/2019 5:00,0
4/10/2019 6:00,0
4/10/2019 7:00,0.029
4/10/2019 8:00,0.174
4/10/2019 9:00,0.407
4/10/2019 10:00,0.625
4/10/2019 11:00,0.748
4/10/2019 12:00,0.804
4/10/2019 13:00,0.808
4/10/2019 14:00,0.763
4/10/2019 15:00,0.671
4/10/2019 16:00,0.53
4/10/2019 17:00,0.342
4/10/2019 18:00,0.134
4/10/2019 19:00,0.005
4/10/2019 20:00,0
4/10/2019 21:00,0
4/10/2019 22:00,0
4/10/2019 23:00,0
4/11/2019 0:00,0
4/11/2019 1:00,0
4/11/2019 2:00,0
4/11/2019 3:00,0
4/11/2019 4:00,0
4/11/2019 5:00,0
4/11/2019 6:00,0
4/11/2019 7:00,0.05
4/11/2019 8:00,0.238
4/11/2019 9:00,0.436
4/11/2019 10:00,0.581
4/11/2019 11:00,0.671
4/11/2019 12:00,0.743
4/11/2019 13:00,0.758
4/11/2019 14:00,0.727
4/11/2019 15:00,0.646
4/11/2019 16:00,0.509
4/11/2019 17:00,0.312
4/11/2019 18:00,0.107
4/11/2019 19:00,0.005
4/11/2019 20:00,0
4/11/2019 21:00,0
4/11/2019 22:00,0
4/11/2019 23:00,0
4/12/2019 0:00,0
4/12/2019 1:00,0
4/12/2019 2:00,0
4/12/2019 3:00,0
4/12/2019 4:00,0
4/12/2019 5:00,0
4/12/2019 6:00,0
4/12/2019 7:00,0.044
4/12/2019 8:00,0.181
4/12/2019 9:00,0.299
4/12/2019 10:00,0.389
4/12/2019 11:00,0.485
4/12/2019 12:00,0.55
4/12/2019 13:00,0.484
4/12/2019 14:00,0.384
4/12/2019 15:00,0.249
4/12/2019 16:00,0.149
4/12/2019 17:00,0.083
4/12/2019 18:00,0.028
4/12/2019 19:00,0
4/12/2019 20:00,0
4/12/2019 21:00,0
4/12/2019 22:00,0
4/12/2019 23:00,0
4/13/2019 0:00,0
4/13/2019 1:00,0
4/13/2019 2:00,0
4/13/2019 3:00,0
4/13/2019 4:00,0
4/13/2019 5:00,0
4/13/2019 6:00,0
4/13/2019 7:00,0.008
4/13/2019 8:00,0.046
4/13/2019 9:00,0.085
4/13/2019 10:00,0.137
4/13/2019 11:00,0.178
4/13/2019 12:00,0.206
4/13/2019 13:00,0.215
4/13/2019 14:00,0.204
4/13/2019 15:00,0.171
4/13/2019 16:00,0.12
4/13/2019 17:00,0.068
4/13/2019 18:00,0.032
4/13/2019 19:00,0.001
4/13/2019 20:00,0
4/13/2019 21:00,0
4/13/2019 22:00,0
4/13/2019 23:00,0
4/14/2019 0:00,0
4/14/2019 1:00,0
4/14/2019 2:00,0
4/14/2019 3:00,0
4/14/2019 4:00,0
4/14/2019 5:00,0
4/14/2019 6:00,0
4/14/2019 7:00,0.037
4/14/2019 8:00,0.155
4/14/2019 9:00,0.331
4/14/2019 10:00,0.501
4/14/2019 11:00,0.577
4/14/2019 12:00,0.597
4/14/2019 13:00,0.474
4/14/2019 14:00,0.324
4/14/2019 15:00,0.225
4/14/2019 16:00,0.152
4/14/2019 17:00,0.084
4/14/2019 18:00,0.047
4/14/2019 19:00,0.002
4/14/2019 20:00,0
4/14/2019 21:00,0
4/14/2019 22:00,0
4/14/2019 23:00,0
4/15/2019 0:00,0
4/15/2019 1:00,0
4/15/2019 2:00,0
4/15/2019 3:00,0
4/15/2019 4:00,0
4/15/2019 5:00,0
4/15/2019 6:00,0
4/15/2019 7:00,0.054
4/15/2019 8:00,0.262
4/15/2019 9:00,0.483
4/15/2019 10:00,0.657
4/15/2019 11:00,0.771
4/15/2019 12:00,0.83
4/15/2019 13:00,0.81
4/15/2019 14:00,0.711
4/15/2019 15:00,0.67
4/15/2019 16:00,0.546
4/15/2019 17:00,0.367
4/15/2019 18:00,0.149
4/15/2019 19:00,0.007
4/15/2019 20:00,0
4/15/2019 21:00,0
4/15/2019 22:00,0
4/15/2019 23:00,0
4/16/2019 0:00,0
4/16/2019 1:00,0
4/16/2019 2:00,0
4/16/2019 3:00,0
4/16/2019 4:00,0
4/16/2019 5:00,0
4/16/2019 6:00,0
4/16/2019 7:00,0.059
4/16/2019 8:00,0.28
4/16/2019 9:00,0.497
4/16/2019 10:00,0.662
4/16/2019 11:00,0.77
4/16/2019 12:00,0.823
4/16/2019 13:00,0.827
4/16/2019 14:00,0.783
4/16/2019 15:00,0.691
4/16/2019 16:00,0.548
4/16/2019 17:00,0.351
4/16/2019 18:00,0.124
4/16/2019 19:00,0.008
4/16/2019 20:00,0
4/16/2019 21:00,0
4/16/2019 22:00,0
4/16/2019 23:00,0
4/17/2019 0:00,0
4/17/2019 1:00,0
4/17/2019 2:00,0
4/17/2019 3:00,0
4/17/2019 4:00,0
4/17/2019 5:00,0
4/17/2019 6:00,0
4/17/2019 7:00,0.059
4/17/2019 8:00,0.249
4/17/2019 9:00,0.435
4/17/2019 10:00,0.617
4/17/2019 11:00,0.72
4/17/2019 12:00,0.765
4/17/2019 13:00,0.763
4/17/2019 14:00,0.66
4/17/2019 15:00,0.448
4/17/2019 16:00,0.255
4/17/2019 17:00,0.154
4/17/2019 18:00,0.101
4/17/2019 19:00,0.009
4/17/2019 20:00,0
4/17/2019 21:00,0
4/17/2019 22:00,0
4/17/2019 23:00,0
4/18/2019 0:00,0
4/18/2019 1:00,0
4/18/2019 2:00,0
4/18/2019 3:00,0
4/18/2019 4:00,0
4/18/2019 5:00,0
4/18/2019 6:00,0
4/18/2019 7:00,0.018
4/18/2019 8:00,0.14
4/18/2019 9:00,0.412
4/18/2019 10:00,0.604
4/18/2019 11:00,0.72
4/18/2019 12:00,0.752
4/18/2019 13:00,0.733
4/18/2019 14:00,0.697
4/18/2019 15:00,0.608
4/18/2019 16:00,0.462
4/18/2019 17:00,0.243
4/18/2019 18:00,0.106
4/18/2019 19:00,0.009
4/18/2019 20:00,0
4/18/2019 21:00,0
4/18/2019 22:00,0
4/18/2019 23:00,0
4/19/2019 0:00,0
4/19/2019 1:00,0
4/19/2019 2:00,0
4/19/2019 3:00,0
4/19/2019 4:00,0
4/19/2019 5:00,0
4/19/2019 6:00,0
4/19/2019 7:00,0.034
4/19/2019 8:00,0.09
4/19/2019 9:00,0.182
4/19/2019 10:00,0.261
4/19/2019 11:00,0.274
4/19/2019 12:00,0.163
4/19/2019 13:00,0.425
4/19/2019 14:00,0.392
4/19/2019 15:00,0.249
4/19/2019 16:00,0.15
4/19/2019 17:00,0.081
4/19/2019 18:00,0.027
4/19/2019 19:00,0.001
4/19/2019 20:00,0
4/19/2019 21:00,0
4/19/2019 22:00,0
4/19/2019 23:00,0
4/20/2019 0:00,0
4/20/2019 1:00,0
4/20/2019 2:00,0
4/20/2019 3:00,0
4/20/2019 4:00,0
4/20/2019 5:00,0
4/20/2019 6:00,0
4/20/2019 7:00,0.063
4/20/2019 8:00,0.269
4/20/2019 9:00,0.471
4/20/2019 10:00,0.645
4/20/2019 11:00,0.753
4/20/2019 12:00,0.806
4/20/2019 13:00,0.808
4/20/2019 14:00,0.748
4/20/2019 15:00,0.593
4/20/2019 16:00,0.414
4/20/2019 17:00,0.236
4/20/2019 18:00,0.126
4/20/2019 19:00,0.012
4/20/2019 20:00,0
4/20/2019 21:00,0
4/20/2019 22:00,0
4/20/2019 23:00,0
4/21/2019 0:00,0
4/21/2019 1:00,0
4/21/2019 2:00,0
4/21/2019 3:00,0
4/21/2019 4:00,0
4/21/2019 5:00,0
4/21/2019 6:00,0
4/21/2019 7:00,0.045
4/21/2019 8:00,0.209
4/21/2019 9:00,0.467
4/21/2019 10:00,0.621
4/21/2019 11:00,0.701
4/21/2019 12:00,0.665
4/21/2019 13:00,0.674
4/21/2019 14:00,0.619
4/21/2019 15:00,0.6
4/21/2019 16:00,0.429
4/21/2019 17:00,0.264
4/21/2019 18:00,0.126
4/21/2019 19:00,0.013
4/21/2019 20:00,0
4/21/2019 21:00,0
4/21/2019 22:00,0
4/21/2019 23:00,0
4/22/2019 0:00,0
4/22/2019 1:00,0
4/22/2019 2:00,0
4/22/2019 3:00,0
4/22/2019 4:00,0
4/22/2019 5:00,0
4/22/2019 6:00,0
4/22/2019 7:00,0.062
4/22/2019 8:00,0.264
4/22/2019 9:00,0.47
4/22/2019 10:00,0.632
4/22/2019 11:00,0.742
4/22/2019 12:00,0.798
4/22/2019 13:00,0.806
4/22/2019 14:00,0.768
4/22/2019 15:00,0.68
4/22/2019 16:00,0.543
4/22/2019 17:00,0.359
4/22/2019 18:00,0.149
4/22/2019 19:00,0.011
4/22/2019 20:00,0
4/22/2019 21:00,0
4/22/2019 22:00,0
4/22/2019 23:00,0
4/23/2019 0:00,0
4/23/2019 1:00,0
4/23/2019 2:00,0
4/23/2019 3:00,0
4/23/2019 4:00,0
4/23/2019 5:00,0
4/23/2019 6:00,0
4/23/2019 7:00,0.065
4/23/2019 8:00,0.261
4/23/2019 9:00,0.459
4/23/2019 10:00,0.611
4/23/2019 11:00,0.704
4/23/2019 12:00,0.751
4/23/2019 13:00,0.757
4/23/2019 14:00,0.71
4/23/2019 15:00,0.627
4/23/2019 16:00,0.512
4/23/2019 17:00,0.336
4/23/2019 18:00,0.139
4/23/2019 19:00,0.013
4/23/2019 20:00,0
4/23/2019 21:00,0
4/23/2019 22:00,0
4/23/2019 23:00,0
4/24/2019 0:00,0
4/24/2019 1:00,0
4/24/2019 2:00,0
4/24/2019 3:00,0
4/24/2019 4:00,0
4/24/2019 5:00,0
4/24/2019 6:00,0
4/24/2019 7:00,0.063
4/24/2019 8:00,0.243
4/24/2019 9:00,0.422
4/24/2019 10:00,0.58
4/24/2019 11:00,0.684
4/24/2019 12:00,0.734
4/24/2019 13:00,0.741
4/24/2019 14:00,0.658
4/24/2019 15:00,0.583
4/24/2019 16:00,0.487
4/24/2019 17:00,0.325
4/24/2019 18:00,0.137
4/24/2019 19:00,0.014
4/24/2019 20:00,0
4/24/2019 21:00,0
4/24/2019 22:00,0
4/24/2019 23:00,0
4/25/2019 0:00,0
4/25/2019 1:00,0
4/25/2019 2:00,0
4/25/2019 3:00,0
4/25/2019 4:00,0
4/25/2019 5:00,0
4/25/2019 6:00,0
4/25/2019 7:00,0.068
4/25/2019 8:00,0.243
4/25/2019 9:00,0.413
4/25/2019 10:00,0.5
4/25/2019 11:00,0.577
4/25/2019 12:00,0.654
4/25/2019 13:00,0.672
4/25/2019 14:00,0.589
4/25/2019 15:00,0.49
4/25/2019 16:00,0.288
4/25/2019 17:00,0.119
4/25/2019 18:00,0.055
4/25/2019 19:00,0.005
4/25/2019 20:00,0
4/25/2019 21:00,0
4/25/2019 22:00,0
4/25/2019 23:00,0
4/26/2019 0:00,0
4/26/2019 1:00,0
4/26/2019 2:00,0
4/26/2019 3:00,0
4/26/2019 4:00,0
4/26/2019 5:00,0
4/26/2019 6:00,0
4/26/2019 7:00,0.037
4/26/2019 8:00,0.176
4/26/2019 9:00,0.318
4/26/2019 10:00,0.425
4/26/2019 11:00,0.348
4/26/2019 12:00,0.387
4/26/2019 13:00,0.36
4/26/2019 14:00,0.467
4/26/2019 15:00,0.487
4/26/2019 16:00,0.368
4/26/2019 17:00,0.26
4/26/2019 18:00,0.125
4/26/2019 19:00,0.018
4/26/2019 20:00,0
4/26/2019 21:00,0
4/26/2019 22:00,0
4/26/2019 23:00,0
4/27/2019 0:00,0
4/27/2019 1:00,0
4/27/2019 2:00,0
4/27/2019 3:00,0
4/27/2019 4:00,0
4/27/2019 5:00,0
4/27/2019 6:00,0
4/27/2019 7:00,0.069
4/27/2019 8:00,0.272
4/27/2019 9:00,0.477
4/27/2019 10:00,0.639
4/27/2019 11:00,0.748
4/27/2019 12:00,0.804
4/27/2019 13:00,0.809
4/27/2019 14:00,0.764
4/27/2019 15:00,0.677
4/27/2019 16:00,0.538
4/27/2019 17:00,0.355
4/27/2019 18:00,0.149
4/27/2019 19:00,0.014
4/27/2019 20:00,0
4/27/2019 21:00,0
4/27/2019 22:00,0
4/27/2019 23:00,0
4/28/2019 0:00,0
4/28/2019 1:00,0
4/28/2019 2:00,0
4/28/2019 3:00,0
4/28/2019 4:00,0
4/28/2019 5:00,0
4/28/2019 6:00,0
4/28/2019 7:00,0.045
4/28/2019 8:00,0.067
4/28/2019 9:00,0.167
4/28/2019 10:00,0.351
4/28/2019 11:00,0.485
4/28/2019 12:00,0.568
4/28/2019 13:00,0.628
4/28/2019 14:00,0.668
4/28/2019 15:00,0.631
4/28/2019 16:00,0.491
4/28/2019 17:00,0.302
4/28/2019 18:00,0.134
4/28/2019 19:00,0.017
4/28/2019 20:00,0
4/28/2019 21:00,0
4/28/2019 22:00,0
4/28/2019 23:00,0
7/1/2019 0:00,0
7/1/2019 1:00,0
7/1/2019 2:00,0
7/1/2019 3:00,0
7/1/2019 4:00,0
7/1/2019 5:00,0
7/1/2019 6:00,0.015
7/1/2019 7:00,0.096
7/1/2019 8:00,0.257
7/1/2019 9:00,0.421
7/1/2019 10:00,0.556
7/1/2019 11:00,0.65
7/1/2019 12:00,0.7
7/1/2019 13:00,0.709
7/1/2019 14:00,0.675
7/1/2019 15:00,0.602
7/1/2019 16:00,0.492
7/1/2019 17:00,0.344
7/1/2019 18:00,0.177
7/1/2019 19:00,0.049
7/1/2019 20:00,0
7/1/2019 21:00,0
7/1/2019 22:00,0
7/1/2019 23:00,0
7/2/2019 0:00,0
7/2/2019 1:00,0
7/2/2019 2:00,0
7/2/2019 3:00,0
7/2/2019 4:00,0
7/2/2019 5:00,0
7/2/2019 6:00,0.015
7/2/2019 7:00,0.096
7/2/2019 8:00,0.257
7/2/2019 9:00,0.416
7/2/2019 10:00,0.544
7/2/2019 11:00,0.632
7/2/2019 12:00,0.679
7/2/2019 13:00,0.686
7/2/2019 14:00,0.653
7/2/2019 15:00,0.581
7/2/2019 16:00,0.472
7/2/2019 17:00,0.33
7/2/2019 18:00,0.172
7/2/2019 19:00,0.05
7/2/2019 20:00,0
7/2/2019 21:00,0
7/2/2019 22:00,0
7/2/2019 23:00,0
7/3/2019 0:00,0
7/3/2019 1:00,0
7/3/2019 2:00,0
7/3/2019 3:00,0
7/3/2019 4:00,0
7/3/2019 5:00,0
7/3/2019 6:00,0.014
7/3/2019 7:00,0.093
7/3/2019 8:00,0.2
7/3/2019 9:00,0.295
7/3/2019 10:00,0.392
7/3/2019 11:00,0.473
7/3/2019 12:00,0.534
7/3/2019 13:00,0.562
7/3/2019 14:00,0.558
7/3/2019 15:00,0.521
7/3/2019 16:00,0.442
7/3/2019 17:00,0.321
7/3/2019 18:00,0.175
7/3/2019 19:00,0.053
7/3/2019 20:00,0
7/3/2019 21:00,0
7/3/2019 22:00,0
7/3/2019 23:00,0
7/4/2019 0:00,0
7/4/2019 1:00,0
7/4/2019 2:00,0
7/4/2019 3:00,0
7/4/2019 4:00,0
7/4/2019 5:00,0
7/4/2019 6:00,0.014
7/4/2019 7:00,0.095
7/4/2019 8:00,0.224
7/4/2019 9:00,0.34
7/4/2019 10:00,0.426
7/4/2019 11:00,0.51
7/4/2019 12:00,0.559
7/4/2019 13:00,0.569
7/4/2019 14:00,0.549
7/4/2019 15:00,0.489
7/4/2019 16:00,0.377
7/4/2019 17:00,0.243
7/4/2019 18:00,0.134
7/4/2019 19:00,0.041
7/4/2019 20:00,0
7/4/2019 21:00,0
7/4/2019 22:00,0
7/4/2019 23:00,0
7/5/2019 0:00,0
7/5/2019 1:00,0
7/5/2019 2:00,0
7/5/2019 3:00,0
7/5/2019 4:00,0
7/5/2019 5:00,0
7/5/2019 6:00,0.008
7/5/2019 7:00,0.074
7/5/2019 8:00,0.175
7/5/2019 9:00,0.271
7/5/2019 10:00,0.382
7/5/2019 11:00,0.496
7/5/2019 12:00,0.555
7/5/2019 13:00,0.579
7/5/2019 14:00,0.553
7/5/2019 15:00,0.479
7/5/2019 16:00,0.365
7/5/2019 17:00,0.252
7/5/2019 18:00,0.143
7/5/2019 19:00,0.046
7/5/2019 20:00,0
7/5/2019 21:00,0
7/5/2019 22:00,0
7/5/2019 23:00,0
7/6/2019 0:00,0
7/6/2019 1:00,0
7/6/2019 2:00,0
7/6/2019 3:00,0
7/6/2019 4:00,0
7/6/2019 5:00,0
7/6/2019 6:00,0.009
7/6/2019 7:00,0.079
7/6/2019 8:00,0.175
7/6/2019 9:00,0.278
7/6/2019 10:00,0.382
7/6/2019 11:00,0.433
7/6/2019 12:00,0.407
7/6/2019 13:00,0.34
7/6/2019 14:00,0.267
7/6/2019 15:00,0.235
7/6/2019 16:00,0.222
7/6/2019 17:00,0.201
7/6/2019 18:00,0.127
7/6/2019 19:00,0.043
7/6/2019 20:00,0
7/6/2019 21:00,0
7/6/2019 22:00,0
7/6/2019 23:00,0
7/7/2019 0:00,0
7/7/2019 1:00,0
7/7/2019 2:00,0
7/7/2019 3:00,0
7/7/2019 4:00,0
7/7/2019 5:00,0
7/7/2019 6:00,0.007
7/7/2019 7:00,0.058
7/7/2019 8:00,0.128
7/7/2019 9:00,0.195
7/7/2019 10:00,0.24
7/7/2019 11:00,0.24
7/7/2019 12:00,0.257
7/7/2019 13:00,0.265
7/7/2019 14:00,0.25
7/7/2019 15:00,0.215
7/7/2019 16:00,0.175
7/7/2019 17:00,0.134
7/7/2019 18:00,0.081
7/7/2019 19:00,0.027
7/7/2019 20:00,0
7/7/2019 21:00,0
7/7/2019 22:00,0
7/7/2019 23:00,0
7/8/2019 0:00,0
7/8/2019 1:00,0
7/8/2019 2:00,0
7/8/2019 3:00,0
7/8/2019 4:00,0
7/8/2019 5:00,0
7/8/2019 6:00,0.009
7/8/2019 7:00,0.081
7/8/2019 8:00,0.192
7/8/2019 9:00,0.306
7/8/2019 10:00,0.437
7/8/2019 11:00,0.555
7/8/2019 12:00,0.599
7/8/2019 13:00,0.59
7/8/2019 14:00,0.537
7/8/2019 15:00,0.446
7/8/2019 16:00,0.348
7/8/2019 17:00,0.255
7/8/2019 18:00,0.148
7/8/2019 19:00,0.04
7/8/2019 20:00,0
7/8/2019 21:00,0
7/8/2019 22:00,0
7/8/2019 23:00,0
7/9/2019 0:00,0
7/9/2019 1:00,0
7/9/2019 2:00,0
7/9/2019 3:00,0
7/9/2019 4:00,0
7/9/2019 5:00,0
7/9/2019 6:00,0.014
7/9/2019 7:00,0.097
7/9/2019 8:00,0.219
7/9/2019 9:00,0.329
7/9/2019 10:00,0.435
7/9/2019 11:00,0.521
7/9/2019 12:00,0.596
7/9/2019 13:00,0.641
7/9/2019 14:00,0.625
7/9/2019 15:00,0.583
7/9/2019 16:00,0.452
7/9/2019 17:00,0.309
7/9/2019 18:00,0.168
7/9/2019 19:00,0.05
7/9/2019 20:00,0
7/9/2019 21:00,0
7/9/2019 22:00,0
7/9/2019 23:00,0
7/10/2019 0:00,0
7/10/2019 1:00,0
7/10/2019 2:00,0
7/10/2019 3:00,0
7/10/2019 4:00,0
7/10/2019 5:00,0
7/10/2019 6:00,0.013
7/10/2019 7:00,0.094
7/10/2019 8:00,0.253
7/10/2019 9:00,0.413
7/10/2019 10:00,0.545
7/10/2019 11:00,0.63
7/10/2019 12:00,0.674
7/10/2019 13:00,0.679
7/10/2019 14:00,0.651
7/10/2019 15:00,0.574
7/10/2019 16:00,0.466
7/10/2019 17:00,0.297
7/10/2019 18:00,0.157
7/10/2019 19:00,0.048
7/10/2019 20:00,0
7/10/2019 21:00,0
7/10/2019 22:00,0
7/10/2019 23:00,0
7/11/2019 0:00,0
7/11/2019 1:00,0
7/11/2019 2:00,0
7/11/2019 3:00,0
7/11/2019 4:00,0
7/11/2019 5:00,0
7/11/2019 6:00,0.013
7/11/2019 7:00,0.096
7/11/2019 8:00,0.247
7/11/2019 9:00,0.394
7/11/2019 10:00,0.513
7/11/2019 11:00,0.592
7/11/2019 12:00,0.632
7/11/2019 13:00,0.643
7/11/2019 14:00,0.609
7/11/2019 15:00,0.529
7/11/2019 16:00,0.41
7/11/2019 17:00,0.258
7/11/2019 18:00,0.132
7/11/2019 19:00,0.034
7/11/2019 20:00,0
7/11/2019 21:00,0
7/11/2019 22:00,0
7/11/2019 23:00,0
7/12/2019 0:00,0
7/12/2019 1:00,0
7/12/2019 2:00,0
7/12/2019 3:00,0
7/12/2019 4:00,0
7/12/2019 5:00,0
7/12/2019 6:00,0.002
7/12/2019 7:00,0.035
7/12/2019 8:00,0.107
7/12/2019 9:00,0.195
7/12/2019 10:00,0.249
7/12/2019 11:00,0.281
7/12/2019 12:00,0.309
7/12/2019 13:00,0.324
7/12/2019 14:00,0.316
7/12/2019 15:00,0.284
7/12/2019 16:00,0.233
7/12/2019 17:00,0.174
7/12/2019 18:00,0.104
7/12/2019 19:00,0.032
7/12/2019 20:00,0
7/12/2019 21:00,0
7/12/2019 22:00,0
7/12/2019 23:00,0
7/13/2019 0:00,0
7/13/2019 1:00,0
7/13/2019 2:00,0
7/13/2019 3:00,0
7/13/2019 4:00,0
7/13/2019 5:00,0
7/13/2019 6:00,0.013
7/13/2019 7:00,0.095
7/13/2019 8:00,0.232
7/13/2019 9:00,0.329
7/13/2019 10:00,0.415
7/13/2019 11:00,0.525
7/13/2019 12:00,0.608
7/13/2019 13:00,0.64
7/13/2019 14:00,0.614
7/13/2019 15:00,0.56
7/13/2019 16:00,0.463
7/13/2019 17:00,0.316
7/13/2019 18:00,0.144
7/13/2019 19:00,0.035
7/13/2019 20:00,0
7/13/2019 21:00,0
7/13/2019 22:00,0
7/13/2019 23:00,0
7/14/2019 0:00,0
7/14/2019 1:00,0
7/14/2019 2:00,0
7/14/2019 3:00,0
7/14/2019 4:00,0
7/14/2019 5:00,0
7/14/2019 6:00,0.01
7/14/2019 7:00,0.088
7/14/2019 8:00,0.234
7/14/2019 9:00,0.392
7/14/2019 10:00,0.525
7/14/2019 11:00,0.621
7/14/2019 12:00,0.681
7/14/2019 13:00,0.693
7/14/2019 14:00,0.659
7/14/2019 15:00,0.587
7/14/2019 16:00,0.475
7/14/2019 17:00,0.329
7/14/2019 18:00,0.171
7/14/2019 19:00,0.046
7/14/2019 20:00,0
7/14/2019 21:00,0
7/14/2019 22:00,0
7/14/2019 23:00,0
7/15/2019 0:00,0
7/15/2019 1:00,0
7/15/2019 2:00,0
7/15/2019 3:00,0
7/15/2019 4:00,0
7/15/2019 5:00,0
7/15/2019 6:00,0.013
7/15/2019 7:00,0.096
7/15/2019 8:00,0.241
7/15/2019 9:00,0.365
7/15/2019 10:00,0.449
7/15/2019 11:00,0.5
7/15/2019 12:00,0.503
7/15/2019 13:00,0.494
7/15/2019 14:00,0.469
7/15/2019 15:00,0.419
7/15/2019 16:00,0.351
7/15/2019 17:00,0.269
7/15/2019 18:00,0.155
7/15/2019 19:00,0.047
7/15/2019 20:00,0
7/15/2019 21:00,0
7/15/2019 22:00,0
7/15/2019 23:00,0
7/16/2019 0:00,0
7/16/2019 1:00,0
7/16/2019 2:00,0
7/16/2019 3:00,0
7/16/2019 4:00,0
7/16/2019 5:00,0
7/16/2019 6:00,0.008
7/16/2019 7:00,0.074
7/16/2019 8:00,0.181
7/16/2019 9:00,0.287
7/16/2019 10:00,0.402
7/16/2019 11:00,0.53
7/16/2019 12:00,0.615
7/16/2019 13:00,0.647
7/16/2019 14:00,0.611
7/16/2019 15:00,0.528
7/16/2019 16:00,0.396
7/16/2019 17:00,0.256
7/16/2019 18:00,0.134
7/16/2019 19:00,0.037
7/16/2019 20:00,0
7/16/2019 21:00,0
7/16/2019 22:00,0
7/16/2019 23:00,0
7/17/2019 0:00,0
7/17/2019 1:00,0
7/17/2019 2:00,0
7/17/2019 3:00,0
7/17/2019 4:00,0
7/17/2019 5:00,0
7/17/2019 6:00,0.006
7/17/2019 7:00,0.067
7/17/2019 8:00,0.178
7/17/2019 9:00,0.314
7/17/2019 10:00,0.43
7/17/2019 11:00,0.544
7/17/2019 12:00,0.612
7/17/2019 13:00,0.652
7/17/2019 14:00,0.633
7/17/2019 15:00,0.568
7/17/2019 16:00,0.456
7/17/2019 17:00,0.288
7/17/2019 18:00,0.15
7/17/2019 19:00,0.041
7/17/2019 20:00,0
7/17/2019 21:00,0
7/17/2019 22:00,0
7/17/2019 23:00,0
7/18/2019 0:00,0
7/18/2019 1:00,0
7/18/2019 2:00,0
7/18/2019 3:00,0
7/18/2019 4:00,0
7/18/2019 5:00,0
7/18/2019 6:00,0.009
7/18/2019 7:00,0.081
7/18/2019 8:00,0.18
7/18/2019 9:00,0.289
7/18/2019 10:00,0.386
7/18/2019 11:00,0.48
7/18/2019 12:00,0.568
7/18/2019 13:00,0.602
7/18/2019 14:00,0.576
7/18/2019 15:00,0.46
7/18/2019 16:00,0.341
7/18/2019 17:00,0.232
7/18/2019 18:00,0.131
7/18/2019 19:00,0.038
7/18/2019 20:00,0
7/18/2019 21:00,0
7/18/2019 22:00,0
7/18/2019 23:00,0
7/19/2019 0:00,0
7/19/2019 1:00,0
7/19/2019 2:00,0
7/19/2019 3:00,0
7/19/2019 4:00,0
7/19/2019 5:00,0
7/19/2019 6:00,0.01
7/19/2019 7:00,0.092
7/19/2019 8:00,0.245
7/19/2019 9:00,0.393
7/19/2019 10:00,0.503
7/19/2019 11:00,0.56
7/19/2019 12:00,0.573
7/19/2019 13:00,0.568
7/19/2019 14:00,0.522
7/19/2019 15:00,0.493
7/19/2019 16:00,0.407
7/19/2019 17:00,0.285
7/19/2019 18:00,0.157
7/19/2019 19:00,0.044
7/19/2019 20:00,0
7/19/2019 21:00,0
7/19/2019 22:00,0
7/19/2019 23:00,0
7/20/2019 0:00,0
7/20/2019 1:00,0
7/20/2019 2:00,0
7/20/2019 3:00,0
7/20/2019 4:00,0
7/20/2019 5:00,0
7/20/2019 6:00,0.01
7/20/2019 7:00,0.09
7/20/2019 8:00,0.247
7/20/2019 9:00,0.395
7/20/2019 10:00,0.506
7/20/2019 11:00,0.574
7/20/2019 12:00,0.603
7/20/2019 13:00,0.6
7/20/2019 14:00,0.554
7/20/2019 15:00,0.488
7/20/2019 16:00,0.39
7/20/2019 17:00,0.275
7/20/2019 18:00,0.148
7/20/2019 19:00,0.041
7/20/2019 20:00,0
7/20/2019 21:00,0
7/20/2019 22:00,0
7/20/2019 23:00,0
7/21/2019 0:00,0
7/21/2019 1:00,0
7/21/2019 2:00,0
7/21/2019 3:00,0
7/21/2019 4:00,0
7/21/2019 5:00,0
7/21/2019 6:00,0.006
7/21/2019 7:00,0.077
7/21/2019 8:00,0.208
7/21/2019 9:00,0.372
7/21/2019 10:00,0.491
7/21/2019 11:00,0.56
7/21/2019 12:00,0.562
7/21/2019 13:00,0.533
7/21/2019 14:00,0.483
7/21/2019 15:00,0.409
7/21/2019 16:00,0.335
7/21/2019 17:00,0.248
7/21/2019 18:00,0.145
7/21/2019 19:00,0.042
7/21/2019 20:00,0
7/21/2019 21:00,0
7/21/2019 22:00,0
7/21/2019 23:00,0
7/22/2019 0:00,0
7/22/2019 1:00,0
7/22/2019 2:00,0
7/22/2019 3:00,0
7/22/2019 4:00,0
7/22/2019 5:00,0
7/22/2019 6:00,0.009
7/22/2019 7:00,0.091
7/22/2019 8:00,0.244
7/22/2019 9:00,0.383
7/22/2019 10:00,0.502
7/22/2019 11:00,0.596
7/22/2019 12:00,0.642
7/22/2019 13:00,0.652
7/22/2019 14:00,0.62
7/22/2019 15:00,0.529
7/22/2019 16:00,0.35
7/22/2019 17:00,0.178
7/22/2019 18:00,0.077
7/22/2019 19:00,0.017
7/22/2019 20:00,0
7/22/2019 21:00,0
7/22/2019 22:00,0
7/22/2019 23:00,0
7/23/2019 0:00,0
7/23/2019 1:00,0
7/23/2019 2:00,0
7/23/2019 3:00,0
7/23/2019 4:00,0
7/23/2019 5:00,0
7/23/2019 6:00,0.005
7/23/2019 7:00,0.072
7/23/2019 8:00,0.173
7/23/2019 9:00,0.256
7/23/2019 10:00,0.353
7/23/2019 11:00,0.456
7/23/2019 12:00,0.521
7/23/2019 13:00,0.51
7/23/2019 14:00,0.44
7/23/2019 15:00,0.273
7/23/2019 16:00,0.156
7/23/2019 17:00,0.098
7/23/2019 18:00,0.046
7/23/2019 19:00,0.012
7/23/2019 20:00,0
7/23/2019 21:00,0
7/23/2019 22:00,0
7/23/2019 23:00,0
7/24/2019 0:00,0
7/24/2019 1:00,0
7/24/2019 2:00,0
7/24/2019 3:00,0
7/24/2019 4:00,0
7/24/2019 5:00,0
7/24/2019 6:00,0.006
7/24/2019 7:00,0.08
7/24/2019 8:00,0.232
7/24/2019 9:00,0.37
7/24/2019 10:00,0.472
7/24/2019 11:00,0.583
7/24/2019 12:00,0.642
7/24/2019 13:00,0.652
7/24/2019 14:00,0.658
7/24/2019 15:00,0.614
7/24/2019 16:00,0.499
7/24/2019 17:00,0.344
7/24/2019 18:00,0.174
7/24/2019 19:00,0.042
7/24/2019 20:00,0
7/24/2019 21:00,0
7/24/2019 22:00,0
7/24/2019 23:00,0
7/25/2019 0:00,0
7/25/2019 1:00,0
7/25/2019 2:00,0
7/25/2019 3:00,0
7/25/2019 4:00,0
7/25/2019 5:00,0
7/25/2019 6:00,0.008
7/25/2019 7:00,0.084
7/25/2019 8:00,0.255
7/25/2019 9:00,0.427
7/25/2019 10:00,0.567
7/25/2019 11:00,0.661
7/25/2019 12:00,0.712
7/25/2019 13:00,0.717
7/25/2019 14:00,0.677
7/25/2019 15:00,0.601
7/25/2019 16:00,0.487
7/25/2019 17:00,0.335
7/25/2019 18:00,0.167
7/25/2019 19:00,0.04
7/25/2019 20:00,0
7/25/2019 21:00,0
7/25/2019 22:00,0
7/25/2019 23:00,0
7/26/2019 0:00,0
7/26/2019 1:00,0
7/26/2019 2:00,0
7/26/2019 3:00,0
7/26/2019 4:00,0
7/26/2019 5:00,0
7/26/2019 6:00,0.006
7/26/2019 7:00,0.079
7/26/2019 8:00,0.202
7/26/2019 9:00,0.337
7/26/2019 10:00,0.457
7/26/2019 11:00,0.529
7/26/2019 12:00,0.576
7/26/2019 13:00,0.591
7/26/2019 14:00,0.57
7/26/2019 15:00,0.496
7/26/2019 16:00,0.392
7/26/2019 17:00,0.263
7/26/2019 18:00,0.14
7/26/2019 19:00,0.036
7/26/2019 20:00,0
7/26/2019 21:00,0
7/26/2019 22:00,0
7/26/2019 23:00,0
7/27/2019 0:00,0
7/27/2019 1:00,0
7/27/2019 2:00,0
7/27/2019 3:00,0
7/27/2019 4:00,0
7/27/2019 5:00,0
7/27/2019 6:00,0.007
7/27/2019 7:00,0.085
7/27/2019 8:00,0.234
7/27/2019 9:00,0.401
7/27/2019 10:00,0.54
7/27/2019 11:00,0.646
7/27/2019 12:00,0.696
7/27/2019 13:00,0.7
7/27/2019 14:00,0.655
7/27/2019 15:00,0.562
7/27/2019 16:00,0.453
7/27/2019 17:00,0.308
7/27/2019 18:00,0.162
7/27/2019 19:00,0.038
7/27/2019 20:00,0
7/27/2019 21:00,0
7/27/2019 22:00,0
7/27/2019 23:00,0
7/28/2019 0:00,0
7/28/2019 1:00,0
7/28/2019 2:00,0
7/28/2019 3:00,0
7/28/2019 4:00,0
7/28/2019 5:00,0
7/28/2019 6:00,0.007
7/28/2019 7:00,0.083
7/28/2019 8:00,0.25
7/28/2019 9:00,0.421
7/28/2019 10:00,0.558
7/28/2019 11:00,0.65
7/28/2019 12:00,0.7
7/28/2019 13:00,0.708
7/28/2019 14:00,0.672
7/28/2019 15:00,0.594
7/28/2019 16:00,0.477
7/28/2019 17:00,0.323
7/28/2019 18:00,0.158
7/28/2019 19:00,0.036
7/28/2019 20:00,0
7/28/2019 21:00,0
7/28/2019 22:00,0
7/28/2019 23:00,0
10/1/2019 0:00,0
10/1/2019 1:00,0
10/1/2019 2:00,0
10/1/2019 3:00,0
10/1/2019 4:00,0
10/1/2019 5:00,0
10/1/2019 6:00,0
10/1/2019 7:00,0.009
10/1/2019 8:00,0.164
10/1/2019 9:00,0.373
10/1/2019 10:00,0.536
10/1/2019 11:00,0.647
10/1/2019 12:00,0.703
10/1/2019 13:00,0.711
10/1/2019 14:00,0.668
10/1/2019 15:00,0.569
10/1/2019 16:00,0.43
10/1/2019 17:00,0.26
10/1/2019 18:00,0.068
10/1/2019 19:00,0
10/1/2019 20:00,0
10/1/2019 21:00,0
10/1/2019 22:00,0
10/1/2019 23:00,0
10/2/2019 0:00,0
10/2/2019 1:00,0
10/2/2019 2:00,0
10/2/2019 3:00,0
10/2/2019 4:00,0
10/2/2019 5:00,0
10/2/2019 6:00,0
10/2/2019 7:00,0.007
10/2/2019 8:00,0.147
10/2/2019 9:00,0.365
10/2/2019 10:00,0.526
10/2/2019 11:00,0.625
10/2/2019 12:00,0.679
10/2/2019 13:00,0.69
10/2/2019 14:00,0.642
10/2/2019 15:00,0.56
10/2/2019 16:00,0.426
10/2/2019 17:00,0.25
10/2/2019 18:00,0.065
10/2/2019 19:00,0
10/2/2019 20:00,0
10/2/2019 21:00,0
10/2/2019 22:00,0
10/2/2019 23:00,0
10/3/2019 0:00,0
10/3/2019 1:00,0
10/3/2019 2:00,0
10/3/2019 3:00,0
10/3/2019 4:00,0
10/3/2019 5:00,0
10/3/2019 6:00,0
10/3/2019 7:00,0.008
10/3/2019 8:00,0.167
10/3/2019 9:00,0.375
10/3/2019 10:00,0.537
10/3/2019 11:00,0.647
10/3/2019 12:00,0.699
10/3/2019 13:00,0.701
10/3/2019 14:00,0.664
10/3/2019 15:00,0.573
10/3/2019 16:00,0.435
10/3/2019 17:00,0.247
10/3/2019 18:00,0.056
10/3/2019 19:00,0
10/3/2019 20:00,0
10/3/2019 21:00,0
10/3/2019 22:00,0
10/3/2019 23:00,0
10/4/2019 0:00,0
10/4/2019 1:00,0
10/4/2019 2:00,0
10/4/2019 3:00,0
10/4/2019 4:00,0
10/4/2019 5:00,0
10/4/2019 6:00,0
10/4/2019 7:00,0.008
10/4/2019 8:00,0.172
10/4/2019 9:00,0.379
10/4/2019 10:00,0.541
10/4/2019 11:00,0.644
10/4/2019 12:00,0.7
10/4/2019 13:00,0.708
10/4/2019 14:00,0.657
10/4/2019 15:00,0.522
10/4/2019 16:00,0.299
10/4/2019 17:00,0.161
10/4/2019 18:00,0.028
10/4/2019 19:00,0
10/4/2019 20:00,0
10/4/2019 21:00,0
10/4/2019 22:00,0
10/4/2019 23:00,0
10/5/2019 0:00,0
10/5/2019 1:00,0
10/5/2019 2:00,0
10/5/2019 3:00,0
10/5/2019 4:00,0
10/5/2019 5:00,0
10/5/2019 6:00,0
10/5/2019 7:00,0.003
10/5/2019 8:00,0.08
10/5/2019 9:00,0.188
10/5/2019 10:00,0.284
10/5/2019 11:00,0.335
10/5/2019 12:00,0.374
10/5/2019 13:00,0.28
10/5/2019 14:00,0.226
10/5/2019 15:00,0.186
10/5/2019 16:00,0.135
10/5/2019 17:00,0.075
10/5/2019 18:00,0.013
10/5/2019 19:00,0
10/5/2019 20:00,0
10/5/2019 21:00,0
10/5/2019 22:00,0
10/5/2019 23:00,0
10/6/2019 0:00,0
10/6/2019 1:00,0
10/6/2019 2:00,0
10/6/2019 3:00,0
10/6/2019 4:00,0
10/6/2019 5:00,0
10/6/2019 6:00,0
10/6/2019 7:00,0.004
10/6/2019 8:00,0.135
10/6/2019 9:00,0.326
10/6/2019 10:00,0.471
10/6/2019 11:00,0.577
10/6/2019 12:00,0.659
10/6/2019 13:00,0.645
10/6/2019 14:00,0.506
10/6/2019 15:00,0.352
10/6/2019 16:00,0.227
10/6/2019 17:00,0.131
10/6/2019 18:00,0.032
10/6/2019 19:00,0
10/6/2019 20:00,0
10/6/2019 21:00,0
10/6/2019 22:00,0
10/6/2019 23:00,0
10/7/2019 0:00,0
10/7/2019 1:00,0
10/7/2019 2:00,0
10/7/2019 3:00,0
10/7/2019 4:00,0
10/7/2019 5:00,0
10/7/2019 6:00,0
10/7/2019 7:00,0.003
10/7/2019 8:00,0.118
10/7/2019 9:00,0.303
10/7/2019 10:00,0.473
10/7/2019 11:00,0.581
10/7/2019 12:00,0.616
10/7/2019 13:00,0.635
10/7/2019 14:00,0.537
10/7/2019 15:00,0.406
10/7/2019 16:00,0.242
10/7/2019 17:00,0.112
10/7/2019 18:00,0.02
10/7/2019 19:00,0
10/7/2019 20:00,0
10/7/2019 21:00,0
10/7/2019 22:00,0
10/7/2019 23:00,0
10/8/2019 0:00,0
10/8/2019 1:00,0
10/8/2019 2:00,0
10/8/2019 3:00,0
10/8/2019 4:00,0
10/8/2019 5:00,0
10/8/2019 6:00,0
10/8/2019 7:00,0
10/8/2019 8:00,0.046
10/8/2019 9:00,0.152
10/8/2019 10:00,0.266
10/8/2019 11:00,0.335
10/8/2019 12:00,0.402
10/8/2019 13:00,0.454
10/8/2019 14:00,0.437
10/8/2019 15:00,0.384
10/8/2019 16:00,0.303
10/8/2019 17:00,0.164
10/8/2019 18:00,0.03
10/8/2019 19:00,0
10/8/2019 20:00,0
10/8/2019 21:00,0
10/8/2019 22:00,0
10/8/2019 23:00,0
10/9/2019 0:00,0
10/9/2019 1:00,0
10/9/2019 2:00,0
10/9/2019 3:00,0
10/9/2019 4:00,0
10/9/2019 5:00,0
10/9/2019 6:00,0
10/9/2019 7:00,0.004
10/9/2019 8:00,0.153
10/9/2019 9:00,0.358
10/9/2019 10:00,0.556
10/9/2019 11:00,0.686
10/9/2019 12:00,0.743
10/9/2019 13:00,0.748
10/9/2019 14:00,0.705
10/9/2019 15:00,0.613
10/9/2019 16:00,0.468
10/9/2019 17:00,0.27
10/9/2019 18:00,0.057
10/9/2019 19:00,0
10/9/2019 20:00,0
10/9/2019 21:00,0
10/9/2019 22:00,0
10/9/2019 23:00,0
10/10/2019 0:00,0
10/10/2019 1:00,0
10/10/2019 2:00,0
10/10/2019 3:00,0
10/10/2019 4:00,0
10/10/2019 5:00,0
10/10/2019 6:00,0
10/10/2019 7:00,0.004
10/10/2019 8:00,0.175
10/10/2019 9:00,0.411
10/10/2019 10:00,0.593
10/10/2019 11:00,0.712
10/10/2019 12:00,0.772
10/10/2019 13:00,0.778
10/10/2019 14:00,0.734
10/10/2019 15:00,0.637
10/10/2019 16:00,0.475
10/10/2019 17:00,0.249
10/10/2019 18:00,0.044
10/10/2019 19:00,0
10/10/2019 20:00,0
10/10/2019 21:00,0
10/10/2019 22:00,0
10/10/2019 23:00,0
10/11/2019 0:00,0
10/11/2019 1:00,0
10/11/2019 2:00,0
10/11/2019 3:00,0
10/11/2019 4:00,0
10/11/2019 5:00,0
10/11/2019 6:00,0
10/11/2019 7:00,0.004
10/11/2019 8:00,0.181
10/11/2019 9:00,0.413
10/11/2019 10:00,0.588
10/11/2019 11:00,0.702
10/11/2019 12:00,0.761
10/11/2019 13:00,0.768
10/11/2019 14:00,0.727
10/11/2019 15:00,0.633
10/11/2019 16:00,0.487
10/11/2019 17:00,0.29
10/11/2019 18:00,0.059
10/11/2019 19:00,0
10/11/2019 20:00,0
10/11/2019 21:00,0
10/11/2019 22:00,0
10/11/2019 23:00,0
10/12/2019 0:00,0
10/12/2019 1:00,0
10/12/2019 2:00,0
10/12/2019 3:00,0
10/12/2019 4:00,0
10/12/2019 5:00,0
10/12/2019 6:00,0
10/12/2019 7:00,0.001
10/12/2019 8:00,0.087
10/12/2019 9:00,0.326
10/12/2019 10:00,0.547
10/12/2019 11:00,0.659
10/12/2019 12:00,0.714
10/12/2019 13:00,0.694
10/12/2019 14:00,0.607
10/12/2019 15:00,0.436
10/12/2019 16:00,0.239
10/12/2019 17:00,0.115
10/12/2019 18:00,0.018
10/12/2019 19:00,0
10/12/2019 20:00,0
10/12/2019 21:00,0
10/12/2019 22:00,0
10/12/2019 23:00,0
10/13/2019 0:00,0
10/13/2019 1:00,0
10/13/2019 2:00,0
10/13/2019 3:00,0
10/13/2019 4:00,0
10/13/2019 5:00,0
10/13/2019 6:00,0
10/13/2019 7:00,0
10/13/2019 8:00,0.079
10/13/2019 9:00,0.315
10/13/2019 10:00,0.524
10/13/2019 11:00,0.635
10/13/2019 12:00,0.689
10/13/2019 13:00,0.661
10/13/2019 14:00,0.404
10/13/2019 15:00,0.139
10/13/2019 16:00,0.062
10/13/2019 17:00,0.019
10/13/2019 18:00,0.001
10/13/2019 19:00,0
10/13/2019 20:00,0
10/13/2019 21:00,0
10/13/2019 22:00,0
10/13/2019 23:00,0
10/14/2019 0:00,0
10/14/2019 1:00,0
10/14/2019 2:00,0
10/14/2019 3:00,0
10/14/2019 4:00,0
10/14/2019 5:00,0
10/14/2019 6:00,0
10/14/2019 7:00,0.001
10/14/2019 8:00,0.166
10/14/2019 9:00,0.41
10/14/2019 10:00,0.593
10/14/2019 11:00,0.709
10/14/2019 12:00,0.77
10/14/2019 13:00,0.781
10/14/2019 14:00,0.743
10/14/2019 15:00,0.655
10/14/2019 16:00,0.514
10/14/2019 17:00,0.316
10/14/2019 18:00,0.06
10/14/2019 19:00,0
10/14/2019 20:00,0
10/14/2019 21:00,0
10/14/2019 22:00,0
10/14/2019 23:00,0
10/15/2019 0:00,0
10/15/2019 1:00,0
10/15/2019 2:00,0
10/15/2019 3:00,0
10/15/2019 4:00,0
10/15/2019 5:00,0
10/15/2019 6:00,0
10/15/2019 7:00,0
10/15/2019 8:00,0.164
10/15/2019 9:00,0.421
10/15/2019 10:00,0.596
10/15/2019 11:00,0.706
10/15/2019 12:00,0.75
10/15/2019 13:00,0.743
10/15/2019 14:00,0.732
10/15/2019 15:00,0.634
10/15/2019 16:00,0.273
10/15/2019 17:00,0.084
10/15/2019 18:00,0.006
10/15/2019 19:00,0
10/15/2019 20:00,0
10/15/2019 21:00,0
10/15/2019 22:00,0
10/15/2019 23:00,0
10/16/2019 0:00,0
10/16/2019 1:00,0
10/16/2019 2:00,0
10/16/2019 3:00,0
10/16/2019 4:00,0
10/16/2019 5:00,0
10/16/2019 6:00,0
10/16/2019 7:00,0
10/16/2019 8:00,0.005
10/16/2019 9:00,0.028
10/16/2019 10:00,0.07
10/16/2019 11:00,0.113
10/16/2019 12:00,0.149
10/16/2019 13:00,0.141
10/16/2019 14:00,0.228
10/16/2019 15:00,0.314
10/16/2019 16:00,0.263
10/16/2019 17:00,0.168
10/16/2019 18:00,0.036
10/16/2019 19:00,0
10/16/2019 20:00,0
10/16/2019 21:00,0
10/16/2019 22:00,0
10/16/2019 23:00,0
10/17/2019 0:00,0
10/17/2019 1:00,0
10/17/2019 2:00,0
10/17/2019 3:00,0
10/17/2019 4:00,0
10/17/2019 5:00,0
10/17/2019 6:00,0
10/17/2019 7:00,0.001
10/17/2019 8:00,0.17
10/17/2019 9:00,0.419
10/17/2019 10:00,0.616
10/17/2019 11:00,0.735
10/17/2019 12:00,0.801
10/17/2019 13:00,0.811
10/17/2019 14:00,0.768
10/17/2019 15:00,0.669
10/17/2019 16:00,0.516
10/17/2019 17:00,0.308
10/17/2019 18:00,0.048
10/17/2019 19:00,0
10/17/2019 20:00,0
10/17/2019 21:00,0
10/17/2019 22:00,0
10/17/2019 23:00,0
10/18/2019 0:00,0
10/18/2019 1:00,0
10/18/2019 2:00,0
10/18/2019 3:00,0
10/18/2019 4:00,0
10/18/2019 5:00,0
10/18/2019 6:00,0
10/18/2019 7:00,0
10/18/2019 8:00,0.174
10/18/2019 9:00,0.428
10/18/2019 10:00,0.617
10/18/2019 11:00,0.742
10/18/2019 12:00,0.805
10/18/2019 13:00,0.813
10/18/2019 14:00,0.77
10/18/2019 15:00,0.676
10/18/2019 16:00,0.527
10/18/2019 17:00,0.322
10/18/2019 18:00,0.05
10/18/2019 19:00,0
10/18/2019 20:00,0
10/18/2019 21:00,0
10/18/2019 22:00,0
10/18/2019 23:00,0
10/19/2019 0:00,0
10/19/2019 1:00,0
10/19/2019 2:00,0
10/19/2019 3:00,0
10/19/2019 4:00,0
10/19/2019 5:00,0
10/19/2019 6:00,0
10/19/2019 7:00,0
10/19/2019 8:00,0.065
10/19/2019 9:00,0.155
10/19/2019 10:00,0.251
10/19/2019 11:00,0.421
10/19/2019 12:00,0.547
10/19/2019 13:00,0.41
10/19/2019 14:00,0.271
10/19/2019 15:00,0.202
10/19/2019 16:00,0.115
10/19/2019 17:00,0.04
10/19/2019 18:00,0.005
10/19/2019 19:00,0
10/19/2019 20:00,0
10/19/2019 21:00,0
10/19/2019 22:00,0
10/19/2019 23:00,0
10/20/2019 0:00,0
10/20/2019 1:00,0
10/20/2019 2:00,0
10/20/2019 3:00,0
10/20/2019 4:00,0
10/20/2019 5:00,0
10/20/2019 6:00,0
10/20/2019 7:00,0
10/20/2019 8:00,0.018
10/20/2019 9:00,0.127
10/20/2019 10:00,0.27
10/20/2019 11:00,0.387
10/20/2019 12:00,0.472
10/20/2019 13:00,0.53
10/20/2019 14:00,0.543
10/20/2019 15:00,0.441
10/20/2019 16:00,0.326
10/20/2019 17:00,0.173
10/20/2019 18:00,0.021
10/20/2019 19:00,0
10/20/2019 20:00,0
10/20/2019 21:00,0
10/20/2019 22:00,0
10/20/2019 23:00,0
10/21/2019 0:00,0
10/21/2019 1:00,0
10/21/2019 2:00,0
10/21/2019 3:00,0
10/21/2019 4:00,0
10/21/2019 5:00,0
10/21/2019 6:00,0
10/21/2019 7:00,0
10/21/2019 8:00,0.07
10/21/2019 9:00,0.237
10/21/2019 10:00,0.441
10/21/2019 11:00,0.56
10/21/2019 12:00,0.599
10/21/2019 13:00,0.564
10/21/2019 14:00,0.485
10/21/2019 15:00,0.394
10/21/2019 16:00,0.351
10/21/2019 17:00,0.147
10/21/2019 18:00,0.012
10/21/2019 19:00,0
10/21/2019 20:00,0
10/21/2019 21:00,0
10/21/2019 22:00,0
10/21/2019 23:00,0
10/22/2019 0:00,0
10/22/2019 1:00,0
10/22/2019 2:00,0
10/22/2019 3:00,0
10/22/2019 4:00,0
10/22/2019 5:00,0
10/22/2019 6:00,0
10/22/2019 7:00,0
10/22/2019 8:00,0.071
10/22/2019 9:00,0.202
10/22/2019 10:00,0.246
10/22/2019 11:00,0.306
10/22/2019 12:00,0.398
10/22/2019 13:00,0.428
10/22/2019 14:00,0.436
10/22/2019 15:00,0.363
10/22/2019 16:00,0.305
10/22/2019 17:00,0.183
10/22/2019 18:00,0.018
10/22/2019 19:00,0
10/22/2019 20:00,0
10/22/2019 21:00,0
10/22/2019 22:00,0
10/22/2019 23:00,0
10/23/2019 0:00,0
10/23/2019 1:00,0
10/23/2019 2:00,0
10/23/2019 3:00,0
10/23/2019 4:00,0
10/23/2019 5:00,0
10/23/2019 6:00,0
10/23/2019 7:00,0
10/23/2019 8:00,0.153
10/23/2019 9:00,0.408
10/23/2019 10:00,0.593
10/23/2019 11:00,0.72
10/23/2019 12:00,0.786
10/23/2019 13:00,0.799
10/23/2019 14:00,0.759
10/23/2019 15:00,0.667
10/23/2019 16:00,0.518
10/23/2019 17:00,0.313
10/23/2019 18:00,0.036
10/23/2019 19:00,0
10/23/2019 20:00,0
10/23/2019 21:00,0
10/23/2019 22:00,0
10/23/2019 23:00,0
10/24/2019 0:00,0
10/24/2019 1:00,0
10/24/2019 2:00,0
10/24/2019 3:00,0
10/24/2019 4:00,0
10/24/2019 5:00,0
10/24/2019 6:00,0
10/24/2019 7:00,0
10/24/2019 8:00,0.16
10/24/2019 9:00,0.42
10/24/2019 10:00,0.606
10/24/2019 11:00,0.72
10/24/2019 12:00,0.781
10/24/2019 13:00,0.79
10/24/2019 14:00,0.747
10/24/2019 15:00,0.653
10/24/2019 16:00,0.503
10/24/2019 17:00,0.296
10/24/2019 18:00,0.029
10/24/2019 19:00,0
10/24/2019 20:00,0
10/24/2019 21:00,0
10/24/2019 22:00,0
10/24/2019 23:00,0
10/25/2019 0:00,0
10/25/2019 1:00,0
10/25/2019 2:00,0
10/25/2019 3:00,0
10/25/2019 4:00,0
10/25/2019 5:00,0
10/25/2019 6:00,0
10/25/2019 7:00,0
10/25/2019 8:00,0.066
10/25/2019 9:00,0.192
10/25/2019 10:00,0.267
10/25/2019 11:00,0.323
10/25/2019 12:00,0.361
10/25/2019 13:00,0.362
10/25/2019 14:00,0.32
10/25/2019 15:00,0.249
10/25/2019 16:00,0.163
10/25/2019 17:00,0.072
10/25/2019 18:00,0.006
10/25/2019 19:00,0
10/25/2019 20:00,0
10/25/2019 21:00,0
10/25/2019 22:00,0
10/25/2019 23:00,0
10/26/2019 0:00,0
10/26/2019 1:00,0
10/26/2019 2:00,0
10/26/2019 3:00,0
10/26/2019 4:00,0
10/26/2019 5:00,0
10/26/2019 6:00,0
10/26/2019 7:00,0
10/26/2019 8:00,0.093
10/26/2019 9:00,0.331
10/26/2019 10:00,0.529
10/26/2019 11:00,0.655
10/26/2019 12:00,0.716
10/26/2019 13:00,0.724
10/26/2019 14:00,0.692
10/26/2019 15:00,0.597
10/26/2019 16:00,0.378
10/26/2019 17:00,0.134
10/26/2019 18:00,0.006
10/26/2019 19:00,0
10/26/2019 20:00,0
10/26/2019 21:00,0
10/26/2019 22:00,0
10/26/2019 23:00,0
10/27/2019 0:00,0
10/27/2019 1:00,0
10/27/2019 2:00,0
10/27/2019 3:00,0
10/27/2019 4:00,0
10/27/2019 5:00,0
10/27/2019 6:00,0
10/27/2019 7:00,0
10/27/2019 8:00,0.052
10/27/2019 9:00,0.216
10/27/2019 10:00,0.419
10/27/2019 11:00,0.599
10/27/2019 12:00,0.638
10/27/2019 13:00,0.569
10/27/2019 14:00,0.45
10/27/2019 15:00,0.373
10/27/2019 16:00,0.288
10/27/2019 17:00,0.169
10/27/2019 18:00,0.011
10/27/2019 19:00,0
10/27/2019 20:00,0
10/27/2019 21:00,0
10/27/2019 22:00,0
10/27/2019 23:00,0
10/28/2019 0:00,0
10/28/2019 1:00,0
10/28/2019 2:00,0
10/28/2019 3:00,0
10/28/2019 4:00,0
10/28/2019 5:00,0
10/28/2019 6:00,0
10/28/2019 7:00,0
10/28/2019 8:00,0.124
10/28/2019 9:00,0.375
10/28/2019 10:00,0.562
10/28/2019 11:00,0.684
10/28/2019 12:00,0.746
10/28/2019 13:00,0.753
10/28/2019 14:00,0.711
10/28/2019 15:00,0.617
10/28/2019 16:00,0.469
10/28/2019 17:00,0.263
10/28/2019 18:00,0.018
10/28/2019 19:00,0
10/28/2019 20:00,0
10/28/2019 21:00,0
10/28/2019 22:00,0
10/28/2019 23:00,0
