" ""local_time"": ""America/Chicago"""," ""electricity"": ""kW""}"
1/1/2019 0:00,0
1/1/2019 1:00,0
1/1/2019 2:00,0
1/1/2019 3:00,0
1/1/2019 4:00,0
1/1/2019 5:00,0
1/1/2019 6:00,0
1/1/2019 7:00,0.044
1/1/2019 8:00,0.123
1/1/2019 9:00,0.219
1/1/2019 10:00,0.374
1/1/2019 11:00,0.43
1/1/2019 12:00,0.506
1/1/2019 13:00,0.356
1/1/2019 14:00,0.216
1/1/2019 15:00,0.086
1/1/2019 16:00,0.011
1/1/2019 17:00,0
1/1/2019 18:00,0
1/1/2019 19:00,0
1/1/2019 20:00,0
1/1/2019 21:00,0
1/1/2019 22:00,0
1/1/2019 23:00,0
1/2/2019 0:00,0
1/2/2019 1:00,0
1/2/2019 2:00,0
1/2/2019 3:00,0
1/2/2019 4:00,0
1/2/2019 5:00,0
1/2/2019 6:00,0
1/2/2019 7:00,0.078
1/2/2019 8:00,0.203
1/2/2019 9:00,0.23
1/2/2019 10:00,0.19
1/2/2019 11:00,0.139
1/2/2019 12:00,0.093
1/2/2019 13:00,0.109
1/2/2019 14:00,0.114
1/2/2019 15:00,0.064
1/2/2019 16:00,0.004
1/2/2019 17:00,0
1/2/2019 18:00,0
1/2/2019 19:00,0
1/2/2019 20:00,0
1/2/2019 21:00,0
1/2/2019 22:00,0
1/2/2019 23:00,0
1/3/2019 0:00,0
1/3/2019 1:00,0
1/3/2019 2:00,0
1/3/2019 3:00,0
1/3/2019 4:00,0
1/3/2019 5:00,0
1/3/2019 6:00,0
1/3/2019 7:00,0.013
1/3/2019 8:00,0.063
1/3/2019 9:00,0.078
1/3/2019 10:00,0.086
1/3/2019 11:00,0.098
1/3/2019 12:00,0.113
1/3/2019 13:00,0.093
1/3/2019 14:00,0.049
1/3/2019 15:00,0.019
1/3/2019 16:00,0
1/3/2019 17:00,0
1/3/2019 18:00,0
1/3/2019 19:00,0
1/3/2019 20:00,0
1/3/2019 21:00,0
1/3/2019 22:00,0
1/3/2019 23:00,0
1/4/2019 0:00,0
1/4/2019 1:00,0
1/4/2019 2:00,0
1/4/2019 3:00,0
1/4/2019 4:00,0
1/4/2019 5:00,0
1/4/2019 6:00,0
1/4/2019 7:00,0.061
1/4/2019 8:00,0.147
1/4/2019 9:00,0.447
1/4/2019 10:00,0.583
1/4/2019 11:00,0.409
1/4/2019 12:00,0.28
1/4/2019 13:00,0.275
1/4/2019 14:00,0.191
1/4/2019 15:00,0.083
1/4/2019 16:00,0.015
1/4/2019 17:00,0
1/4/2019 18:00,0
1/4/2019 19:00,0
1/4/2019 20:00,0
1/4/2019 21:00,0
1/4/2019 22:00,0
1/4/2019 23:00,0
1/5/2019 0:00,0
1/5/2019 1:00,0
1/5/2019 2:00,0
1/5/2019 3:00,0
1/5/2019 4:00,0
1/5/2019 5:00,0
1/5/2019 6:00,0
1/5/2019 7:00,0.064
1/5/2019 8:00,0.411
1/5/2019 9:00,0.64
1/5/2019 10:00,0.74
1/5/2019 11:00,0.778
1/5/2019 12:00,0.76
1/5/2019 13:00,0.687
1/5/2019 14:00,0.552
1/5/2019 15:00,0.34
1/5/2019 16:00,0.066
1/5/2019 17:00,0
1/5/2019 18:00,0
1/5/2019 19:00,0
1/5/2019 20:00,0
1/5/2019 21:00,0
1/5/2019 22:00,0
1/5/2019 23:00,0
1/6/2019 0:00,0
1/6/2019 1:00,0
1/6/2019 2:00,0
1/6/2019 3:00,0
1/6/2019 4:00,0
1/6/2019 5:00,0
1/6/2019 6:00,0
1/6/2019 7:00,0.223
1/6/2019 8:00,0.457
1/6/2019 9:00,0.578
1/6/2019 10:00,0.688
1/6/2019 11:00,0.604
1/6/2019 12:00,0.633
1/6/2019 13:00,0.592
1/6/2019 14:00,0.469
1/6/2019 15:00,0.309
1/6/2019 16:00,0.063
1/6/2019 17:00,0
1/6/2019 18:00,0
1/6/2019 19:00,0
1/6/2019 20:00,0
1/6/2019 21:00,0
1/6/2019 22:00,0
1/6/2019 23:00,0
1/7/2019 0:00,0
1/7/2019 1:00,0
1/7/2019 2:00,0
1/7/2019 3:00,0
1/7/2019 4:00,0
1/7/2019 5:00,0
1/7/2019 6:00,0
1/7/2019 7:00,0.23
1/7/2019 8:00,0.477
1/7/2019 9:00,0.638
1/7/2019 10:00,0.734
1/7/2019 11:00,0.762
1/7/2019 12:00,0.711
1/7/2019 13:00,0.659
1/7/2019 14:00,0.552
1/7/2019 15:00,0.324
1/7/2019 16:00,0.059
1/7/2019 17:00,0
1/7/2019 18:00,0
1/7/2019 19:00,0
1/7/2019 20:00,0
1/7/2019 21:00,0
1/7/2019 22:00,0
1/7/2019 23:00,0
1/8/2019 0:00,0
1/8/2019 1:00,0
1/8/2019 2:00,0
1/8/2019 3:00,0
1/8/2019 4:00,0
1/8/2019 5:00,0
1/8/2019 6:00,0
1/8/2019 7:00,0.012
1/8/2019 8:00,0.11
1/8/2019 9:00,0.446
1/8/2019 10:00,0.491
1/8/2019 11:00,0.605
1/8/2019 12:00,0.586
1/8/2019 13:00,0.52
1/8/2019 14:00,0.381
1/8/2019 15:00,0.265
1/8/2019 16:00,0.055
1/8/2019 17:00,0
1/8/2019 18:00,0
1/8/2019 19:00,0
1/8/2019 20:00,0
1/8/2019 21:00,0
1/8/2019 22:00,0
1/8/2019 23:00,0
1/9/2019 0:00,0
1/9/2019 1:00,0
1/9/2019 2:00,0
1/9/2019 3:00,0
1/9/2019 4:00,0
1/9/2019 5:00,0
1/9/2019 6:00,0
1/9/2019 7:00,0.244
1/9/2019 8:00,0.518
1/9/2019 9:00,0.687
1/9/2019 10:00,0.787
1/9/2019 11:00,0.826
1/9/2019 12:00,0.809
1/9/2019 13:00,0.735
1/9/2019 14:00,0.597
1/9/2019 15:00,0.382
1/9/2019 16:00,0.093
1/9/2019 17:00,0
1/9/2019 18:00,0
1/9/2019 19:00,0
1/9/2019 20:00,0
1/9/2019 21:00,0
1/9/2019 22:00,0
1/9/2019 23:00,0
1/10/2019 0:00,0
1/10/2019 1:00,0
1/10/2019 2:00,0
1/10/2019 3:00,0
1/10/2019 4:00,0
1/10/2019 5:00,0
1/10/2019 6:00,0
1/10/2019 7:00,0.268
1/10/2019 8:00,0.523
1/10/2019 9:00,0.697
1/10/2019 10:00,0.8
1/10/2019 11:00,0.838
1/10/2019 12:00,0.819
1/10/2019 13:00,0.74
1/10/2019 14:00,0.599
1/10/2019 15:00,0.379
1/10/2019 16:00,0.091
1/10/2019 17:00,0
1/10/2019 18:00,0
1/10/2019 19:00,0
1/10/2019 20:00,0
1/10/2019 21:00,0
1/10/2019 22:00,0
1/10/2019 23:00,0
1/11/2019 0:00,0
1/11/2019 1:00,0
1/11/2019 2:00,0
1/11/2019 3:00,0
1/11/2019 4:00,0
1/11/2019 5:00,0
1/11/2019 6:00,0
1/11/2019 7:00,0.245
1/11/2019 8:00,0.491
1/11/2019 9:00,0.644
1/11/2019 10:00,0.718
1/11/2019 11:00,0.733
1/11/2019 12:00,0.668
1/11/2019 13:00,0.603
1/11/2019 14:00,0.421
1/11/2019 15:00,0.189
1/11/2019 16:00,0.033
1/11/2019 17:00,0
1/11/2019 18:00,0
1/11/2019 19:00,0
1/11/2019 20:00,0
1/11/2019 21:00,0
1/11/2019 22:00,0
1/11/2019 23:00,0
1/12/2019 0:00,0
1/12/2019 1:00,0
1/12/2019 2:00,0
1/12/2019 3:00,0
1/12/2019 4:00,0
1/12/2019 5:00,0
1/12/2019 6:00,0
1/12/2019 7:00,0.013
1/12/2019 8:00,0.079
1/12/2019 9:00,0.2
1/12/2019 10:00,0.121
1/12/2019 11:00,0.074
1/12/2019 12:00,0.085
1/12/2019 13:00,0.159
1/12/2019 14:00,0.153
1/12/2019 15:00,0.055
1/12/2019 16:00,0.001
1/12/2019 17:00,0
1/12/2019 18:00,0
1/12/2019 19:00,0
1/12/2019 20:00,0
1/12/2019 21:00,0
1/12/2019 22:00,0
1/12/2019 23:00,0
1/13/2019 0:00,0
1/13/2019 1:00,0
1/13/2019 2:00,0
1/13/2019 3:00,0
1/13/2019 4:00,0
1/13/2019 5:00,0
1/13/2019 6:00,0
1/13/2019 7:00,0.016
1/13/2019 8:00,0.087
1/13/2019 9:00,0.463
1/13/2019 10:00,0.569
1/13/2019 11:00,0.498
1/13/2019 12:00,0.466
1/13/2019 13:00,0.37
1/13/2019 14:00,0.299
1/13/2019 15:00,0.083
1/13/2019 16:00,0.01
1/13/2019 17:00,0
1/13/2019 18:00,0
1/13/2019 19:00,0
1/13/2019 20:00,0
1/13/2019 21:00,0
1/13/2019 22:00,0
1/13/2019 23:00,0
1/14/2019 0:00,0
1/14/2019 1:00,0
1/14/2019 2:00,0
1/14/2019 3:00,0
1/14/2019 4:00,0
1/14/2019 5:00,0
1/14/2019 6:00,0
1/14/2019 7:00,0.044
1/14/2019 8:00,0.166
1/14/2019 9:00,0.259
1/14/2019 10:00,0.295
1/14/2019 11:00,0.324
1/14/2019 12:00,0.319
1/14/2019 13:00,0.266
1/14/2019 14:00,0.194
1/14/2019 15:00,0.108
1/14/2019 16:00,0.017
1/14/2019 17:00,0
1/14/2019 18:00,0
1/14/2019 19:00,0
1/14/2019 20:00,0
1/14/2019 21:00,0
1/14/2019 22:00,0
1/14/2019 23:00,0
1/15/2019 0:00,0
1/15/2019 1:00,0
1/15/2019 2:00,0
1/15/2019 3:00,0
1/15/2019 4:00,0
1/15/2019 5:00,0
1/15/2019 6:00,0
1/15/2019 7:00,0.1
1/15/2019 8:00,0.313
1/15/2019 9:00,0.517
1/15/2019 10:00,0.687
1/15/2019 11:00,0.813
1/15/2019 12:00,0.798
1/15/2019 13:00,0.691
1/15/2019 14:00,0.541
1/15/2019 15:00,0.275
1/15/2019 16:00,0.037
1/15/2019 17:00,0
1/15/2019 18:00,0
1/15/2019 19:00,0
1/15/2019 20:00,0
1/15/2019 21:00,0
1/15/2019 22:00,0
1/15/2019 23:00,0
1/16/2019 0:00,0
1/16/2019 1:00,0
1/16/2019 2:00,0
1/16/2019 3:00,0
1/16/2019 4:00,0
1/16/2019 5:00,0
1/16/2019 6:00,0
1/16/2019 7:00,0.196
1/16/2019 8:00,0.478
1/16/2019 9:00,0.67
1/16/2019 10:00,0.771
1/16/2019 11:00,0.808
1/16/2019 12:00,0.79
1/16/2019 13:00,0.714
1/16/2019 14:00,0.575
1/16/2019 15:00,0.361
1/16/2019 16:00,0.089
1/16/2019 17:00,0
1/16/2019 18:00,0
1/16/2019 19:00,0
1/16/2019 20:00,0
1/16/2019 21:00,0
1/16/2019 22:00,0
1/16/2019 23:00,0
1/17/2019 0:00,0
1/17/2019 1:00,0
1/17/2019 2:00,0
1/17/2019 3:00,0
1/17/2019 4:00,0
1/17/2019 5:00,0
1/17/2019 6:00,0
1/17/2019 7:00,0.078
1/17/2019 8:00,0.125
1/17/2019 9:00,0.117
1/17/2019 10:00,0.147
1/17/2019 11:00,0.123
1/17/2019 12:00,0.105
1/17/2019 13:00,0.093
1/17/2019 14:00,0.068
1/17/2019 15:00,0.029
1/17/2019 16:00,0.005
1/17/2019 17:00,0
1/17/2019 18:00,0
1/17/2019 19:00,0
1/17/2019 20:00,0
1/17/2019 21:00,0
1/17/2019 22:00,0
1/17/2019 23:00,0
1/18/2019 0:00,0
1/18/2019 1:00,0
1/18/2019 2:00,0
1/18/2019 3:00,0
1/18/2019 4:00,0
1/18/2019 5:00,0
1/18/2019 6:00,0
1/18/2019 7:00,0.036
1/18/2019 8:00,0.153
1/18/2019 9:00,0.293
1/18/2019 10:00,0.349
1/18/2019 11:00,0.354
1/18/2019 12:00,0.333
1/18/2019 13:00,0.264
1/18/2019 14:00,0.172
1/18/2019 15:00,0.052
1/18/2019 16:00,0.005
1/18/2019 17:00,0
1/18/2019 18:00,0
1/18/2019 19:00,0
1/18/2019 20:00,0
1/18/2019 21:00,0
1/18/2019 22:00,0
1/18/2019 23:00,0
1/19/2019 0:00,0
1/19/2019 1:00,0
1/19/2019 2:00,0
1/19/2019 3:00,0
1/19/2019 4:00,0
1/19/2019 5:00,0
1/19/2019 6:00,0
1/19/2019 7:00,0.025
1/19/2019 8:00,0.053
1/19/2019 9:00,0.141
1/19/2019 10:00,0.328
1/19/2019 11:00,0.415
1/19/2019 12:00,0.287
1/19/2019 13:00,0.18
1/19/2019 14:00,0.136
1/19/2019 15:00,0.079
1/19/2019 16:00,0.019
1/19/2019 17:00,0
1/19/2019 18:00,0
1/19/2019 19:00,0
1/19/2019 20:00,0
1/19/2019 21:00,0
1/19/2019 22:00,0
1/19/2019 23:00,0
1/20/2019 0:00,0
1/20/2019 1:00,0
1/20/2019 2:00,0
1/20/2019 3:00,0
1/20/2019 4:00,0
1/20/2019 5:00,0
1/20/2019 6:00,0
1/20/2019 7:00,0.071
1/20/2019 8:00,0.211
1/20/2019 9:00,0.369
1/20/2019 10:00,0.481
1/20/2019 11:00,0.649
1/20/2019 12:00,0.711
1/20/2019 13:00,0.68
1/20/2019 14:00,0.575
1/20/2019 15:00,0.381
1/20/2019 16:00,0.096
1/20/2019 17:00,0
1/20/2019 18:00,0
1/20/2019 19:00,0
1/20/2019 20:00,0
1/20/2019 21:00,0
1/20/2019 22:00,0
1/20/2019 23:00,0
1/21/2019 0:00,0
1/21/2019 1:00,0
1/21/2019 2:00,0
1/21/2019 3:00,0
1/21/2019 4:00,0
1/21/2019 5:00,0
1/21/2019 6:00,0.001
1/21/2019 7:00,0.268
1/21/2019 8:00,0.519
1/21/2019 9:00,0.693
1/21/2019 10:00,0.794
1/21/2019 11:00,0.833
1/21/2019 12:00,0.816
1/21/2019 13:00,0.738
1/21/2019 14:00,0.597
1/21/2019 15:00,0.381
1/21/2019 16:00,0.102
1/21/2019 17:00,0
1/21/2019 18:00,0
1/21/2019 19:00,0
1/21/2019 20:00,0
1/21/2019 21:00,0
1/21/2019 22:00,0
1/21/2019 23:00,0
1/22/2019 0:00,0
1/22/2019 1:00,0
1/22/2019 2:00,0
1/22/2019 3:00,0
1/22/2019 4:00,0
1/22/2019 5:00,0
1/22/2019 6:00,0.002
1/22/2019 7:00,0.29
1/22/2019 8:00,0.531
1/22/2019 9:00,0.692
1/22/2019 10:00,0.782
1/22/2019 11:00,0.811
1/22/2019 12:00,0.784
1/22/2019 13:00,0.678
1/22/2019 14:00,0.444
1/22/2019 15:00,0.159
1/22/2019 16:00,0.022
1/22/2019 17:00,0
1/22/2019 18:00,0
1/22/2019 19:00,0
1/22/2019 20:00,0
1/22/2019 21:00,0
1/22/2019 22:00,0
1/22/2019 23:00,0
1/23/2019 0:00,0
1/23/2019 1:00,0
1/23/2019 2:00,0
1/23/2019 3:00,0
1/23/2019 4:00,0
1/23/2019 5:00,0
1/23/2019 6:00,0
1/23/2019 7:00,0.05
1/23/2019 8:00,0.105
1/23/2019 9:00,0.133
1/23/2019 10:00,0.118
1/23/2019 11:00,0.183
1/23/2019 12:00,0.161
1/23/2019 13:00,0.059
1/23/2019 14:00,0.033
1/23/2019 15:00,0.027
1/23/2019 16:00,0.001
1/23/2019 17:00,0
1/23/2019 18:00,0
1/23/2019 19:00,0
1/23/2019 20:00,0
1/23/2019 21:00,0
1/23/2019 22:00,0
1/23/2019 23:00,0
1/24/2019 0:00,0
1/24/2019 1:00,0
1/24/2019 2:00,0
1/24/2019 3:00,0
1/24/2019 4:00,0
1/24/2019 5:00,0
1/24/2019 6:00,0
1/24/2019 7:00,0.082
1/24/2019 8:00,0.479
1/24/2019 9:00,0.706
1/24/2019 10:00,0.82
1/24/2019 11:00,0.86
1/24/2019 12:00,0.839
1/24/2019 13:00,0.76
1/24/2019 14:00,0.617
1/24/2019 15:00,0.398
1/24/2019 16:00,0.112
1/24/2019 17:00,0
1/24/2019 18:00,0
1/24/2019 19:00,0
1/24/2019 20:00,0
1/24/2019 21:00,0
1/24/2019 22:00,0
1/24/2019 23:00,0
1/25/2019 0:00,0
1/25/2019 1:00,0
1/25/2019 2:00,0
1/25/2019 3:00,0
1/25/2019 4:00,0
1/25/2019 5:00,0
1/25/2019 6:00,0
1/25/2019 7:00,0.154
1/25/2019 8:00,0.537
1/25/2019 9:00,0.712
1/25/2019 10:00,0.768
1/25/2019 11:00,0.807
1/25/2019 12:00,0.827
1/25/2019 13:00,0.753
1/25/2019 14:00,0.617
1/25/2019 15:00,0.401
1/25/2019 16:00,0.12
1/25/2019 17:00,0
1/25/2019 18:00,0
1/25/2019 19:00,0
1/25/2019 20:00,0
1/25/2019 21:00,0
1/25/2019 22:00,0
1/25/2019 23:00,0
1/26/2019 0:00,0
1/26/2019 1:00,0
1/26/2019 2:00,0
1/26/2019 3:00,0
1/26/2019 4:00,0
1/26/2019 5:00,0
1/26/2019 6:00,0.003
1/26/2019 7:00,0.268
1/26/2019 8:00,0.481
1/26/2019 9:00,0.679
1/26/2019 10:00,0.762
1/26/2019 11:00,0.795
1/26/2019 12:00,0.766
1/26/2019 13:00,0.688
1/26/2019 14:00,0.438
1/26/2019 15:00,0.244
1/26/2019 16:00,0.071
1/26/2019 17:00,0
1/26/2019 18:00,0
1/26/2019 19:00,0
1/26/2019 20:00,0
1/26/2019 21:00,0
1/26/2019 22:00,0
1/26/2019 23:00,0
1/27/2019 0:00,0
1/27/2019 1:00,0
1/27/2019 2:00,0
1/27/2019 3:00,0
1/27/2019 4:00,0
1/27/2019 5:00,0
1/27/2019 6:00,0.001
1/27/2019 7:00,0.219
1/27/2019 8:00,0.421
1/27/2019 9:00,0.369
1/27/2019 10:00,0.295
1/27/2019 11:00,0.251
1/27/2019 12:00,0.226
1/27/2019 13:00,0.204
1/27/2019 14:00,0.169
1/27/2019 15:00,0.093
1/27/2019 16:00,0.03
1/27/2019 17:00,0
1/27/2019 18:00,0
1/27/2019 19:00,0
1/27/2019 20:00,0
1/27/2019 21:00,0
1/27/2019 22:00,0
1/27/2019 23:00,0
1/28/2019 0:00,0
1/28/2019 1:00,0
1/28/2019 2:00,0
1/28/2019 3:00,0
1/28/2019 4:00,0
1/28/2019 5:00,0
1/28/2019 6:00,0
1/28/2019 7:00,0.042
1/28/2019 8:00,0.443
1/28/2019 9:00,0.664
1/28/2019 10:00,0.758
1/28/2019 11:00,0.792
1/28/2019 12:00,0.768
1/28/2019 13:00,0.686
1/28/2019 14:00,0.541
1/28/2019 15:00,0.303
1/28/2019 16:00,0.048
1/28/2019 17:00,0
1/28/2019 18:00,0
1/28/2019 19:00,0
1/28/2019 20:00,0
1/28/2019 21:00,0
1/28/2019 22:00,0
1/28/2019 23:00,0
4/1/2019 0:00,0
4/1/2019 1:00,0
4/1/2019 2:00,0
4/1/2019 3:00,0
4/1/2019 4:00,0
4/1/2019 5:00,0
4/1/2019 6:00,0
4/1/2019 7:00,0.134
4/1/2019 8:00,0.376
4/1/2019 9:00,0.587
4/1/2019 10:00,0.739
4/1/2019 11:00,0.825
4/1/2019 12:00,0.852
4/1/2019 13:00,0.8
4/1/2019 14:00,0.637
4/1/2019 15:00,0.509
4/1/2019 16:00,0.449
4/1/2019 17:00,0.251
4/1/2019 18:00,0.046
4/1/2019 19:00,0
4/1/2019 20:00,0
4/1/2019 21:00,0
4/1/2019 22:00,0
4/1/2019 23:00,0
4/2/2019 0:00,0
4/2/2019 1:00,0
4/2/2019 2:00,0
4/2/2019 3:00,0
4/2/2019 4:00,0
4/2/2019 5:00,0
4/2/2019 6:00,0.001
4/2/2019 7:00,0.122
4/2/2019 8:00,0.353
4/2/2019 9:00,0.554
4/2/2019 10:00,0.703
4/2/2019 11:00,0.794
4/2/2019 12:00,0.83
4/2/2019 13:00,0.815
4/2/2019 14:00,0.75
4/2/2019 15:00,0.634
4/2/2019 16:00,0.464
4/2/2019 17:00,0.251
4/2/2019 18:00,0.048
4/2/2019 19:00,0
4/2/2019 20:00,0
4/2/2019 21:00,0
4/2/2019 22:00,0
4/2/2019 23:00,0
4/3/2019 0:00,0
4/3/2019 1:00,0
4/3/2019 2:00,0
4/3/2019 3:00,0
4/3/2019 4:00,0
4/3/2019 5:00,0
4/3/2019 6:00,0.001
4/3/2019 7:00,0.128
4/3/2019 8:00,0.353
4/3/2019 9:00,0.546
4/3/2019 10:00,0.683
4/3/2019 11:00,0.739
4/3/2019 12:00,0.766
4/3/2019 13:00,0.765
4/3/2019 14:00,0.611
4/3/2019 15:00,0.4
4/3/2019 16:00,0.25
4/3/2019 17:00,0.136
4/3/2019 18:00,0.025
4/3/2019 19:00,0
4/3/2019 20:00,0
4/3/2019 21:00,0
4/3/2019 22:00,0
4/3/2019 23:00,0
4/4/2019 0:00,0
4/4/2019 1:00,0
4/4/2019 2:00,0
4/4/2019 3:00,0
4/4/2019 4:00,0
4/4/2019 5:00,0
4/4/2019 6:00,0.002
4/4/2019 7:00,0.094
4/4/2019 8:00,0.075
4/4/2019 9:00,0.104
4/4/2019 10:00,0.134
4/4/2019 11:00,0.18
4/4/2019 12:00,0.551
4/4/2019 13:00,0.236
4/4/2019 14:00,0.118
4/4/2019 15:00,0.066
4/4/2019 16:00,0.061
4/4/2019 17:00,0.028
4/4/2019 18:00,0.01
4/4/2019 19:00,0
4/4/2019 20:00,0
4/4/2019 21:00,0
4/4/2019 22:00,0
4/4/2019 23:00,0
4/5/2019 0:00,0
4/5/2019 1:00,0
4/5/2019 2:00,0
4/5/2019 3:00,0
4/5/2019 4:00,0
4/5/2019 5:00,0
4/5/2019 6:00,0
4/5/2019 7:00,0.091
4/5/2019 8:00,0.279
4/5/2019 9:00,0.454
4/5/2019 10:00,0.559
4/5/2019 11:00,0.594
4/5/2019 12:00,0.602
4/5/2019 13:00,0.501
4/5/2019 14:00,0.526
4/5/2019 15:00,0.458
4/5/2019 16:00,0.322
4/5/2019 17:00,0.126
4/5/2019 18:00,0.029
4/5/2019 19:00,0
4/5/2019 20:00,0
4/5/2019 21:00,0
4/5/2019 22:00,0
4/5/2019 23:00,0
4/6/2019 0:00,0
4/6/2019 1:00,0
4/6/2019 2:00,0
4/6/2019 3:00,0
4/6/2019 4:00,0
4/6/2019 5:00,0
4/6/2019 6:00,0.001
4/6/2019 7:00,0.079
4/6/2019 8:00,0.23
4/6/2019 9:00,0.361
4/6/2019 10:00,0.418
4/6/2019 11:00,0.631
4/6/2019 12:00,0.626
4/6/2019 13:00,0.486
4/6/2019 14:00,0.384
4/6/2019 15:00,0.359
4/6/2019 16:00,0.227
4/6/2019 17:00,0.054
4/6/2019 18:00,0.004
4/6/2019 19:00,0
4/6/2019 20:00,0
4/6/2019 21:00,0
4/6/2019 22:00,0
4/6/2019 23:00,0
4/7/2019 0:00,0
4/7/2019 1:00,0
4/7/2019 2:00,0
4/7/2019 3:00,0
4/7/2019 4:00,0
4/7/2019 5:00,0
4/7/2019 6:00,0.002
4/7/2019 7:00,0.077
4/7/2019 8:00,0.181
4/7/2019 9:00,0.277
4/7/2019 10:00,0.337
4/7/2019 11:00,0.407
4/7/2019 12:00,0.452
4/7/2019 13:00,0.516
4/7/2019 14:00,0.51
4/7/2019 15:00,0.415
4/7/2019 16:00,0.224
4/7/2019 17:00,0.088
4/7/2019 18:00,0.014
4/7/2019 19:00,0
4/7/2019 20:00,0
4/7/2019 21:00,0
4/7/2019 22:00,0
4/7/2019 23:00,0
4/8/2019 0:00,0
4/8/2019 1:00,0
4/8/2019 2:00,0
4/8/2019 3:00,0
4/8/2019 4:00,0
4/8/2019 5:00,0
4/8/2019 6:00,0
4/8/2019 7:00,0.03
4/8/2019 8:00,0.076
4/8/2019 9:00,0.114
4/8/2019 10:00,0.15
4/8/2019 11:00,0.145
4/8/2019 12:00,0.123
4/8/2019 13:00,0.221
4/8/2019 14:00,0.28
4/8/2019 15:00,0.335
4/8/2019 16:00,0.291
4/8/2019 17:00,0.152
4/8/2019 18:00,0.035
4/8/2019 19:00,0
4/8/2019 20:00,0
4/8/2019 21:00,0
4/8/2019 22:00,0
4/8/2019 23:00,0
4/9/2019 0:00,0
4/9/2019 1:00,0
4/9/2019 2:00,0
4/9/2019 3:00,0
4/9/2019 4:00,0
4/9/2019 5:00,0
4/9/2019 6:00,0.001
4/9/2019 7:00,0.051
4/9/2019 8:00,0.13
4/9/2019 9:00,0.219
4/9/2019 10:00,0.266
4/9/2019 11:00,0.348
4/9/2019 12:00,0.452
4/9/2019 13:00,0.518
4/9/2019 14:00,0.556
4/9/2019 15:00,0.52
4/9/2019 16:00,0.406
4/9/2019 17:00,0.232
4/9/2019 18:00,0.055
4/9/2019 19:00,0
4/9/2019 20:00,0
4/9/2019 21:00,0
4/9/2019 22:00,0
4/9/2019 23:00,0
4/10/2019 0:00,0
4/10/2019 1:00,0
4/10/2019 2:00,0
4/10/2019 3:00,0
4/10/2019 4:00,0
4/10/2019 5:00,0
4/10/2019 6:00,0.003
4/10/2019 7:00,0.134
4/10/2019 8:00,0.347
4/10/2019 9:00,0.529
4/10/2019 10:00,0.663
4/10/2019 11:00,0.743
4/10/2019 12:00,0.774
4/10/2019 13:00,0.76
4/10/2019 14:00,0.699
4/10/2019 15:00,0.591
4/10/2019 16:00,0.434
4/10/2019 17:00,0.239
4/10/2019 18:00,0.055
4/10/2019 19:00,0
4/10/2019 20:00,0
4/10/2019 21:00,0
4/10/2019 22:00,0
4/10/2019 23:00,0
4/11/2019 0:00,0
4/11/2019 1:00,0
4/11/2019 2:00,0
4/11/2019 3:00,0
4/11/2019 4:00,0
4/11/2019 5:00,0
4/11/2019 6:00,0.004
4/11/2019 7:00,0.128
4/11/2019 8:00,0.331
4/11/2019 9:00,0.511
4/11/2019 10:00,0.642
4/11/2019 11:00,0.725
4/11/2019 12:00,0.755
4/11/2019 13:00,0.721
4/11/2019 14:00,0.553
4/11/2019 15:00,0.421
4/11/2019 16:00,0.352
4/11/2019 17:00,0.194
4/11/2019 18:00,0.043
4/11/2019 19:00,0
4/11/2019 20:00,0
4/11/2019 21:00,0
4/11/2019 22:00,0
4/11/2019 23:00,0
4/12/2019 0:00,0
4/12/2019 1:00,0
4/12/2019 2:00,0
4/12/2019 3:00,0
4/12/2019 4:00,0
4/12/2019 5:00,0
4/12/2019 6:00,0.003
4/12/2019 7:00,0.07
4/12/2019 8:00,0.148
4/12/2019 9:00,0.224
4/12/2019 10:00,0.316
4/12/2019 11:00,0.44
4/12/2019 12:00,0.603
4/12/2019 13:00,0.528
4/12/2019 14:00,0.295
4/12/2019 15:00,0.195
4/12/2019 16:00,0.091
4/12/2019 17:00,0.041
4/12/2019 18:00,0.008
4/12/2019 19:00,0
4/12/2019 20:00,0
4/12/2019 21:00,0
4/12/2019 22:00,0
4/12/2019 23:00,0
4/13/2019 0:00,0
4/13/2019 1:00,0
4/13/2019 2:00,0
4/13/2019 3:00,0
4/13/2019 4:00,0
4/13/2019 5:00,0
4/13/2019 6:00,0.001
4/13/2019 7:00,0.017
4/13/2019 8:00,0.044
4/13/2019 9:00,0.128
4/13/2019 10:00,0.241
4/13/2019 11:00,0.383
4/13/2019 12:00,0.531
4/13/2019 13:00,0.616
4/13/2019 14:00,0.522
4/13/2019 15:00,0.435
4/13/2019 16:00,0.232
4/13/2019 17:00,0.093
4/13/2019 18:00,0.019
4/13/2019 19:00,0
4/13/2019 20:00,0
4/13/2019 21:00,0
4/13/2019 22:00,0
4/13/2019 23:00,0
4/14/2019 0:00,0
4/14/2019 1:00,0
4/14/2019 2:00,0
4/14/2019 3:00,0
4/14/2019 4:00,0
4/14/2019 5:00,0
4/14/2019 6:00,0
4/14/2019 7:00,0.032
4/14/2019 8:00,0.161
4/14/2019 9:00,0.421
4/14/2019 10:00,0.632
4/14/2019 11:00,0.737
4/14/2019 12:00,0.717
4/14/2019 13:00,0.688
4/14/2019 14:00,0.496
4/14/2019 15:00,0.441
4/14/2019 16:00,0.297
4/14/2019 17:00,0.114
4/14/2019 18:00,0.022
4/14/2019 19:00,0
4/14/2019 20:00,0
4/14/2019 21:00,0
4/14/2019 22:00,0
4/14/2019 23:00,0
4/15/2019 0:00,0
4/15/2019 1:00,0
4/15/2019 2:00,0
4/15/2019 3:00,0
4/15/2019 4:00,0
4/15/2019 5:00,0
4/15/2019 6:00,0.005
4/15/2019 7:00,0.13
4/15/2019 8:00,0.367
4/15/2019 9:00,0.56
4/15/2019 10:00,0.699
4/15/2019 11:00,0.783
4/15/2019 12:00,0.817
4/15/2019 13:00,0.804
4/15/2019 14:00,0.741
4/15/2019 15:00,0.627
4/15/2019 16:00,0.464
4/15/2019 17:00,0.261
4/15/2019 18:00,0.063
4/15/2019 19:00,0
4/15/2019 20:00,0
4/15/2019 21:00,0
4/15/2019 22:00,0
4/15/2019 23:00,0
4/16/2019 0:00,0
4/16/2019 1:00,0
4/16/2019 2:00,0
4/16/2019 3:00,0
4/16/2019 4:00,0
4/16/2019 5:00,0
4/16/2019 6:00,0.006
4/16/2019 7:00,0.146
4/16/2019 8:00,0.364
4/16/2019 9:00,0.549
4/16/2019 10:00,0.684
4/16/2019 11:00,0.765
4/16/2019 12:00,0.797
4/16/2019 13:00,0.783
4/16/2019 14:00,0.722
4/16/2019 15:00,0.614
4/16/2019 16:00,0.456
4/16/2019 17:00,0.258
4/16/2019 18:00,0.064
4/16/2019 19:00,0
4/16/2019 20:00,0
4/16/2019 21:00,0
4/16/2019 22:00,0
4/16/2019 23:00,0
4/17/2019 0:00,0
4/17/2019 1:00,0
4/17/2019 2:00,0
4/17/2019 3:00,0
4/17/2019 4:00,0
4/17/2019 5:00,0
4/17/2019 6:00,0.002
4/17/2019 7:00,0.046
4/17/2019 8:00,0.143
4/17/2019 9:00,0.306
4/17/2019 10:00,0.401
4/17/2019 11:00,0.399
4/17/2019 12:00,0.405
4/17/2019 13:00,0.387
4/17/2019 14:00,0.416
4/17/2019 15:00,0.512
4/17/2019 16:00,0.43
4/17/2019 17:00,0.22
4/17/2019 18:00,0.033
4/17/2019 19:00,0
4/17/2019 20:00,0
4/17/2019 21:00,0
4/17/2019 22:00,0
4/17/2019 23:00,0
4/18/2019 0:00,0
4/18/2019 1:00,0
4/18/2019 2:00,0
4/18/2019 3:00,0
4/18/2019 4:00,0
4/18/2019 5:00,0
4/18/2019 6:00,0.004
4/18/2019 7:00,0.083
4/18/2019 8:00,0.263
4/18/2019 9:00,0.433
4/18/2019 10:00,0.57
4/18/2019 11:00,0.661
4/18/2019 12:00,0.63
4/18/2019 13:00,0.541
4/18/2019 14:00,0.532
4/18/2019 15:00,0.459
4/18/2019 16:00,0.175
4/18/2019 17:00,0.115
4/18/2019 18:00,0.014
4/18/2019 19:00,0
4/18/2019 20:00,0
4/18/2019 21:00,0
4/18/2019 22:00,0
4/18/2019 23:00,0
4/19/2019 0:00,0
4/19/2019 1:00,0
4/19/2019 2:00,0
4/19/2019 3:00,0
4/19/2019 4:00,0
4/19/2019 5:00,0
4/19/2019 6:00,0.008
4/19/2019 7:00,0.113
4/19/2019 8:00,0.199
4/19/2019 9:00,0.229
4/19/2019 10:00,0.181
4/19/2019 11:00,0.171
4/19/2019 12:00,0.186
4/19/2019 13:00,0.219
4/19/2019 14:00,0.331
4/19/2019 15:00,0.423
4/19/2019 16:00,0.272
4/19/2019 17:00,0.107
4/19/2019 18:00,0.03
4/19/2019 19:00,0
4/19/2019 20:00,0
4/19/2019 21:00,0
4/19/2019 22:00,0
4/19/2019 23:00,0
4/20/2019 0:00,0
4/20/2019 1:00,0
4/20/2019 2:00,0
4/20/2019 3:00,0
4/20/2019 4:00,0
4/20/2019 5:00,0
4/20/2019 6:00,0.006
4/20/2019 7:00,0.108
4/20/2019 8:00,0.298
4/20/2019 9:00,0.528
4/20/2019 10:00,0.579
4/20/2019 11:00,0.523
4/20/2019 12:00,0.566
4/20/2019 13:00,0.603
4/20/2019 14:00,0.626
4/20/2019 15:00,0.554
4/20/2019 16:00,0.415
4/20/2019 17:00,0.238
4/20/2019 18:00,0.072
4/20/2019 19:00,0
4/20/2019 20:00,0
4/20/2019 21:00,0
4/20/2019 22:00,0
4/20/2019 23:00,0
4/21/2019 0:00,0
4/21/2019 1:00,0
4/21/2019 2:00,0
4/21/2019 3:00,0
4/21/2019 4:00,0
4/21/2019 5:00,0
4/21/2019 6:00,0.008
4/21/2019 7:00,0.151
4/21/2019 8:00,0.372
4/21/2019 9:00,0.556
4/21/2019 10:00,0.688
4/21/2019 11:00,0.769
4/21/2019 12:00,0.8
4/21/2019 13:00,0.785
4/21/2019 14:00,0.723
4/21/2019 15:00,0.613
4/21/2019 16:00,0.454
4/21/2019 17:00,0.256
4/21/2019 18:00,0.067
4/21/2019 19:00,0
4/21/2019 20:00,0
4/21/2019 21:00,0
4/21/2019 22:00,0
4/21/2019 23:00,0
4/22/2019 0:00,0
4/22/2019 1:00,0
4/22/2019 2:00,0
4/22/2019 3:00,0
4/22/2019 4:00,0
4/22/2019 5:00,0
4/22/2019 6:00,0.008
4/22/2019 7:00,0.151
4/22/2019 8:00,0.359
4/22/2019 9:00,0.536
4/22/2019 10:00,0.665
4/22/2019 11:00,0.744
4/22/2019 12:00,0.775
4/22/2019 13:00,0.762
4/22/2019 14:00,0.703
4/22/2019 15:00,0.597
4/22/2019 16:00,0.441
4/22/2019 17:00,0.248
4/22/2019 18:00,0.067
4/22/2019 19:00,0
4/22/2019 20:00,0
4/22/2019 21:00,0
4/22/2019 22:00,0
4/22/2019 23:00,0
4/23/2019 0:00,0
4/23/2019 1:00,0
4/23/2019 2:00,0
4/23/2019 3:00,0
4/23/2019 4:00,0
4/23/2019 5:00,0
4/23/2019 6:00,0.01
4/23/2019 7:00,0.114
4/23/2019 8:00,0.225
4/23/2019 9:00,0.418
4/23/2019 10:00,0.637
4/23/2019 11:00,0.708
4/23/2019 12:00,0.675
4/23/2019 13:00,0.586
4/23/2019 14:00,0.523
4/23/2019 15:00,0.42
4/23/2019 16:00,0.349
4/23/2019 17:00,0.141
4/23/2019 18:00,0.018
4/23/2019 19:00,0
4/23/2019 20:00,0
4/23/2019 21:00,0
4/23/2019 22:00,0
4/23/2019 23:00,0
4/24/2019 0:00,0
4/24/2019 1:00,0
4/24/2019 2:00,0
4/24/2019 3:00,0
4/24/2019 4:00,0
4/24/2019 5:00,0
4/24/2019 6:00,0.011
4/24/2019 7:00,0.141
4/24/2019 8:00,0.329
4/24/2019 9:00,0.513
4/24/2019 10:00,0.649
4/24/2019 11:00,0.698
4/24/2019 12:00,0.712
4/24/2019 13:00,0.695
4/24/2019 14:00,0.643
4/24/2019 15:00,0.538
4/24/2019 16:00,0.384
4/24/2019 17:00,0.219
4/24/2019 18:00,0.067
4/24/2019 19:00,0
4/24/2019 20:00,0
4/24/2019 21:00,0
4/24/2019 22:00,0
4/24/2019 23:00,0
4/25/2019 0:00,0
4/25/2019 1:00,0
4/25/2019 2:00,0
4/25/2019 3:00,0
4/25/2019 4:00,0
4/25/2019 5:00,0
4/25/2019 6:00,0.009
4/25/2019 7:00,0.093
4/25/2019 8:00,0.196
4/25/2019 9:00,0.246
4/25/2019 10:00,0.234
4/25/2019 11:00,0.246
4/25/2019 12:00,0.282
4/25/2019 13:00,0.262
4/25/2019 14:00,0.171
4/25/2019 15:00,0.124
4/25/2019 16:00,0.066
4/25/2019 17:00,0.036
4/25/2019 18:00,0.01
4/25/2019 19:00,0
4/25/2019 20:00,0
4/25/2019 21:00,0
4/25/2019 22:00,0
4/25/2019 23:00,0
4/26/2019 0:00,0
4/26/2019 1:00,0
4/26/2019 2:00,0
4/26/2019 3:00,0
4/26/2019 4:00,0
4/26/2019 5:00,0
4/26/2019 6:00,0.011
4/26/2019 7:00,0.117
4/26/2019 8:00,0.282
4/26/2019 9:00,0.511
4/26/2019 10:00,0.673
4/26/2019 11:00,0.765
4/26/2019 12:00,0.801
4/26/2019 13:00,0.787
4/26/2019 14:00,0.725
4/26/2019 15:00,0.615
4/26/2019 16:00,0.458
4/26/2019 17:00,0.263
4/26/2019 18:00,0.074
4/26/2019 19:00,0
4/26/2019 20:00,0
4/26/2019 21:00,0
4/26/2019 22:00,0
4/26/2019 23:00,0
4/27/2019 0:00,0
4/27/2019 1:00,0
4/27/2019 2:00,0
4/27/2019 3:00,0
4/27/2019 4:00,0
4/27/2019 5:00,0
4/27/2019 6:00,0.01
4/27/2019 7:00,0.159
4/27/2019 8:00,0.369
4/27/2019 9:00,0.545
4/27/2019 10:00,0.663
4/27/2019 11:00,0.721
4/27/2019 12:00,0.763
4/27/2019 13:00,0.759
4/27/2019 14:00,0.712
4/27/2019 15:00,0.606
4/27/2019 16:00,0.453
4/27/2019 17:00,0.261
4/27/2019 18:00,0.072
4/27/2019 19:00,0.001
4/27/2019 20:00,0
4/27/2019 21:00,0
4/27/2019 22:00,0
4/27/2019 23:00,0
4/28/2019 0:00,0
4/28/2019 1:00,0
4/28/2019 2:00,0
4/28/2019 3:00,0
4/28/2019 4:00,0
4/28/2019 5:00,0
4/28/2019 6:00,0.009
4/28/2019 7:00,0.076
4/28/2019 8:00,0.236
4/28/2019 9:00,0.403
4/28/2019 10:00,0.547
4/28/2019 11:00,0.601
4/28/2019 12:00,0.553
4/28/2019 13:00,0.478
4/28/2019 14:00,0.37
4/28/2019 15:00,0.217
4/28/2019 16:00,0.12
4/28/2019 17:00,0.065
4/28/2019 18:00,0.02
4/28/2019 19:00,0
4/28/2019 20:00,0
4/28/2019 21:00,0
4/28/2019 22:00,0
4/28/2019 23:00,0
7/1/2019 0:00,0
7/1/2019 1:00,0
7/1/2019 2:00,0
7/1/2019 3:00,0
7/1/2019 4:00,0
7/1/2019 5:00,0
7/1/2019 6:00,0.044
7/1/2019 7:00,0.156
7/1/2019 8:00,0.309
7/1/2019 9:00,0.452
7/1/2019 10:00,0.558
7/1/2019 11:00,0.62
7/1/2019 12:00,0.63
7/1/2019 13:00,0.603
7/1/2019 14:00,0.545
7/1/2019 15:00,0.456
7/1/2019 16:00,0.327
7/1/2019 17:00,0.191
7/1/2019 18:00,0.087
7/1/2019 19:00,0.012
7/1/2019 20:00,0
7/1/2019 21:00,0
7/1/2019 22:00,0
7/1/2019 23:00,0
7/2/2019 0:00,0
7/2/2019 1:00,0
7/2/2019 2:00,0
7/2/2019 3:00,0
7/2/2019 4:00,0
7/2/2019 5:00,0
7/2/2019 6:00,0.046
7/2/2019 7:00,0.158
7/2/2019 8:00,0.299
7/2/2019 9:00,0.422
7/2/2019 10:00,0.517
7/2/2019 11:00,0.589
7/2/2019 12:00,0.603
7/2/2019 13:00,0.603
7/2/2019 14:00,0.536
7/2/2019 15:00,0.466
7/2/2019 16:00,0.347
7/2/2019 17:00,0.208
7/2/2019 18:00,0.087
7/2/2019 19:00,0.013
7/2/2019 20:00,0
7/2/2019 21:00,0
7/2/2019 22:00,0
7/2/2019 23:00,0
7/3/2019 0:00,0
7/3/2019 1:00,0
7/3/2019 2:00,0
7/3/2019 3:00,0
7/3/2019 4:00,0
7/3/2019 5:00,0
7/3/2019 6:00,0.021
7/3/2019 7:00,0.063
7/3/2019 8:00,0.108
7/3/2019 9:00,0.158
7/3/2019 10:00,0.203
7/3/2019 11:00,0.272
7/3/2019 12:00,0.364
7/3/2019 13:00,0.434
7/3/2019 14:00,0.451
7/3/2019 15:00,0.42
7/3/2019 16:00,0.336
7/3/2019 17:00,0.218
7/3/2019 18:00,0.094
7/3/2019 19:00,0.011
7/3/2019 20:00,0
7/3/2019 21:00,0
7/3/2019 22:00,0
7/3/2019 23:00,0
7/4/2019 0:00,0
7/4/2019 1:00,0
7/4/2019 2:00,0
7/4/2019 3:00,0
7/4/2019 4:00,0
7/4/2019 5:00,0
7/4/2019 6:00,0.041
7/4/2019 7:00,0.141
7/4/2019 8:00,0.26
7/4/2019 9:00,0.346
7/4/2019 10:00,0.448
7/4/2019 11:00,0.521
7/4/2019 12:00,0.532
7/4/2019 13:00,0.52
7/4/2019 14:00,0.471
7/4/2019 15:00,0.348
7/4/2019 16:00,0.227
7/4/2019 17:00,0.141
7/4/2019 18:00,0.061
7/4/2019 19:00,0.007
7/4/2019 20:00,0
7/4/2019 21:00,0
7/4/2019 22:00,0
7/4/2019 23:00,0
7/5/2019 0:00,0
7/5/2019 1:00,0
7/5/2019 2:00,0
7/5/2019 3:00,0
7/5/2019 4:00,0
7/5/2019 5:00,0
7/5/2019 6:00,0.044
7/5/2019 7:00,0.154
7/5/2019 8:00,0.294
7/5/2019 9:00,0.41
7/5/2019 10:00,0.513
7/5/2019 11:00,0.585
7/5/2019 12:00,0.613
7/5/2019 13:00,0.609
7/5/2019 14:00,0.566
7/5/2019 15:00,0.477
7/5/2019 16:00,0.318
7/5/2019 17:00,0.214
7/5/2019 18:00,0.093
7/5/2019 19:00,0.013
7/5/2019 20:00,0
7/5/2019 21:00,0
7/5/2019 22:00,0
7/5/2019 23:00,0
7/6/2019 0:00,0
7/6/2019 1:00,0
7/6/2019 2:00,0
7/6/2019 3:00,0
7/6/2019 4:00,0
7/6/2019 5:00,0
7/6/2019 6:00,0.043
7/6/2019 7:00,0.155
7/6/2019 8:00,0.32
7/6/2019 9:00,0.464
7/6/2019 10:00,0.564
7/6/2019 11:00,0.623
7/6/2019 12:00,0.656
7/6/2019 13:00,0.635
7/6/2019 14:00,0.54
7/6/2019 15:00,0.467
7/6/2019 16:00,0.347
7/6/2019 17:00,0.241
7/6/2019 18:00,0.099
7/6/2019 19:00,0.016
7/6/2019 20:00,0
7/6/2019 21:00,0
7/6/2019 22:00,0
7/6/2019 23:00,0
7/7/2019 0:00,0
7/7/2019 1:00,0
7/7/2019 2:00,0
7/7/2019 3:00,0
7/7/2019 4:00,0
7/7/2019 5:00,0
7/7/2019 6:00,0.045
7/7/2019 7:00,0.157
7/7/2019 8:00,0.288
7/7/2019 9:00,0.316
7/7/2019 10:00,0.25
7/7/2019 11:00,0.238
7/7/2019 12:00,0.312
7/7/2019 13:00,0.351
7/7/2019 14:00,0.343
7/7/2019 15:00,0.305
7/7/2019 16:00,0.258
7/7/2019 17:00,0.212
7/7/2019 18:00,0.097
7/7/2019 19:00,0.013
7/7/2019 20:00,0
7/7/2019 21:00,0
7/7/2019 22:00,0
7/7/2019 23:00,0
7/8/2019 0:00,0
7/8/2019 1:00,0
7/8/2019 2:00,0
7/8/2019 3:00,0
7/8/2019 4:00,0
7/8/2019 5:00,0
7/8/2019 6:00,0.033
7/8/2019 7:00,0.127
7/8/2019 8:00,0.247
7/8/2019 9:00,0.349
7/8/2019 10:00,0.378
7/8/2019 11:00,0.438
7/8/2019 12:00,0.489
7/8/2019 13:00,0.507
7/8/2019 14:00,0.472
7/8/2019 15:00,0.421
7/8/2019 16:00,0.354
7/8/2019 17:00,0.238
7/8/2019 18:00,0.104
7/8/2019 19:00,0.014
7/8/2019 20:00,0
7/8/2019 21:00,0
7/8/2019 22:00,0
7/8/2019 23:00,0
7/9/2019 0:00,0
7/9/2019 1:00,0
7/9/2019 2:00,0
7/9/2019 3:00,0
7/9/2019 4:00,0
7/9/2019 5:00,0
7/9/2019 6:00,0.043
7/9/2019 7:00,0.153
7/9/2019 8:00,0.302
7/9/2019 9:00,0.436
7/9/2019 10:00,0.555
7/9/2019 11:00,0.625
7/9/2019 12:00,0.65
7/9/2019 13:00,0.638
7/9/2019 14:00,0.587
7/9/2019 15:00,0.498
7/9/2019 16:00,0.365
7/9/2019 17:00,0.204
7/9/2019 18:00,0.085
7/9/2019 19:00,0.011
7/9/2019 20:00,0
7/9/2019 21:00,0
7/9/2019 22:00,0
7/9/2019 23:00,0
7/10/2019 0:00,0
7/10/2019 1:00,0
7/10/2019 2:00,0
7/10/2019 3:00,0
7/10/2019 4:00,0
7/10/2019 5:00,0
7/10/2019 6:00,0.042
7/10/2019 7:00,0.152
7/10/2019 8:00,0.313
7/10/2019 9:00,0.461
7/10/2019 10:00,0.571
7/10/2019 11:00,0.64
7/10/2019 12:00,0.663
7/10/2019 13:00,0.629
7/10/2019 14:00,0.579
7/10/2019 15:00,0.485
7/10/2019 16:00,0.366
7/10/2019 17:00,0.224
7/10/2019 18:00,0.086
7/10/2019 19:00,0.009
7/10/2019 20:00,0
7/10/2019 21:00,0
7/10/2019 22:00,0
7/10/2019 23:00,0
7/11/2019 0:00,0
7/11/2019 1:00,0
7/11/2019 2:00,0
7/11/2019 3:00,0
7/11/2019 4:00,0
7/11/2019 5:00,0
7/11/2019 6:00,0.043
7/11/2019 7:00,0.155
7/11/2019 8:00,0.309
7/11/2019 9:00,0.444
7/11/2019 10:00,0.533
7/11/2019 11:00,0.599
7/11/2019 12:00,0.607
7/11/2019 13:00,0.584
7/11/2019 14:00,0.526
7/11/2019 15:00,0.431
7/11/2019 16:00,0.298
7/11/2019 17:00,0.164
7/11/2019 18:00,0.057
7/11/2019 19:00,0.004
7/11/2019 20:00,0
7/11/2019 21:00,0
7/11/2019 22:00,0
7/11/2019 23:00,0
7/12/2019 0:00,0
7/12/2019 1:00,0
7/12/2019 2:00,0
7/12/2019 3:00,0
7/12/2019 4:00,0
7/12/2019 5:00,0
7/12/2019 6:00,0.039
7/12/2019 7:00,0.147
7/12/2019 8:00,0.307
7/12/2019 9:00,0.459
7/12/2019 10:00,0.567
7/12/2019 11:00,0.635
7/12/2019 12:00,0.653
7/12/2019 13:00,0.633
7/12/2019 14:00,0.58
7/12/2019 15:00,0.476
7/12/2019 16:00,0.353
7/12/2019 17:00,0.21
7/12/2019 18:00,0.095
7/12/2019 19:00,0.012
7/12/2019 20:00,0
7/12/2019 21:00,0
7/12/2019 22:00,0
7/12/2019 23:00,0
7/13/2019 0:00,0
7/13/2019 1:00,0
7/13/2019 2:00,0
7/13/2019 3:00,0
7/13/2019 4:00,0
7/13/2019 5:00,0
7/13/2019 6:00,0.043
7/13/2019 7:00,0.157
7/13/2019 8:00,0.325
7/13/2019 9:00,0.473
7/13/2019 10:00,0.583
7/13/2019 11:00,0.596
7/13/2019 12:00,0.525
7/13/2019 13:00,0.467
7/13/2019 14:00,0.397
7/13/2019 15:00,0.384
7/13/2019 16:00,0.325
7/13/2019 17:00,0.182
7/13/2019 18:00,0.065
7/13/2019 19:00,0.005
7/13/2019 20:00,0
7/13/2019 21:00,0
7/13/2019 22:00,0
7/13/2019 23:00,0
7/14/2019 0:00,0
7/14/2019 1:00,0
7/14/2019 2:00,0
7/14/2019 3:00,0
7/14/2019 4:00,0
7/14/2019 5:00,0
7/14/2019 6:00,0.015
7/14/2019 7:00,0.072
7/14/2019 8:00,0.157
7/14/2019 9:00,0.28
7/14/2019 10:00,0.435
7/14/2019 11:00,0.521
7/14/2019 12:00,0.446
7/14/2019 13:00,0.315
7/14/2019 14:00,0.253
7/14/2019 15:00,0.199
7/14/2019 16:00,0.146
7/14/2019 17:00,0.087
7/14/2019 18:00,0.036
7/14/2019 19:00,0.002
7/14/2019 20:00,0
7/14/2019 21:00,0
7/14/2019 22:00,0
7/14/2019 23:00,0
7/15/2019 0:00,0
7/15/2019 1:00,0
7/15/2019 2:00,0
7/15/2019 3:00,0
7/15/2019 4:00,0
7/15/2019 5:00,0
7/15/2019 6:00,0.014
7/15/2019 7:00,0.067
7/15/2019 8:00,0.145
7/15/2019 9:00,0.23
7/15/2019 10:00,0.28
7/15/2019 11:00,0.365
7/15/2019 12:00,0.407
7/15/2019 13:00,0.416
7/15/2019 14:00,0.411
7/15/2019 15:00,0.376
7/15/2019 16:00,0.29
7/15/2019 17:00,0.187
7/15/2019 18:00,0.081
7/15/2019 19:00,0.007
7/15/2019 20:00,0
7/15/2019 21:00,0
7/15/2019 22:00,0
7/15/2019 23:00,0
7/16/2019 0:00,0
7/16/2019 1:00,0
7/16/2019 2:00,0
7/16/2019 3:00,0
7/16/2019 4:00,0
7/16/2019 5:00,0
7/16/2019 6:00,0.028
7/16/2019 7:00,0.123
7/16/2019 8:00,0.252
7/16/2019 9:00,0.361
7/16/2019 10:00,0.465
7/16/2019 11:00,0.554
7/16/2019 12:00,0.606
7/16/2019 13:00,0.611
7/16/2019 14:00,0.576
7/16/2019 15:00,0.5
7/16/2019 16:00,0.384
7/16/2019 17:00,0.242
7/16/2019 18:00,0.1
7/16/2019 19:00,0.011
7/16/2019 20:00,0
7/16/2019 21:00,0
7/16/2019 22:00,0
7/16/2019 23:00,0
7/17/2019 0:00,0
7/17/2019 1:00,0
7/17/2019 2:00,0
7/17/2019 3:00,0
7/17/2019 4:00,0
7/17/2019 5:00,0
7/17/2019 6:00,0.041
7/17/2019 7:00,0.152
7/17/2019 8:00,0.291
7/17/2019 9:00,0.399
7/17/2019 10:00,0.477
7/17/2019 11:00,0.535
7/17/2019 12:00,0.523
7/17/2019 13:00,0.464
7/17/2019 14:00,0.401
7/17/2019 15:00,0.316
7/17/2019 16:00,0.215
7/17/2019 17:00,0.119
7/17/2019 18:00,0.054
7/17/2019 19:00,0.004
7/17/2019 20:00,0
7/17/2019 21:00,0
7/17/2019 22:00,0
7/17/2019 23:00,0
7/18/2019 0:00,0
7/18/2019 1:00,0
7/18/2019 2:00,0
7/18/2019 3:00,0
7/18/2019 4:00,0
7/18/2019 5:00,0
7/18/2019 6:00,0.024
7/18/2019 7:00,0.107
7/18/2019 8:00,0.206
7/18/2019 9:00,0.277
7/18/2019 10:00,0.334
7/18/2019 11:00,0.393
7/18/2019 12:00,0.435
7/18/2019 13:00,0.44
7/18/2019 14:00,0.396
7/18/2019 15:00,0.316
7/18/2019 16:00,0.214
7/18/2019 17:00,0.12
7/18/2019 18:00,0.045
7/18/2019 19:00,0.003
7/18/2019 20:00,0
7/18/2019 21:00,0
7/18/2019 22:00,0
7/18/2019 23:00,0
7/19/2019 0:00,0
7/19/2019 1:00,0
7/19/2019 2:00,0
7/19/2019 3:00,0
7/19/2019 4:00,0
7/19/2019 5:00,0
7/19/2019 6:00,0.039
7/19/2019 7:00,0.138
7/19/2019 8:00,0.244
7/19/2019 9:00,0.338
7/19/2019 10:00,0.392
7/19/2019 11:00,0.414
7/19/2019 12:00,0.438
7/19/2019 13:00,0.464
7/19/2019 14:00,0.454
7/19/2019 15:00,0.382
7/19/2019 16:00,0.25
7/19/2019 17:00,0.14
7/19/2019 18:00,0.039
7/19/2019 19:00,0.001
7/19/2019 20:00,0
7/19/2019 21:00,0
7/19/2019 22:00,0
7/19/2019 23:00,0
7/20/2019 0:00,0
7/20/2019 1:00,0
7/20/2019 2:00,0
7/20/2019 3:00,0
7/20/2019 4:00,0
7/20/2019 5:00,0
7/20/2019 6:00,0.022
7/20/2019 7:00,0.094
7/20/2019 8:00,0.17
7/20/2019 9:00,0.254
7/20/2019 10:00,0.333
7/20/2019 11:00,0.403
7/20/2019 12:00,0.443
7/20/2019 13:00,0.424
7/20/2019 14:00,0.381
7/20/2019 15:00,0.278
7/20/2019 16:00,0.17
7/20/2019 17:00,0.087
7/20/2019 18:00,0.032
7/20/2019 19:00,0.001
7/20/2019 20:00,0
7/20/2019 21:00,0
7/20/2019 22:00,0
7/20/2019 23:00,0
7/21/2019 0:00,0
7/21/2019 1:00,0
7/21/2019 2:00,0
7/21/2019 3:00,0
7/21/2019 4:00,0
7/21/2019 5:00,0
7/21/2019 6:00,0.02
7/21/2019 7:00,0.092
7/21/2019 8:00,0.191
7/21/2019 9:00,0.297
7/21/2019 10:00,0.363
7/21/2019 11:00,0.459
7/21/2019 12:00,0.528
7/21/2019 13:00,0.494
7/21/2019 14:00,0.461
7/21/2019 15:00,0.405
7/21/2019 16:00,0.282
7/21/2019 17:00,0.172
7/21/2019 18:00,0.072
7/21/2019 19:00,0.005
7/21/2019 20:00,0
7/21/2019 21:00,0
7/21/2019 22:00,0
7/21/2019 23:00,0
7/22/2019 0:00,0
7/22/2019 1:00,0
7/22/2019 2:00,0
7/22/2019 3:00,0
7/22/2019 4:00,0
7/22/2019 5:00,0
7/22/2019 6:00,0.021
7/22/2019 7:00,0.105
7/22/2019 8:00,0.223
7/22/2019 9:00,0.349
7/22/2019 10:00,0.457
7/22/2019 11:00,0.535
7/22/2019 12:00,0.57
7/22/2019 13:00,0.542
7/22/2019 14:00,0.476
7/22/2019 15:00,0.394
7/22/2019 16:00,0.3
7/22/2019 17:00,0.18
7/22/2019 18:00,0.076
7/22/2019 19:00,0.006
7/22/2019 20:00,0
7/22/2019 21:00,0
7/22/2019 22:00,0
7/22/2019 23:00,0
7/23/2019 0:00,0
7/23/2019 1:00,0
7/23/2019 2:00,0
7/23/2019 3:00,0
7/23/2019 4:00,0
7/23/2019 5:00,0
7/23/2019 6:00,0.02
7/23/2019 7:00,0.083
7/23/2019 8:00,0.149
7/23/2019 9:00,0.239
7/23/2019 10:00,0.397
7/23/2019 11:00,0.596
7/23/2019 12:00,0.677
7/23/2019 13:00,0.649
7/23/2019 14:00,0.576
7/23/2019 15:00,0.492
7/23/2019 16:00,0.376
7/23/2019 17:00,0.214
7/23/2019 18:00,0.097
7/23/2019 19:00,0.007
7/23/2019 20:00,0
7/23/2019 21:00,0
7/23/2019 22:00,0
7/23/2019 23:00,0
7/24/2019 0:00,0
7/24/2019 1:00,0
7/24/2019 2:00,0
7/24/2019 3:00,0
7/24/2019 4:00,0
7/24/2019 5:00,0
7/24/2019 6:00,0.034
7/24/2019 7:00,0.151
7/24/2019 8:00,0.335
7/24/2019 9:00,0.499
7/24/2019 10:00,0.62
7/24/2019 11:00,0.695
7/24/2019 12:00,0.727
7/24/2019 13:00,0.716
7/24/2019 14:00,0.663
7/24/2019 15:00,0.567
7/24/2019 16:00,0.43
7/24/2019 17:00,0.261
7/24/2019 18:00,0.094
7/24/2019 19:00,0.007
7/24/2019 20:00,0
7/24/2019 21:00,0
7/24/2019 22:00,0
7/24/2019 23:00,0
7/25/2019 0:00,0
7/25/2019 1:00,0
7/25/2019 2:00,0
7/25/2019 3:00,0
7/25/2019 4:00,0
7/25/2019 5:00,0
7/25/2019 6:00,0.034
7/25/2019 7:00,0.151
7/25/2019 8:00,0.333
7/25/2019 9:00,0.494
7/25/2019 10:00,0.614
7/25/2019 11:00,0.687
7/25/2019 12:00,0.715
7/25/2019 13:00,0.701
7/25/2019 14:00,0.647
7/25/2019 15:00,0.55
7/25/2019 16:00,0.407
7/25/2019 17:00,0.23
7/25/2019 18:00,0.091
7/25/2019 19:00,0.007
7/25/2019 20:00,0
7/25/2019 21:00,0
7/25/2019 22:00,0
7/25/2019 23:00,0
7/26/2019 0:00,0
7/26/2019 1:00,0
7/26/2019 2:00,0
7/26/2019 3:00,0
7/26/2019 4:00,0
7/26/2019 5:00,0
7/26/2019 6:00,0.035
7/26/2019 7:00,0.153
7/26/2019 8:00,0.327
7/26/2019 9:00,0.478
7/26/2019 10:00,0.585
7/26/2019 11:00,0.663
7/26/2019 12:00,0.662
7/26/2019 13:00,0.593
7/26/2019 14:00,0.538
7/26/2019 15:00,0.464
7/26/2019 16:00,0.31
7/26/2019 17:00,0.174
7/26/2019 18:00,0.063
7/26/2019 19:00,0.005
7/26/2019 20:00,0
7/26/2019 21:00,0
7/26/2019 22:00,0
7/26/2019 23:00,0
7/27/2019 0:00,0
7/27/2019 1:00,0
7/27/2019 2:00,0
7/27/2019 3:00,0
7/27/2019 4:00,0
7/27/2019 5:00,0
7/27/2019 6:00,0.026
7/27/2019 7:00,0.128
7/27/2019 8:00,0.246
7/27/2019 9:00,0.375
7/27/2019 10:00,0.508
7/27/2019 11:00,0.628
7/27/2019 12:00,0.678
7/27/2019 13:00,0.665
7/27/2019 14:00,0.583
7/27/2019 15:00,0.478
7/27/2019 16:00,0.264
7/27/2019 17:00,0.15
7/27/2019 18:00,0.061
7/27/2019 19:00,0.003
7/27/2019 20:00,0
7/27/2019 21:00,0
7/27/2019 22:00,0
7/27/2019 23:00,0
7/28/2019 0:00,0
7/28/2019 1:00,0
7/28/2019 2:00,0
7/28/2019 3:00,0
7/28/2019 4:00,0
7/28/2019 5:00,0
7/28/2019 6:00,0.032
7/28/2019 7:00,0.147
7/28/2019 8:00,0.316
7/28/2019 9:00,0.469
7/28/2019 10:00,0.582
7/28/2019 11:00,0.656
7/28/2019 12:00,0.686
7/28/2019 13:00,0.645
7/28/2019 14:00,0.601
7/28/2019 15:00,0.526
7/28/2019 16:00,0.391
7/28/2019 17:00,0.231
7/28/2019 18:00,0.084
7/28/2019 19:00,0.004
7/28/2019 20:00,0
7/28/2019 21:00,0
7/28/2019 22:00,0
7/28/2019 23:00,0
10/1/2019 0:00,0
10/1/2019 1:00,0
10/1/2019 2:00,0
10/1/2019 3:00,0
10/1/2019 4:00,0
10/1/2019 5:00,0
10/1/2019 6:00,0
10/1/2019 7:00,0.068
10/1/2019 8:00,0.274
10/1/2019 9:00,0.456
10/1/2019 10:00,0.588
10/1/2019 11:00,0.668
10/1/2019 12:00,0.7
10/1/2019 13:00,0.692
10/1/2019 14:00,0.599
10/1/2019 15:00,0.521
10/1/2019 16:00,0.34
10/1/2019 17:00,0.117
10/1/2019 18:00,0.006
10/1/2019 19:00,0
10/1/2019 20:00,0
10/1/2019 21:00,0
10/1/2019 22:00,0
10/1/2019 23:00,0
10/2/2019 0:00,0
10/2/2019 1:00,0
10/2/2019 2:00,0
10/2/2019 3:00,0
10/2/2019 4:00,0
10/2/2019 5:00,0
10/2/2019 6:00,0
10/2/2019 7:00,0.064
10/2/2019 8:00,0.266
10/2/2019 9:00,0.448
10/2/2019 10:00,0.516
10/2/2019 11:00,0.555
10/2/2019 12:00,0.592
10/2/2019 13:00,0.55
10/2/2019 14:00,0.453
10/2/2019 15:00,0.372
10/2/2019 16:00,0.258
10/2/2019 17:00,0.112
10/2/2019 18:00,0.006
10/2/2019 19:00,0
10/2/2019 20:00,0
10/2/2019 21:00,0
10/2/2019 22:00,0
10/2/2019 23:00,0
10/3/2019 0:00,0
10/3/2019 1:00,0
10/3/2019 2:00,0
10/3/2019 3:00,0
10/3/2019 4:00,0
10/3/2019 5:00,0
10/3/2019 6:00,0
10/3/2019 7:00,0.059
10/3/2019 8:00,0.257
10/3/2019 9:00,0.436
10/3/2019 10:00,0.57
10/3/2019 11:00,0.654
10/3/2019 12:00,0.648
10/3/2019 13:00,0.626
10/3/2019 14:00,0.518
10/3/2019 15:00,0.448
10/3/2019 16:00,0.289
10/3/2019 17:00,0.133
10/3/2019 18:00,0.007
10/3/2019 19:00,0
10/3/2019 20:00,0
10/3/2019 21:00,0
10/3/2019 22:00,0
10/3/2019 23:00,0
10/4/2019 0:00,0
10/4/2019 1:00,0
10/4/2019 2:00,0
10/4/2019 3:00,0
10/4/2019 4:00,0
10/4/2019 5:00,0
10/4/2019 6:00,0
10/4/2019 7:00,0.064
10/4/2019 8:00,0.275
10/4/2019 9:00,0.449
10/4/2019 10:00,0.579
10/4/2019 11:00,0.657
10/4/2019 12:00,0.692
10/4/2019 13:00,0.681
10/4/2019 14:00,0.628
10/4/2019 15:00,0.523
10/4/2019 16:00,0.357
10/4/2019 17:00,0.167
10/4/2019 18:00,0.008
10/4/2019 19:00,0
10/4/2019 20:00,0
10/4/2019 21:00,0
10/4/2019 22:00,0
10/4/2019 23:00,0
10/5/2019 0:00,0
10/5/2019 1:00,0
10/5/2019 2:00,0
10/5/2019 3:00,0
10/5/2019 4:00,0
10/5/2019 5:00,0
10/5/2019 6:00,0
10/5/2019 7:00,0.065
10/5/2019 8:00,0.28
10/5/2019 9:00,0.469
10/5/2019 10:00,0.596
10/5/2019 11:00,0.672
10/5/2019 12:00,0.703
10/5/2019 13:00,0.687
10/5/2019 14:00,0.608
10/5/2019 15:00,0.307
10/5/2019 16:00,0.15
10/5/2019 17:00,0.039
10/5/2019 18:00,0
10/5/2019 19:00,0
10/5/2019 20:00,0
10/5/2019 21:00,0
10/5/2019 22:00,0
10/5/2019 23:00,0
10/6/2019 0:00,0
10/6/2019 1:00,0
10/6/2019 2:00,0
10/6/2019 3:00,0
10/6/2019 4:00,0
10/6/2019 5:00,0
10/6/2019 6:00,0
10/6/2019 7:00,0.036
10/6/2019 8:00,0.202
10/6/2019 9:00,0.381
10/6/2019 10:00,0.519
10/6/2019 11:00,0.581
10/6/2019 12:00,0.605
10/6/2019 13:00,0.578
10/6/2019 14:00,0.498
10/6/2019 15:00,0.391
10/6/2019 16:00,0.252
10/6/2019 17:00,0.101
10/6/2019 18:00,0.003
10/6/2019 19:00,0
10/6/2019 20:00,0
10/6/2019 21:00,0
10/6/2019 22:00,0
10/6/2019 23:00,0
10/7/2019 0:00,0
10/7/2019 1:00,0
10/7/2019 2:00,0
10/7/2019 3:00,0
10/7/2019 4:00,0
10/7/2019 5:00,0
10/7/2019 6:00,0
10/7/2019 7:00,0.052
10/7/2019 8:00,0.26
10/7/2019 9:00,0.453
10/7/2019 10:00,0.587
10/7/2019 11:00,0.637
10/7/2019 12:00,0.618
10/7/2019 13:00,0.545
10/7/2019 14:00,0.378
10/7/2019 15:00,0.216
10/7/2019 16:00,0.133
10/7/2019 17:00,0.056
10/7/2019 18:00,0.001
10/7/2019 19:00,0
10/7/2019 20:00,0
10/7/2019 21:00,0
10/7/2019 22:00,0
10/7/2019 23:00,0
10/8/2019 0:00,0
10/8/2019 1:00,0
10/8/2019 2:00,0
10/8/2019 3:00,0
10/8/2019 4:00,0
10/8/2019 5:00,0
10/8/2019 6:00,0
10/8/2019 7:00,0.051
10/8/2019 8:00,0.27
10/8/2019 9:00,0.475
10/8/2019 10:00,0.62
10/8/2019 11:00,0.705
10/8/2019 12:00,0.727
10/8/2019 13:00,0.732
10/8/2019 14:00,0.663
10/8/2019 15:00,0.558
10/8/2019 16:00,0.4
10/8/2019 17:00,0.189
10/8/2019 18:00,0.006
10/8/2019 19:00,0
10/8/2019 20:00,0
10/8/2019 21:00,0
10/8/2019 22:00,0
10/8/2019 23:00,0
10/9/2019 0:00,0
10/9/2019 1:00,0
10/9/2019 2:00,0
10/9/2019 3:00,0
10/9/2019 4:00,0
10/9/2019 5:00,0
10/9/2019 6:00,0
10/9/2019 7:00,0.063
10/9/2019 8:00,0.285
10/9/2019 9:00,0.486
10/9/2019 10:00,0.622
10/9/2019 11:00,0.706
10/9/2019 12:00,0.738
10/9/2019 13:00,0.675
10/9/2019 14:00,0.575
10/9/2019 15:00,0.486
10/9/2019 16:00,0.339
10/9/2019 17:00,0.152
10/9/2019 18:00,0.003
10/9/2019 19:00,0
10/9/2019 20:00,0
10/9/2019 21:00,0
10/9/2019 22:00,0
10/9/2019 23:00,0
10/10/2019 0:00,0
10/10/2019 1:00,0
10/10/2019 2:00,0
10/10/2019 3:00,0
10/10/2019 4:00,0
10/10/2019 5:00,0
10/10/2019 6:00,0
10/10/2019 7:00,0.011
10/10/2019 8:00,0.088
10/10/2019 9:00,0.178
10/10/2019 10:00,0.287
10/10/2019 11:00,0.336
10/10/2019 12:00,0.375
10/10/2019 13:00,0.482
10/10/2019 14:00,0.498
10/10/2019 15:00,0.464
10/10/2019 16:00,0.315
10/10/2019 17:00,0.136
10/10/2019 18:00,0.003
10/10/2019 19:00,0
10/10/2019 20:00,0
10/10/2019 21:00,0
10/10/2019 22:00,0
10/10/2019 23:00,0
10/11/2019 0:00,0
10/11/2019 1:00,0
10/11/2019 2:00,0
10/11/2019 3:00,0
10/11/2019 4:00,0
10/11/2019 5:00,0
10/11/2019 6:00,0
10/11/2019 7:00,0.055
10/11/2019 8:00,0.265
10/11/2019 9:00,0.451
10/11/2019 10:00,0.595
10/11/2019 11:00,0.626
10/11/2019 12:00,0.681
10/11/2019 13:00,0.617
10/11/2019 14:00,0.417
10/11/2019 15:00,0.316
10/11/2019 16:00,0.265
10/11/2019 17:00,0.142
10/11/2019 18:00,0.004
10/11/2019 19:00,0
10/11/2019 20:00,0
10/11/2019 21:00,0
10/11/2019 22:00,0
10/11/2019 23:00,0
10/12/2019 0:00,0
10/12/2019 1:00,0
10/12/2019 2:00,0
10/12/2019 3:00,0
10/12/2019 4:00,0
10/12/2019 5:00,0
10/12/2019 6:00,0
10/12/2019 7:00,0.018
10/12/2019 8:00,0.174
10/12/2019 9:00,0.352
10/12/2019 10:00,0.48
10/12/2019 11:00,0.539
10/12/2019 12:00,0.514
10/12/2019 13:00,0.496
10/12/2019 14:00,0.481
10/12/2019 15:00,0.456
10/12/2019 16:00,0.355
10/12/2019 17:00,0.167
10/12/2019 18:00,0.003
10/12/2019 19:00,0
10/12/2019 20:00,0
10/12/2019 21:00,0
10/12/2019 22:00,0
10/12/2019 23:00,0
10/13/2019 0:00,0
10/13/2019 1:00,0
10/13/2019 2:00,0
10/13/2019 3:00,0
10/13/2019 4:00,0
10/13/2019 5:00,0
10/13/2019 6:00,0
10/13/2019 7:00,0.014
10/13/2019 8:00,0.09
10/13/2019 9:00,0.205
10/13/2019 10:00,0.272
10/13/2019 11:00,0.36
10/13/2019 12:00,0.352
10/13/2019 13:00,0.336
10/13/2019 14:00,0.25
10/13/2019 15:00,0.159
10/13/2019 16:00,0.118
10/13/2019 17:00,0.052
10/13/2019 18:00,0.001
10/13/2019 19:00,0
10/13/2019 20:00,0
10/13/2019 21:00,0
10/13/2019 22:00,0
10/13/2019 23:00,0
10/14/2019 0:00,0
10/14/2019 1:00,0
10/14/2019 2:00,0
10/14/2019 3:00,0
10/14/2019 4:00,0
10/14/2019 5:00,0
10/14/2019 6:00,0
10/14/2019 7:00,0.035
10/14/2019 8:00,0.243
10/14/2019 9:00,0.455
10/14/2019 10:00,0.613
10/14/2019 11:00,0.591
10/14/2019 12:00,0.487
10/14/2019 13:00,0.494
10/14/2019 14:00,0.308
10/14/2019 15:00,0.214
10/14/2019 16:00,0.118
10/14/2019 17:00,0.034
10/14/2019 18:00,0
10/14/2019 19:00,0
10/14/2019 20:00,0
10/14/2019 21:00,0
10/14/2019 22:00,0
10/14/2019 23:00,0
10/15/2019 0:00,0
10/15/2019 1:00,0
10/15/2019 2:00,0
10/15/2019 3:00,0
10/15/2019 4:00,0
10/15/2019 5:00,0
10/15/2019 6:00,0
10/15/2019 7:00,0.003
10/15/2019 8:00,0.03
10/15/2019 9:00,0.085
10/15/2019 10:00,0.164
10/15/2019 11:00,0.112
10/15/2019 12:00,0.12
10/15/2019 13:00,0.118
10/15/2019 14:00,0.116
10/15/2019 15:00,0.076
10/15/2019 16:00,0.032
10/15/2019 17:00,0.008
10/15/2019 18:00,0
10/15/2019 19:00,0
10/15/2019 20:00,0
10/15/2019 21:00,0
10/15/2019 22:00,0
10/15/2019 23:00,0
10/16/2019 0:00,0
10/16/2019 1:00,0
10/16/2019 2:00,0
10/16/2019 3:00,0
10/16/2019 4:00,0
10/16/2019 5:00,0
10/16/2019 6:00,0
10/16/2019 7:00,0.009
10/16/2019 8:00,0.058
10/16/2019 9:00,0.156
10/16/2019 10:00,0.387
10/16/2019 11:00,0.66
10/16/2019 12:00,0.724
10/16/2019 13:00,0.709
10/16/2019 14:00,0.728
10/16/2019 15:00,0.612
10/16/2019 16:00,0.395
10/16/2019 17:00,0.195
10/16/2019 18:00,0.002
10/16/2019 19:00,0
10/16/2019 20:00,0
10/16/2019 21:00,0
10/16/2019 22:00,0
10/16/2019 23:00,0
10/17/2019 0:00,0
10/17/2019 1:00,0
10/17/2019 2:00,0
10/17/2019 3:00,0
10/17/2019 4:00,0
10/17/2019 5:00,0
10/17/2019 6:00,0
10/17/2019 7:00,0.061
10/17/2019 8:00,0.312
10/17/2019 9:00,0.537
10/17/2019 10:00,0.693
10/17/2019 11:00,0.783
10/17/2019 12:00,0.818
10/17/2019 13:00,0.801
10/17/2019 14:00,0.735
10/17/2019 15:00,0.616
10/17/2019 16:00,0.44
10/17/2019 17:00,0.207
10/17/2019 18:00,0.002
10/17/2019 19:00,0
10/17/2019 20:00,0
10/17/2019 21:00,0
10/17/2019 22:00,0
10/17/2019 23:00,0
10/18/2019 0:00,0
10/18/2019 1:00,0
10/18/2019 2:00,0
10/18/2019 3:00,0
10/18/2019 4:00,0
10/18/2019 5:00,0
10/18/2019 6:00,0
10/18/2019 7:00,0.027
10/18/2019 8:00,0.195
10/18/2019 9:00,0.35
10/18/2019 10:00,0.393
10/18/2019 11:00,0.361
10/18/2019 12:00,0.311
10/18/2019 13:00,0.246
10/18/2019 14:00,0.222
10/18/2019 15:00,0.242
10/18/2019 16:00,0.344
10/18/2019 17:00,0.119
10/18/2019 18:00,0
10/18/2019 19:00,0
10/18/2019 20:00,0
10/18/2019 21:00,0
10/18/2019 22:00,0
10/18/2019 23:00,0
10/19/2019 0:00,0
10/19/2019 1:00,0
10/19/2019 2:00,0
10/19/2019 3:00,0
10/19/2019 4:00,0
10/19/2019 5:00,0
10/19/2019 6:00,0
10/19/2019 7:00,0.017
10/19/2019 8:00,0.098
10/19/2019 9:00,0.099
10/19/2019 10:00,0.118
10/19/2019 11:00,0.149
10/19/2019 12:00,0.207
10/19/2019 13:00,0.211
10/19/2019 14:00,0.19
10/19/2019 15:00,0.144
10/19/2019 16:00,0.099
10/19/2019 17:00,0.048
10/19/2019 18:00,0
10/19/2019 19:00,0
10/19/2019 20:00,0
10/19/2019 21:00,0
10/19/2019 22:00,0
10/19/2019 23:00,0
10/20/2019 0:00,0
10/20/2019 1:00,0
10/20/2019 2:00,0
10/20/2019 3:00,0
10/20/2019 4:00,0
10/20/2019 5:00,0
10/20/2019 6:00,0
10/20/2019 7:00,0.039
10/20/2019 8:00,0.266
10/20/2019 9:00,0.484
10/20/2019 10:00,0.634
10/20/2019 11:00,0.719
10/20/2019 12:00,0.754
10/20/2019 13:00,0.739
10/20/2019 14:00,0.672
10/20/2019 15:00,0.521
10/20/2019 16:00,0.32
10/20/2019 17:00,0.103
10/20/2019 18:00,0
10/20/2019 19:00,0
10/20/2019 20:00,0
10/20/2019 21:00,0
10/20/2019 22:00,0
10/20/2019 23:00,0
10/21/2019 0:00,0
10/21/2019 1:00,0
10/21/2019 2:00,0
10/21/2019 3:00,0
10/21/2019 4:00,0
10/21/2019 5:00,0
10/21/2019 6:00,0
10/21/2019 7:00,0.01
10/21/2019 8:00,0.09
10/21/2019 9:00,0.165
10/21/2019 10:00,0.277
10/21/2019 11:00,0.26
10/21/2019 12:00,0.25
10/21/2019 13:00,0.293
10/21/2019 14:00,0.219
10/21/2019 15:00,0.157
10/21/2019 16:00,0.085
10/21/2019 17:00,0.035
10/21/2019 18:00,0
10/21/2019 19:00,0
10/21/2019 20:00,0
10/21/2019 21:00,0
10/21/2019 22:00,0
10/21/2019 23:00,0
10/22/2019 0:00,0
10/22/2019 1:00,0
10/22/2019 2:00,0
10/22/2019 3:00,0
10/22/2019 4:00,0
10/22/2019 5:00,0
10/22/2019 6:00,0
10/22/2019 7:00,0.041
10/22/2019 8:00,0.289
10/22/2019 9:00,0.515
10/22/2019 10:00,0.679
10/22/2019 11:00,0.775
10/22/2019 12:00,0.813
10/22/2019 13:00,0.799
10/22/2019 14:00,0.734
10/22/2019 15:00,0.619
10/22/2019 16:00,0.447
10/22/2019 17:00,0.226
10/22/2019 18:00,0.001
10/22/2019 19:00,0
10/22/2019 20:00,0
10/22/2019 21:00,0
10/22/2019 22:00,0
10/22/2019 23:00,0
10/23/2019 0:00,0
10/23/2019 1:00,0
10/23/2019 2:00,0
10/23/2019 3:00,0
10/23/2019 4:00,0
10/23/2019 5:00,0
10/23/2019 6:00,0
10/23/2019 7:00,0.053
10/23/2019 8:00,0.312
10/23/2019 9:00,0.538
10/23/2019 10:00,0.689
10/23/2019 11:00,0.781
10/23/2019 12:00,0.817
10/23/2019 13:00,0.802
10/23/2019 14:00,0.738
10/23/2019 15:00,0.621
10/23/2019 16:00,0.448
10/23/2019 17:00,0.23
10/23/2019 18:00,0.002
10/23/2019 19:00,0
10/23/2019 20:00,0
10/23/2019 21:00,0
10/23/2019 22:00,0
10/23/2019 23:00,0
10/24/2019 0:00,0
10/24/2019 1:00,0
10/24/2019 2:00,0
10/24/2019 3:00,0
10/24/2019 4:00,0
10/24/2019 5:00,0
10/24/2019 6:00,0
10/24/2019 7:00,0.042
10/24/2019 8:00,0.286
10/24/2019 9:00,0.511
10/24/2019 10:00,0.658
10/24/2019 11:00,0.747
10/24/2019 12:00,0.778
10/24/2019 13:00,0.763
10/24/2019 14:00,0.694
10/24/2019 15:00,0.574
10/24/2019 16:00,0.388
10/24/2019 17:00,0.134
10/24/2019 18:00,0
10/24/2019 19:00,0
10/24/2019 20:00,0
10/24/2019 21:00,0
10/24/2019 22:00,0
10/24/2019 23:00,0
10/25/2019 0:00,0
10/25/2019 1:00,0
10/25/2019 2:00,0
10/25/2019 3:00,0
10/25/2019 4:00,0
10/25/2019 5:00,0
10/25/2019 6:00,0
10/25/2019 7:00,0.001
10/25/2019 8:00,0.046
10/25/2019 9:00,0.104
10/25/2019 10:00,0.102
10/25/2019 11:00,0.132
10/25/2019 12:00,0.154
10/25/2019 13:00,0.124
10/25/2019 14:00,0.114
10/25/2019 15:00,0.092
10/25/2019 16:00,0.066
10/25/2019 17:00,0.019
10/25/2019 18:00,0
10/25/2019 19:00,0
10/25/2019 20:00,0
10/25/2019 21:00,0
10/25/2019 22:00,0
10/25/2019 23:00,0
10/26/2019 0:00,0
10/26/2019 1:00,0
10/26/2019 2:00,0
10/26/2019 3:00,0
10/26/2019 4:00,0
10/26/2019 5:00,0
10/26/2019 6:00,0
10/26/2019 7:00,0.002
10/26/2019 8:00,0.053
10/26/2019 9:00,0.133
10/26/2019 10:00,0.261
10/26/2019 11:00,0.491
10/26/2019 12:00,0.559
10/26/2019 13:00,0.481
10/26/2019 14:00,0.341
10/26/2019 15:00,0.254
10/26/2019 16:00,0.14
10/26/2019 17:00,0.048
10/26/2019 18:00,0
10/26/2019 19:00,0
10/26/2019 20:00,0
10/26/2019 21:00,0
10/26/2019 22:00,0
10/26/2019 23:00,0
10/27/2019 0:00,0
10/27/2019 1:00,0
10/27/2019 2:00,0
10/27/2019 3:00,0
10/27/2019 4:00,0
10/27/2019 5:00,0
10/27/2019 6:00,0
10/27/2019 7:00,0.007
10/27/2019 8:00,0.105
10/27/2019 9:00,0.263
10/27/2019 10:00,0.39
10/27/2019 11:00,0.712
10/27/2019 12:00,0.78
10/27/2019 13:00,0.771
10/27/2019 14:00,0.707
10/27/2019 15:00,0.589
10/27/2019 16:00,0.414
10/27/2019 17:00,0.19
10/27/2019 18:00,0
10/27/2019 19:00,0
10/27/2019 20:00,0
10/27/2019 21:00,0
10/27/2019 22:00,0
10/27/2019 23:00,0
10/28/2019 0:00,0
10/28/2019 1:00,0
10/28/2019 2:00,0
10/28/2019 3:00,0
10/28/2019 4:00,0
10/28/2019 5:00,0
10/28/2019 6:00,0
10/28/2019 7:00,0.027
10/28/2019 8:00,0.248
10/28/2019 9:00,0.484
10/28/2019 10:00,0.643
10/28/2019 11:00,0.733
10/28/2019 12:00,0.763
10/28/2019 13:00,0.731
10/28/2019 14:00,0.66
10/28/2019 15:00,0.546
10/28/2019 16:00,0.377
10/28/2019 17:00,0.175
10/28/2019 18:00,0
10/28/2019 19:00,0
10/28/2019 20:00,0
10/28/2019 21:00,0
10/28/2019 22:00,0
10/28/2019 23:00,0
