" ""local_time"": ""Etc/GMT+5"""," ""electricity"": ""kW""}"
1/1/2019 0:00,0.881
1/1/2019 1:00,0.863
1/1/2019 2:00,0.867
1/1/2019 3:00,0.871
1/1/2019 4:00,0.897
1/1/2019 5:00,0.93
1/1/2019 6:00,0.958
1/1/2019 7:00,0.972
1/1/2019 8:00,0.982
1/1/2019 9:00,0.986
1/1/2019 10:00,0.987
1/1/2019 11:00,0.986
1/1/2019 12:00,0.982
1/1/2019 13:00,0.98
1/1/2019 14:00,0.966
1/1/2019 15:00,0.931
1/1/2019 16:00,0.864
1/1/2019 17:00,0.786
1/1/2019 18:00,0.653
1/1/2019 19:00,0.571
1/1/2019 20:00,0.573
1/1/2019 21:00,0.59
1/1/2019 22:00,0.591
1/1/2019 23:00,0.507
1/2/2019 0:00,0.398
1/2/2019 1:00,0.244
1/2/2019 2:00,0.078
1/2/2019 3:00,0
1/2/2019 4:00,0
1/2/2019 5:00,0
1/2/2019 6:00,0
1/2/2019 7:00,0
1/2/2019 8:00,0.001
1/2/2019 9:00,0.018
1/2/2019 10:00,0.049
1/2/2019 11:00,0.081
1/2/2019 12:00,0.13
1/2/2019 13:00,0.184
1/2/2019 14:00,0.209
1/2/2019 15:00,0.286
1/2/2019 16:00,0.371
1/2/2019 17:00,0.422
1/2/2019 18:00,0.461
1/2/2019 19:00,0.491
1/2/2019 20:00,0.489
1/2/2019 21:00,0.456
1/2/2019 22:00,0.374
1/2/2019 23:00,0.302
1/3/2019 0:00,0.272
1/3/2019 1:00,0.298
1/3/2019 2:00,0.314
1/3/2019 3:00,0.34
1/3/2019 4:00,0.547
1/3/2019 5:00,0.826
1/3/2019 6:00,0.955
1/3/2019 7:00,0.975
1/3/2019 8:00,0.964
1/3/2019 9:00,0.927
1/3/2019 10:00,0.889
1/3/2019 11:00,0.879
1/3/2019 12:00,0.855
1/3/2019 13:00,0.817
1/3/2019 14:00,0.737
1/3/2019 15:00,0.641
1/3/2019 16:00,0.534
1/3/2019 17:00,0.376
1/3/2019 18:00,0.308
1/3/2019 19:00,0.349
1/3/2019 20:00,0.339
1/3/2019 21:00,0.238
1/3/2019 22:00,0.196
1/3/2019 23:00,0.176
1/4/2019 0:00,0.135
1/4/2019 1:00,0.107
1/4/2019 2:00,0.083
1/4/2019 3:00,0.056
1/4/2019 4:00,0.032
1/4/2019 5:00,0.012
1/4/2019 6:00,0.003
1/4/2019 7:00,0.002
1/4/2019 8:00,0.006
1/4/2019 9:00,0.021
1/4/2019 10:00,0.061
1/4/2019 11:00,0.097
1/4/2019 12:00,0.149
1/4/2019 13:00,0.21
1/4/2019 14:00,0.285
1/4/2019 15:00,0.355
1/4/2019 16:00,0.428
1/4/2019 17:00,0.491
1/4/2019 18:00,0.51
1/4/2019 19:00,0.508
1/4/2019 20:00,0.601
1/4/2019 21:00,0.744
1/4/2019 22:00,0.852
1/4/2019 23:00,0.898
1/5/2019 0:00,0.898
1/5/2019 1:00,0.888
1/5/2019 2:00,0.945
1/5/2019 3:00,0.977
1/5/2019 4:00,0.988
1/5/2019 5:00,0.989
1/5/2019 6:00,0.988
1/5/2019 7:00,0.983
1/5/2019 8:00,0.984
1/5/2019 9:00,0.98
1/5/2019 10:00,0.961
1/5/2019 11:00,0.974
1/5/2019 12:00,0.985
1/5/2019 13:00,0.991
1/5/2019 14:00,0.991
1/5/2019 15:00,0.991
1/5/2019 16:00,0.991
1/5/2019 17:00,0.988
1/5/2019 18:00,0.984
1/5/2019 19:00,0.98
1/5/2019 20:00,0.973
1/5/2019 21:00,0.969
1/5/2019 22:00,0.965
1/5/2019 23:00,0.949
1/6/2019 0:00,0.921
1/6/2019 1:00,0.893
1/6/2019 2:00,0.873
1/6/2019 3:00,0.831
1/6/2019 4:00,0.725
1/6/2019 5:00,0.564
1/6/2019 6:00,0.451
1/6/2019 7:00,0.4
1/6/2019 8:00,0.41
1/6/2019 9:00,0.447
1/6/2019 10:00,0.506
1/6/2019 11:00,0.561
1/6/2019 12:00,0.617
1/6/2019 13:00,0.627
1/6/2019 14:00,0.662
1/6/2019 15:00,0.679
1/6/2019 16:00,0.678
1/6/2019 17:00,0.701
1/6/2019 18:00,0.724
1/6/2019 19:00,0.762
1/6/2019 20:00,0.807
1/6/2019 21:00,0.847
1/6/2019 22:00,0.839
1/6/2019 23:00,0.84
1/7/2019 0:00,0.84
1/7/2019 1:00,0.835
1/7/2019 2:00,0.822
1/7/2019 3:00,0.818
1/7/2019 4:00,0.826
1/7/2019 5:00,0.815
1/7/2019 6:00,0.796
1/7/2019 7:00,0.763
1/7/2019 8:00,0.706
1/7/2019 9:00,0.638
1/7/2019 10:00,0.574
1/7/2019 11:00,0.475
1/7/2019 12:00,0.385
1/7/2019 13:00,0.289
1/7/2019 14:00,0.196
1/7/2019 15:00,0.178
1/7/2019 16:00,0.18
1/7/2019 17:00,0.158
1/7/2019 18:00,0.112
1/7/2019 19:00,0.074
1/7/2019 20:00,0.049
1/7/2019 21:00,0.03
1/7/2019 22:00,0.028
1/7/2019 23:00,0.063
1/8/2019 0:00,0.139
1/8/2019 1:00,0.192
1/8/2019 2:00,0.211
1/8/2019 3:00,0.223
1/8/2019 4:00,0.251
1/8/2019 5:00,0.316
1/8/2019 6:00,0.507
1/8/2019 7:00,0.71
1/8/2019 8:00,0.806
1/8/2019 9:00,0.888
1/8/2019 10:00,0.932
1/8/2019 11:00,0.959
1/8/2019 12:00,0.974
1/8/2019 13:00,0.984
1/8/2019 14:00,0.989
1/8/2019 15:00,0.99
1/8/2019 16:00,0.99
1/8/2019 17:00,0.989
1/8/2019 18:00,0.989
1/8/2019 19:00,0.99
1/8/2019 20:00,0.991
1/8/2019 21:00,0.99
1/8/2019 22:00,0.991
1/8/2019 23:00,0.991
1/9/2019 0:00,0.991
1/9/2019 1:00,0.989
1/9/2019 2:00,0.987
1/9/2019 3:00,0.989
1/9/2019 4:00,0.991
1/9/2019 5:00,0.988
1/9/2019 6:00,0.97
1/9/2019 7:00,0.933
1/9/2019 8:00,0.863
1/9/2019 9:00,0.803
1/9/2019 10:00,0.82
1/9/2019 11:00,0.849
1/9/2019 12:00,0.882
1/9/2019 13:00,0.914
1/9/2019 14:00,0.933
1/9/2019 15:00,0.938
1/9/2019 16:00,0.921
1/9/2019 17:00,0.896
1/9/2019 18:00,0.886
1/9/2019 19:00,0.891
1/9/2019 20:00,0.899
1/9/2019 21:00,0.91
1/9/2019 22:00,0.936
1/9/2019 23:00,0.955
1/10/2019 0:00,0.968
1/10/2019 1:00,0.972
1/10/2019 2:00,0.972
1/10/2019 3:00,0.975
1/10/2019 4:00,0.981
1/10/2019 5:00,0.984
1/10/2019 6:00,0.985
1/10/2019 7:00,0.986
1/10/2019 8:00,0.986
1/10/2019 9:00,0.987
1/10/2019 10:00,0.988
1/10/2019 11:00,0.986
1/10/2019 12:00,0.984
1/10/2019 13:00,0.983
1/10/2019 14:00,0.98
1/10/2019 15:00,0.977
1/10/2019 16:00,0.977
1/10/2019 17:00,0.98
1/10/2019 18:00,0.981
1/10/2019 19:00,0.978
1/10/2019 20:00,0.973
1/10/2019 21:00,0.964
1/10/2019 22:00,0.95
1/10/2019 23:00,0.926
1/11/2019 0:00,0.889
1/11/2019 1:00,0.847
1/11/2019 2:00,0.815
1/11/2019 3:00,0.788
1/11/2019 4:00,0.748
1/11/2019 5:00,0.721
1/11/2019 6:00,0.695
1/11/2019 7:00,0.651
1/11/2019 8:00,0.615
1/11/2019 9:00,0.623
1/11/2019 10:00,0.655
1/11/2019 11:00,0.687
1/11/2019 12:00,0.692
1/11/2019 13:00,0.682
1/11/2019 14:00,0.655
1/11/2019 15:00,0.589
1/11/2019 16:00,0.522
1/11/2019 17:00,0.514
1/11/2019 18:00,0.516
1/11/2019 19:00,0.466
1/11/2019 20:00,0.432
1/11/2019 21:00,0.472
1/11/2019 22:00,0.407
1/11/2019 23:00,0.278
1/12/2019 0:00,0.179
1/12/2019 1:00,0.114
1/12/2019 2:00,0.062
1/12/2019 3:00,0.045
1/12/2019 4:00,0.033
1/12/2019 5:00,0.018
1/12/2019 6:00,0.005
1/12/2019 7:00,0.002
1/12/2019 8:00,0.002
1/12/2019 9:00,0.001
1/12/2019 10:00,0
1/12/2019 11:00,0
1/12/2019 12:00,0
1/12/2019 13:00,0
1/12/2019 14:00,0
1/12/2019 15:00,0
1/12/2019 16:00,0
1/12/2019 17:00,0
1/12/2019 18:00,0
1/12/2019 19:00,0
1/12/2019 20:00,0.003
1/12/2019 21:00,0.03
1/12/2019 22:00,0.075
1/12/2019 23:00,0.111
1/13/2019 0:00,0.151
1/13/2019 1:00,0.192
1/13/2019 2:00,0.225
1/13/2019 3:00,0.268
1/13/2019 4:00,0.339
1/13/2019 5:00,0.484
1/13/2019 6:00,0.637
1/13/2019 7:00,0.773
1/13/2019 8:00,0.862
1/13/2019 9:00,0.913
1/13/2019 10:00,0.958
1/13/2019 11:00,0.982
1/13/2019 12:00,0.99
1/13/2019 13:00,0.991
1/13/2019 14:00,0.991
1/13/2019 15:00,0.991
1/13/2019 16:00,0.991
1/13/2019 17:00,0.991
1/13/2019 18:00,0.987
1/13/2019 19:00,0.976
1/13/2019 20:00,0.958
1/13/2019 21:00,0.95
1/13/2019 22:00,0.958
1/13/2019 23:00,0.962
1/14/2019 0:00,0.968
1/14/2019 1:00,0.965
1/14/2019 2:00,0.958
1/14/2019 3:00,0.967
1/14/2019 4:00,0.982
1/14/2019 5:00,0.984
1/14/2019 6:00,0.976
1/14/2019 7:00,0.973
1/14/2019 8:00,0.976
1/14/2019 9:00,0.975
1/14/2019 10:00,0.964
1/14/2019 11:00,0.951
1/14/2019 12:00,0.948
1/14/2019 13:00,0.947
1/14/2019 14:00,0.938
1/14/2019 15:00,0.921
1/14/2019 16:00,0.896
1/14/2019 17:00,0.875
1/14/2019 18:00,0.849
1/14/2019 19:00,0.826
1/14/2019 20:00,0.804
1/14/2019 21:00,0.775
1/14/2019 22:00,0.734
1/14/2019 23:00,0.697
1/15/2019 0:00,0.674
1/15/2019 1:00,0.633
1/15/2019 2:00,0.599
1/15/2019 3:00,0.557
1/15/2019 4:00,0.549
1/15/2019 5:00,0.536
1/15/2019 6:00,0.503
1/15/2019 7:00,0.466
1/15/2019 8:00,0.429
1/15/2019 9:00,0.392
1/15/2019 10:00,0.347
1/15/2019 11:00,0.332
1/15/2019 12:00,0.328
1/15/2019 13:00,0.31
1/15/2019 14:00,0.325
1/15/2019 15:00,0.355
1/15/2019 16:00,0.351
1/15/2019 17:00,0.321
1/15/2019 18:00,0.303
1/15/2019 19:00,0.259
1/15/2019 20:00,0.167
1/15/2019 21:00,0.104
1/15/2019 22:00,0.078
1/15/2019 23:00,0.063
1/16/2019 0:00,0.047
1/16/2019 1:00,0.035
1/16/2019 2:00,0.035
1/16/2019 3:00,0.036
1/16/2019 4:00,0.062
1/16/2019 5:00,0.152
1/16/2019 6:00,0.235
1/16/2019 7:00,0.227
1/16/2019 8:00,0.18
1/16/2019 9:00,0.16
1/16/2019 10:00,0.191
1/16/2019 11:00,0.251
1/16/2019 12:00,0.272
1/16/2019 13:00,0.272
1/16/2019 14:00,0.278
1/16/2019 15:00,0.291
1/16/2019 16:00,0.292
1/16/2019 17:00,0.291
1/16/2019 18:00,0.3
1/16/2019 19:00,0.298
1/16/2019 20:00,0.283
1/16/2019 21:00,0.271
1/16/2019 22:00,0.272
1/16/2019 23:00,0.241
1/17/2019 0:00,0.162
1/17/2019 1:00,0.07
1/17/2019 2:00,0.025
1/17/2019 3:00,0.008
1/17/2019 4:00,0.007
1/17/2019 5:00,0.009
1/17/2019 6:00,0.009
1/17/2019 7:00,0.004
1/17/2019 8:00,0.001
1/17/2019 9:00,0
1/17/2019 10:00,0
1/17/2019 11:00,0
1/17/2019 12:00,0
1/17/2019 13:00,0
1/17/2019 14:00,0
1/17/2019 15:00,0
1/17/2019 16:00,0
1/17/2019 17:00,0
1/17/2019 18:00,0.005
1/17/2019 19:00,0.055
1/17/2019 20:00,0.123
1/17/2019 21:00,0.192
1/17/2019 22:00,0.259
1/17/2019 23:00,0.316
1/18/2019 0:00,0.381
1/18/2019 1:00,0.414
1/18/2019 2:00,0.41
1/18/2019 3:00,0.457
1/18/2019 4:00,0.56
1/18/2019 5:00,0.647
1/18/2019 6:00,0.732
1/18/2019 7:00,0.778
1/18/2019 8:00,0.75
1/18/2019 9:00,0.663
1/18/2019 10:00,0.575
1/18/2019 11:00,0.525
1/18/2019 12:00,0.494
1/18/2019 13:00,0.427
1/18/2019 14:00,0.347
1/18/2019 15:00,0.286
1/18/2019 16:00,0.252
1/18/2019 17:00,0.243
1/18/2019 18:00,0.236
1/18/2019 19:00,0.212
1/18/2019 20:00,0.197
1/18/2019 21:00,0.164
1/18/2019 22:00,0.088
1/18/2019 23:00,0.029
1/19/2019 0:00,0.013
1/19/2019 1:00,0.006
1/19/2019 2:00,0.001
1/19/2019 3:00,0
1/19/2019 4:00,0
1/19/2019 5:00,0
1/19/2019 6:00,0
1/19/2019 7:00,0
1/19/2019 8:00,0
1/19/2019 9:00,0.002
1/19/2019 10:00,0.029
1/19/2019 11:00,0.139
1/19/2019 12:00,0.256
1/19/2019 13:00,0.391
1/19/2019 14:00,0.522
1/19/2019 15:00,0.604
1/19/2019 16:00,0.649
1/19/2019 17:00,0.698
1/19/2019 18:00,0.753
1/19/2019 19:00,0.808
1/19/2019 20:00,0.847
1/19/2019 21:00,0.884
1/19/2019 22:00,0.928
1/19/2019 23:00,0.961
1/20/2019 0:00,0.98
1/20/2019 1:00,0.989
1/20/2019 2:00,0.991
1/20/2019 3:00,0.991
1/20/2019 4:00,0.991
1/20/2019 5:00,0.986
1/20/2019 6:00,0.976
1/20/2019 7:00,0.963
1/20/2019 8:00,0.951
1/20/2019 9:00,0.939
1/20/2019 10:00,0.911
1/20/2019 11:00,0.827
1/20/2019 12:00,0.694
1/20/2019 13:00,0.718
1/20/2019 14:00,0.916
1/20/2019 15:00,0.99
1/20/2019 16:00,0.989
1/20/2019 17:00,0.974
1/20/2019 18:00,0.985
1/20/2019 19:00,0.991
1/20/2019 20:00,0.989
1/20/2019 21:00,0.991
1/20/2019 22:00,0.991
1/20/2019 23:00,0.991
1/21/2019 0:00,0.988
1/21/2019 1:00,0.985
1/21/2019 2:00,0.984
1/21/2019 3:00,0.984
1/21/2019 4:00,0.984
1/21/2019 5:00,0.984
1/21/2019 6:00,0.985
1/21/2019 7:00,0.987
1/21/2019 8:00,0.99
1/21/2019 9:00,0.991
1/21/2019 10:00,0.991
1/21/2019 11:00,0.991
1/21/2019 12:00,0.991
1/21/2019 13:00,0.99
1/21/2019 14:00,0.991
1/21/2019 15:00,0.991
1/21/2019 16:00,0.989
1/21/2019 17:00,0.988
1/21/2019 18:00,0.989
1/21/2019 19:00,0.99
1/21/2019 20:00,0.991
1/21/2019 21:00,0.991
1/21/2019 22:00,0.99
1/21/2019 23:00,0.987
1/22/2019 0:00,0.98
1/22/2019 1:00,0.969
1/22/2019 2:00,0.956
1/22/2019 3:00,0.947
1/22/2019 4:00,0.935
1/22/2019 5:00,0.914
1/22/2019 6:00,0.89
1/22/2019 7:00,0.863
1/22/2019 8:00,0.812
1/22/2019 9:00,0.731
1/22/2019 10:00,0.626
1/22/2019 11:00,0.54
1/22/2019 12:00,0.484
1/22/2019 13:00,0.398
1/22/2019 14:00,0.314
1/22/2019 15:00,0.214
1/22/2019 16:00,0.082
1/22/2019 17:00,0.016
1/22/2019 18:00,0.001
1/22/2019 19:00,0
1/22/2019 20:00,0
1/22/2019 21:00,0
1/22/2019 22:00,0
1/22/2019 23:00,0
1/23/2019 0:00,0
1/23/2019 1:00,0
1/23/2019 2:00,0
1/23/2019 3:00,0
1/23/2019 4:00,0
1/23/2019 5:00,0.008
1/23/2019 6:00,0.031
1/23/2019 7:00,0.081
1/23/2019 8:00,0.157
1/23/2019 9:00,0.248
1/23/2019 10:00,0.347
1/23/2019 11:00,0.446
1/23/2019 12:00,0.535
1/23/2019 13:00,0.606
1/23/2019 14:00,0.658
1/23/2019 15:00,0.706
1/23/2019 16:00,0.761
1/23/2019 17:00,0.812
1/23/2019 18:00,0.857
1/23/2019 19:00,0.905
1/23/2019 20:00,0.943
1/23/2019 21:00,0.972
1/23/2019 22:00,0.986
1/23/2019 23:00,0.99
1/24/2019 0:00,0.991
1/24/2019 1:00,0.991
1/24/2019 2:00,0.99
1/24/2019 3:00,0.984
1/24/2019 4:00,0.974
1/24/2019 5:00,0.967
1/24/2019 6:00,0.959
1/24/2019 7:00,0.929
1/24/2019 8:00,0.871
1/24/2019 9:00,0.808
1/24/2019 10:00,0.617
1/24/2019 11:00,0.363
1/24/2019 12:00,0.198
1/24/2019 13:00,0.117
1/24/2019 14:00,0.052
1/24/2019 15:00,0.101
1/24/2019 16:00,0.695
1/24/2019 17:00,0.991
1/24/2019 18:00,0.977
1/24/2019 19:00,0.932
1/24/2019 20:00,0.899
1/24/2019 21:00,0.899
1/24/2019 22:00,0.904
1/24/2019 23:00,0.906
1/25/2019 0:00,0.894
1/25/2019 1:00,0.836
1/25/2019 2:00,0.716
1/25/2019 3:00,0.578
1/25/2019 4:00,0.468
1/25/2019 5:00,0.381
1/25/2019 6:00,0.337
1/25/2019 7:00,0.343
1/25/2019 8:00,0.352
1/25/2019 9:00,0.328
1/25/2019 10:00,0.302
1/25/2019 11:00,0.355
1/25/2019 12:00,0.449
1/25/2019 13:00,0.574
1/25/2019 14:00,0.697
1/25/2019 15:00,0.807
1/25/2019 16:00,0.836
1/25/2019 17:00,0.786
1/25/2019 18:00,0.705
1/25/2019 19:00,0.62
1/25/2019 20:00,0.547
1/25/2019 21:00,0.494
1/25/2019 22:00,0.425
1/25/2019 23:00,0.308
1/26/2019 0:00,0.172
1/26/2019 1:00,0.079
1/26/2019 2:00,0.029
1/26/2019 3:00,0.006
1/26/2019 4:00,0.001
1/26/2019 5:00,0
1/26/2019 6:00,0
1/26/2019 7:00,0
1/26/2019 8:00,0
1/26/2019 9:00,0
1/26/2019 10:00,0
1/26/2019 11:00,0
1/26/2019 12:00,0.001
1/26/2019 13:00,0.001
1/26/2019 14:00,0.001
1/26/2019 15:00,0.003
1/26/2019 16:00,0.005
1/26/2019 17:00,0.004
1/26/2019 18:00,0.001
1/26/2019 19:00,0.001
1/26/2019 20:00,0.002
1/26/2019 21:00,0.002
1/26/2019 22:00,0.004
1/26/2019 23:00,0.004
1/27/2019 0:00,0.004
1/27/2019 1:00,0.005
1/27/2019 2:00,0.008
1/27/2019 3:00,0.005
1/27/2019 4:00,0
1/27/2019 5:00,0
1/27/2019 6:00,0
1/27/2019 7:00,0
1/27/2019 8:00,0
1/27/2019 9:00,0
1/27/2019 10:00,0
1/27/2019 11:00,0
1/27/2019 12:00,0
1/27/2019 13:00,0
1/27/2019 14:00,0
1/27/2019 15:00,0
1/27/2019 16:00,0.001
1/27/2019 17:00,0
1/27/2019 18:00,0
1/27/2019 19:00,0.001
1/27/2019 20:00,0
1/27/2019 21:00,0
1/27/2019 22:00,0.003
1/27/2019 23:00,0.025
1/28/2019 0:00,0.102
1/28/2019 1:00,0.189
1/28/2019 2:00,0.3
1/28/2019 3:00,0.402
1/28/2019 4:00,0.552
1/28/2019 5:00,0.715
1/28/2019 6:00,0.739
1/28/2019 7:00,0.76
1/28/2019 8:00,0.81
1/28/2019 9:00,0.866
1/28/2019 10:00,0.884
1/28/2019 11:00,0.914
1/28/2019 12:00,0.946
1/28/2019 13:00,0.964
1/28/2019 14:00,0.974
1/28/2019 15:00,0.965
1/28/2019 16:00,0.97
1/28/2019 17:00,0.961
1/28/2019 18:00,0.937
1/28/2019 19:00,0.872
1/28/2019 20:00,0.791
1/28/2019 21:00,0.701
1/28/2019 22:00,0.568
1/28/2019 23:00,0.499
4/1/2019 0:00,0.943
4/1/2019 1:00,0.957
4/1/2019 2:00,0.958
4/1/2019 3:00,0.963
4/1/2019 4:00,0.968
4/1/2019 5:00,0.968
4/1/2019 6:00,0.953
4/1/2019 7:00,0.929
4/1/2019 8:00,0.895
4/1/2019 9:00,0.851
4/1/2019 10:00,0.819
4/1/2019 11:00,0.786
4/1/2019 12:00,0.774
4/1/2019 13:00,0.74
4/1/2019 14:00,0.708
4/1/2019 15:00,0.684
4/1/2019 16:00,0.688
4/1/2019 17:00,0.674
4/1/2019 18:00,0.645
4/1/2019 19:00,0.633
4/1/2019 20:00,0.628
4/1/2019 21:00,0.626
4/1/2019 22:00,0.627
4/1/2019 23:00,0.533
4/2/2019 0:00,0.47
4/2/2019 1:00,0.6
4/2/2019 2:00,0.625
4/2/2019 3:00,0.668
4/2/2019 4:00,0.722
4/2/2019 5:00,0.803
4/2/2019 6:00,0.888
4/2/2019 7:00,0.901
4/2/2019 8:00,0.936
4/2/2019 9:00,0.969
4/2/2019 10:00,0.981
4/2/2019 11:00,0.989
4/2/2019 12:00,0.991
4/2/2019 13:00,0.989
4/2/2019 14:00,0.986
4/2/2019 15:00,0.991
4/2/2019 16:00,0.991
4/2/2019 17:00,0.99
4/2/2019 18:00,0.983
4/2/2019 19:00,0.937
4/2/2019 20:00,0.779
4/2/2019 21:00,0.812
4/2/2019 22:00,0.843
4/2/2019 23:00,0.847
4/3/2019 0:00,0.943
4/3/2019 1:00,0.973
4/3/2019 2:00,0.989
4/3/2019 3:00,0.989
4/3/2019 4:00,0.98
4/3/2019 5:00,0.968
4/3/2019 6:00,0.956
4/3/2019 7:00,0.942
4/3/2019 8:00,0.917
4/3/2019 9:00,0.876
4/3/2019 10:00,0.801
4/3/2019 11:00,0.663
4/3/2019 12:00,0.497
4/3/2019 13:00,0.354
4/3/2019 14:00,0.259
4/3/2019 15:00,0.201
4/3/2019 16:00,0.15
4/3/2019 17:00,0.124
4/3/2019 18:00,0.128
4/3/2019 19:00,0.143
4/3/2019 20:00,0.141
4/3/2019 21:00,0.131
4/3/2019 22:00,0.121
4/3/2019 23:00,0.104
4/4/2019 0:00,0.09
4/4/2019 1:00,0.063
4/4/2019 2:00,0.028
4/4/2019 3:00,0.004
4/4/2019 4:00,0
4/4/2019 5:00,0
4/4/2019 6:00,0
4/4/2019 7:00,0
4/4/2019 8:00,0
4/4/2019 9:00,0
4/4/2019 10:00,0
4/4/2019 11:00,0
4/4/2019 12:00,0.001
4/4/2019 13:00,0.013
4/4/2019 14:00,0.039
4/4/2019 15:00,0.027
4/4/2019 16:00,0.007
4/4/2019 17:00,0
4/4/2019 18:00,0.003
4/4/2019 19:00,0.018
4/4/2019 20:00,0.012
4/4/2019 21:00,0.015
4/4/2019 22:00,0.03
4/4/2019 23:00,0.06
4/5/2019 0:00,0.11
4/5/2019 1:00,0.128
4/5/2019 2:00,0.15
4/5/2019 3:00,0.155
4/5/2019 4:00,0.2
4/5/2019 5:00,0.305
4/5/2019 6:00,0.492
4/5/2019 7:00,0.569
4/5/2019 8:00,0.554
4/5/2019 9:00,0.566
4/5/2019 10:00,0.537
4/5/2019 11:00,0.501
4/5/2019 12:00,0.491
4/5/2019 13:00,0.53
4/5/2019 14:00,0.653
4/5/2019 15:00,0.793
4/5/2019 16:00,0.888
4/5/2019 17:00,0.936
4/5/2019 18:00,0.962
4/5/2019 19:00,0.964
4/5/2019 20:00,0.948
4/5/2019 21:00,0.914
4/5/2019 22:00,0.865
4/5/2019 23:00,0.804
4/6/2019 0:00,0.747
4/6/2019 1:00,0.707
4/6/2019 2:00,0.67
4/6/2019 3:00,0.649
4/6/2019 4:00,0.612
4/6/2019 5:00,0.515
4/6/2019 6:00,0.413
4/6/2019 7:00,0.32
4/6/2019 8:00,0.237
4/6/2019 9:00,0.175
4/6/2019 10:00,0.151
4/6/2019 11:00,0.14
4/6/2019 12:00,0.118
4/6/2019 13:00,0.094
4/6/2019 14:00,0.108
4/6/2019 15:00,0.159
4/6/2019 16:00,0.223
4/6/2019 17:00,0.284
4/6/2019 18:00,0.326
4/6/2019 19:00,0.346
4/6/2019 20:00,0.37
4/6/2019 21:00,0.402
4/6/2019 22:00,0.433
4/6/2019 23:00,0.473
4/7/2019 0:00,0.541
4/7/2019 1:00,0.583
4/7/2019 2:00,0.586
4/7/2019 3:00,0.57
4/7/2019 4:00,0.562
4/7/2019 5:00,0.547
4/7/2019 6:00,0.514
4/7/2019 7:00,0.466
4/7/2019 8:00,0.41
4/7/2019 9:00,0.366
4/7/2019 10:00,0.322
4/7/2019 11:00,0.279
4/7/2019 12:00,0.245
4/7/2019 13:00,0.201
4/7/2019 14:00,0.137
4/7/2019 15:00,0.07
4/7/2019 16:00,0.036
4/7/2019 17:00,0.023
4/7/2019 18:00,0.015
4/7/2019 19:00,0.019
4/7/2019 20:00,0.013
4/7/2019 21:00,0.001
4/7/2019 22:00,0
4/7/2019 23:00,0
4/8/2019 0:00,0
4/8/2019 1:00,0
4/8/2019 2:00,0.002
4/8/2019 3:00,0.014
4/8/2019 4:00,0.045
4/8/2019 5:00,0.074
4/8/2019 6:00,0.115
4/8/2019 7:00,0.196
4/8/2019 8:00,0.312
4/8/2019 9:00,0.457
4/8/2019 10:00,0.574
4/8/2019 11:00,0.657
4/8/2019 12:00,0.716
4/8/2019 13:00,0.76
4/8/2019 14:00,0.808
4/8/2019 15:00,0.829
4/8/2019 16:00,0.84
4/8/2019 17:00,0.846
4/8/2019 18:00,0.835
4/8/2019 19:00,0.835
4/8/2019 20:00,0.823
4/8/2019 21:00,0.84
4/8/2019 22:00,0.822
4/8/2019 23:00,0.741
4/9/2019 0:00,0.701
4/9/2019 1:00,0.742
4/9/2019 2:00,0.773
4/9/2019 3:00,0.774
4/9/2019 4:00,0.74
4/9/2019 5:00,0.752
4/9/2019 6:00,0.83
4/9/2019 7:00,0.862
4/9/2019 8:00,0.928
4/9/2019 9:00,0.985
4/9/2019 10:00,0.987
4/9/2019 11:00,0.987
4/9/2019 12:00,0.988
4/9/2019 13:00,0.984
4/9/2019 14:00,0.978
4/9/2019 15:00,0.967
4/9/2019 16:00,0.965
4/9/2019 17:00,0.946
4/9/2019 18:00,0.855
4/9/2019 19:00,0.842
4/9/2019 20:00,0.798
4/9/2019 21:00,0.747
4/9/2019 22:00,0.722
4/9/2019 23:00,0.637
4/10/2019 0:00,0.672
4/10/2019 1:00,0.727
4/10/2019 2:00,0.69
4/10/2019 3:00,0.625
4/10/2019 4:00,0.556
4/10/2019 5:00,0.472
4/10/2019 6:00,0.413
4/10/2019 7:00,0.491
4/10/2019 8:00,0.685
4/10/2019 9:00,0.772
4/10/2019 10:00,0.714
4/10/2019 11:00,0.566
4/10/2019 12:00,0.42
4/10/2019 13:00,0.323
4/10/2019 14:00,0.312
4/10/2019 15:00,0.4
4/10/2019 16:00,0.528
4/10/2019 17:00,0.613
4/10/2019 18:00,0.615
4/10/2019 19:00,0.606
4/10/2019 20:00,0.603
4/10/2019 21:00,0.596
4/10/2019 22:00,0.583
4/10/2019 23:00,0.552
4/11/2019 0:00,0.503
4/11/2019 1:00,0.45
4/11/2019 2:00,0.451
4/11/2019 3:00,0.488
4/11/2019 4:00,0.505
4/11/2019 5:00,0.51
4/11/2019 6:00,0.524
4/11/2019 7:00,0.556
4/11/2019 8:00,0.586
4/11/2019 9:00,0.593
4/11/2019 10:00,0.556
4/11/2019 11:00,0.487
4/11/2019 12:00,0.432
4/11/2019 13:00,0.398
4/11/2019 14:00,0.38
4/11/2019 15:00,0.395
4/11/2019 16:00,0.473
4/11/2019 17:00,0.586
4/11/2019 18:00,0.665
4/11/2019 19:00,0.707
4/11/2019 20:00,0.739
4/11/2019 21:00,0.768
4/11/2019 22:00,0.773
4/11/2019 23:00,0.768
4/12/2019 0:00,0.769
4/12/2019 1:00,0.775
4/12/2019 2:00,0.789
4/12/2019 3:00,0.796
4/12/2019 4:00,0.799
4/12/2019 5:00,0.795
4/12/2019 6:00,0.796
4/12/2019 7:00,0.813
4/12/2019 8:00,0.841
4/12/2019 9:00,0.865
4/12/2019 10:00,0.872
4/12/2019 11:00,0.865
4/12/2019 12:00,0.861
4/12/2019 13:00,0.859
4/12/2019 14:00,0.854
4/12/2019 15:00,0.859
4/12/2019 16:00,0.881
4/12/2019 17:00,0.909
4/12/2019 18:00,0.922
4/12/2019 19:00,0.924
4/12/2019 20:00,0.93
4/12/2019 21:00,0.935
4/12/2019 22:00,0.926
4/12/2019 23:00,0.9
4/13/2019 0:00,0.865
4/13/2019 1:00,0.837
4/13/2019 2:00,0.822
4/13/2019 3:00,0.769
4/13/2019 4:00,0.674
4/13/2019 5:00,0.601
4/13/2019 6:00,0.548
4/13/2019 7:00,0.519
4/13/2019 8:00,0.52
4/13/2019 9:00,0.535
4/13/2019 10:00,0.523
4/13/2019 11:00,0.459
4/13/2019 12:00,0.379
4/13/2019 13:00,0.348
4/13/2019 14:00,0.381
4/13/2019 15:00,0.438
4/13/2019 16:00,0.476
4/13/2019 17:00,0.446
4/13/2019 18:00,0.425
4/13/2019 19:00,0.403
4/13/2019 20:00,0.413
4/13/2019 21:00,0.414
4/13/2019 22:00,0.435
4/13/2019 23:00,0.488
4/14/2019 0:00,0.527
4/14/2019 1:00,0.53
4/14/2019 2:00,0.495
4/14/2019 3:00,0.423
4/14/2019 4:00,0.344
4/14/2019 5:00,0.3
4/14/2019 6:00,0.307
4/14/2019 7:00,0.337
4/14/2019 8:00,0.401
4/14/2019 9:00,0.498
4/14/2019 10:00,0.592
4/14/2019 11:00,0.674
4/14/2019 12:00,0.75
4/14/2019 13:00,0.808
4/14/2019 14:00,0.845
4/14/2019 15:00,0.875
4/14/2019 16:00,0.879
4/14/2019 17:00,0.87
4/14/2019 18:00,0.877
4/14/2019 19:00,0.896
4/14/2019 20:00,0.906
4/14/2019 21:00,0.92
4/14/2019 22:00,0.938
4/14/2019 23:00,0.961
4/15/2019 0:00,0.972
4/15/2019 1:00,0.978
4/15/2019 2:00,0.984
4/15/2019 3:00,0.989
4/15/2019 4:00,0.991
4/15/2019 5:00,0.991
4/15/2019 6:00,0.981
4/15/2019 7:00,0.965
4/15/2019 8:00,0.955
4/15/2019 9:00,0.936
4/15/2019 10:00,0.991
4/15/2019 11:00,0.989
4/15/2019 12:00,0.987
4/15/2019 13:00,0.976
4/15/2019 14:00,0.948
4/15/2019 15:00,0.907
4/15/2019 16:00,0.864
4/15/2019 17:00,0.85
4/15/2019 18:00,0.86
4/15/2019 19:00,0.876
4/15/2019 20:00,0.886
4/15/2019 21:00,0.91
4/15/2019 22:00,0.943
4/15/2019 23:00,0.962
4/16/2019 0:00,0.961
4/16/2019 1:00,0.941
4/16/2019 2:00,0.904
4/16/2019 3:00,0.859
4/16/2019 4:00,0.832
4/16/2019 5:00,0.813
4/16/2019 6:00,0.8
4/16/2019 7:00,0.774
4/16/2019 8:00,0.729
4/16/2019 9:00,0.65
4/16/2019 10:00,0.523
4/16/2019 11:00,0.366
4/16/2019 12:00,0.215
4/16/2019 13:00,0.106
4/16/2019 14:00,0.039
4/16/2019 15:00,0.015
4/16/2019 16:00,0.011
4/16/2019 17:00,0.019
4/16/2019 18:00,0.047
4/16/2019 19:00,0.085
4/16/2019 20:00,0.122
4/16/2019 21:00,0.155
4/16/2019 22:00,0.187
4/16/2019 23:00,0.22
4/17/2019 0:00,0.241
4/17/2019 1:00,0.293
4/17/2019 2:00,0.339
4/17/2019 3:00,0.373
4/17/2019 4:00,0.379
4/17/2019 5:00,0.365
4/17/2019 6:00,0.343
4/17/2019 7:00,0.312
4/17/2019 8:00,0.282
4/17/2019 9:00,0.264
4/17/2019 10:00,0.259
4/17/2019 11:00,0.267
4/17/2019 12:00,0.245
4/17/2019 13:00,0.207
4/17/2019 14:00,0.207
4/17/2019 15:00,0.225
4/17/2019 16:00,0.202
4/17/2019 17:00,0.169
4/17/2019 18:00,0.137
4/17/2019 19:00,0.094
4/17/2019 20:00,0.054
4/17/2019 21:00,0.035
4/17/2019 22:00,0.033
4/17/2019 23:00,0.038
4/18/2019 0:00,0.055
4/18/2019 1:00,0.08
4/18/2019 2:00,0.094
4/18/2019 3:00,0.105
4/18/2019 4:00,0.133
4/18/2019 5:00,0.167
4/18/2019 6:00,0.22
4/18/2019 7:00,0.268
4/18/2019 8:00,0.341
4/18/2019 9:00,0.456
4/18/2019 10:00,0.578
4/18/2019 11:00,0.627
4/18/2019 12:00,0.616
4/18/2019 13:00,0.617
4/18/2019 14:00,0.653
4/18/2019 15:00,0.7
4/18/2019 16:00,0.729
4/18/2019 17:00,0.734
4/18/2019 18:00,0.748
4/18/2019 19:00,0.788
4/18/2019 20:00,0.842
4/18/2019 21:00,0.887
4/18/2019 22:00,0.908
4/18/2019 23:00,0.92
4/19/2019 0:00,0.93
4/19/2019 1:00,0.936
4/19/2019 2:00,0.938
4/19/2019 3:00,0.934
4/19/2019 4:00,0.936
4/19/2019 5:00,0.948
4/19/2019 6:00,0.963
4/19/2019 7:00,0.971
4/19/2019 8:00,0.975
4/19/2019 9:00,0.973
4/19/2019 10:00,0.968
4/19/2019 11:00,0.964
4/19/2019 12:00,0.967
4/19/2019 13:00,0.976
4/19/2019 14:00,0.983
4/19/2019 15:00,0.988
4/19/2019 16:00,0.991
4/19/2019 17:00,0.991
4/19/2019 18:00,0.989
4/19/2019 19:00,0.987
4/19/2019 20:00,0.985
4/19/2019 21:00,0.984
4/19/2019 22:00,0.984
4/19/2019 23:00,0.984
4/20/2019 0:00,0.982
4/20/2019 1:00,0.982
4/20/2019 2:00,0.981
4/20/2019 3:00,0.982
4/20/2019 4:00,0.982
4/20/2019 5:00,0.987
4/20/2019 6:00,0.989
4/20/2019 7:00,0.958
4/20/2019 8:00,0.774
4/20/2019 9:00,0.702
4/20/2019 10:00,0.865
4/20/2019 11:00,0.987
4/20/2019 12:00,0.988
4/20/2019 13:00,0.988
4/20/2019 14:00,0.991
4/20/2019 15:00,0.978
4/20/2019 16:00,0.875
4/20/2019 17:00,0.836
4/20/2019 18:00,0.95
4/20/2019 19:00,0.975
4/20/2019 20:00,0.932
4/20/2019 21:00,0.871
4/20/2019 22:00,0.753
4/20/2019 23:00,0.686
4/21/2019 0:00,0.837
4/21/2019 1:00,0.754
4/21/2019 2:00,0.649
4/21/2019 3:00,0.502
4/21/2019 4:00,0.357
4/21/2019 5:00,0.242
4/21/2019 6:00,0.16
4/21/2019 7:00,0.118
4/21/2019 8:00,0.047
4/21/2019 9:00,0.019
4/21/2019 10:00,0.016
4/21/2019 11:00,0.023
4/21/2019 12:00,0.035
4/21/2019 13:00,0.046
4/21/2019 14:00,0.055
4/21/2019 15:00,0.059
4/21/2019 16:00,0.06
4/21/2019 17:00,0.084
4/21/2019 18:00,0.172
4/21/2019 19:00,0.3
4/21/2019 20:00,0.364
4/21/2019 21:00,0.383
4/21/2019 22:00,0.372
4/21/2019 23:00,0.425
4/22/2019 0:00,0.587
4/22/2019 1:00,0.745
4/22/2019 2:00,0.787
4/22/2019 3:00,0.82
4/22/2019 4:00,0.853
4/22/2019 5:00,0.85
4/22/2019 6:00,0.813
4/22/2019 7:00,0.751
4/22/2019 8:00,0.672
4/22/2019 9:00,0.601
4/22/2019 10:00,0.565
4/22/2019 11:00,0.571
4/22/2019 12:00,0.604
4/22/2019 13:00,0.613
4/22/2019 14:00,0.59
4/22/2019 15:00,0.525
4/22/2019 16:00,0.391
4/22/2019 17:00,0.261
4/22/2019 18:00,0.201
4/22/2019 19:00,0.196
4/22/2019 20:00,0.192
4/22/2019 21:00,0.186
4/22/2019 22:00,0.219
4/22/2019 23:00,0.271
4/23/2019 0:00,0.328
4/23/2019 1:00,0.365
4/23/2019 2:00,0.371
4/23/2019 3:00,0.357
4/23/2019 4:00,0.331
4/23/2019 5:00,0.3
4/23/2019 6:00,0.258
4/23/2019 7:00,0.206
4/23/2019 8:00,0.147
4/23/2019 9:00,0.085
4/23/2019 10:00,0.03
4/23/2019 11:00,0.006
4/23/2019 12:00,0.001
4/23/2019 13:00,0.001
4/23/2019 14:00,0.005
4/23/2019 15:00,0.012
4/23/2019 16:00,0.023
4/23/2019 17:00,0.033
4/23/2019 18:00,0.048
4/23/2019 19:00,0.09
4/23/2019 20:00,0.181
4/23/2019 21:00,0.302
4/23/2019 22:00,0.407
4/23/2019 23:00,0.484
4/24/2019 0:00,0.532
4/24/2019 1:00,0.547
4/24/2019 2:00,0.542
4/24/2019 3:00,0.538
4/24/2019 4:00,0.572
4/24/2019 5:00,0.643
4/24/2019 6:00,0.714
4/24/2019 7:00,0.777
4/24/2019 8:00,0.826
4/24/2019 9:00,0.837
4/24/2019 10:00,0.821
4/24/2019 11:00,0.787
4/24/2019 12:00,0.77
4/24/2019 13:00,0.781
4/24/2019 14:00,0.786
4/24/2019 15:00,0.777
4/24/2019 16:00,0.739
4/24/2019 17:00,0.684
4/24/2019 18:00,0.62
4/24/2019 19:00,0.555
4/24/2019 20:00,0.479
4/24/2019 21:00,0.413
4/24/2019 22:00,0.348
4/24/2019 23:00,0.292
4/25/2019 0:00,0.241
4/25/2019 1:00,0.178
4/25/2019 2:00,0.102
4/25/2019 3:00,0.043
4/25/2019 4:00,0.01
4/25/2019 5:00,0.007
4/25/2019 6:00,0.031
4/25/2019 7:00,0.069
4/25/2019 8:00,0.084
4/25/2019 9:00,0.093
4/25/2019 10:00,0.112
4/25/2019 11:00,0.163
4/25/2019 12:00,0.266
4/25/2019 13:00,0.4
4/25/2019 14:00,0.529
4/25/2019 15:00,0.628
4/25/2019 16:00,0.711
4/25/2019 17:00,0.765
4/25/2019 18:00,0.774
4/25/2019 19:00,0.753
4/25/2019 20:00,0.75
4/25/2019 21:00,0.79
4/25/2019 22:00,0.798
4/25/2019 23:00,0.795
4/26/2019 0:00,0.802
4/26/2019 1:00,0.772
4/26/2019 2:00,0.722
4/26/2019 3:00,0.723
4/26/2019 4:00,0.739
4/26/2019 5:00,0.739
4/26/2019 6:00,0.768
4/26/2019 7:00,0.78
4/26/2019 8:00,0.819
4/26/2019 9:00,0.874
4/26/2019 10:00,0.941
4/26/2019 11:00,0.967
4/26/2019 12:00,0.975
4/26/2019 13:00,0.985
4/26/2019 14:00,0.991
4/26/2019 15:00,0.99
4/26/2019 16:00,0.985
4/26/2019 17:00,0.979
4/26/2019 18:00,0.982
4/26/2019 19:00,0.989
4/26/2019 20:00,0.991
4/26/2019 21:00,0.99
4/26/2019 22:00,0.985
4/26/2019 23:00,0.989
4/27/2019 0:00,0.981
4/27/2019 1:00,0.974
4/27/2019 2:00,0.983
4/27/2019 3:00,0.986
4/27/2019 4:00,0.98
4/27/2019 5:00,0.954
4/27/2019 6:00,0.906
4/27/2019 7:00,0.844
4/27/2019 8:00,0.771
4/27/2019 9:00,0.719
4/27/2019 10:00,0.714
4/27/2019 11:00,0.762
4/27/2019 12:00,0.722
4/27/2019 13:00,0.649
4/27/2019 14:00,0.612
4/27/2019 15:00,0.574
4/27/2019 16:00,0.536
4/27/2019 17:00,0.564
4/27/2019 18:00,0.567
4/27/2019 19:00,0.488
4/27/2019 20:00,0.355
4/27/2019 21:00,0.282
4/27/2019 22:00,0.305
4/27/2019 23:00,0.343
4/28/2019 0:00,0.341
4/28/2019 1:00,0.3
4/28/2019 2:00,0.3
4/28/2019 3:00,0.335
4/28/2019 4:00,0.36
4/28/2019 5:00,0.381
4/28/2019 6:00,0.404
4/28/2019 7:00,0.45
4/28/2019 8:00,0.561
4/28/2019 9:00,0.696
4/28/2019 10:00,0.784
4/28/2019 11:00,0.829
4/28/2019 12:00,0.854
4/28/2019 13:00,0.858
4/28/2019 14:00,0.869
4/28/2019 15:00,0.882
4/28/2019 16:00,0.917
4/28/2019 17:00,0.954
4/28/2019 18:00,0.953
4/28/2019 19:00,0.914
4/28/2019 20:00,0.845
4/28/2019 21:00,0.793
4/28/2019 22:00,0.708
4/28/2019 23:00,0.55
7/1/2019 0:00,0.628
7/1/2019 1:00,0.438
7/1/2019 2:00,0.31
7/1/2019 3:00,0.228
7/1/2019 4:00,0.193
7/1/2019 5:00,0.183
7/1/2019 6:00,0.179
7/1/2019 7:00,0.16
7/1/2019 8:00,0.133
7/1/2019 9:00,0.123
7/1/2019 10:00,0.127
7/1/2019 11:00,0.128
7/1/2019 12:00,0.121
7/1/2019 13:00,0.121
7/1/2019 14:00,0.13
7/1/2019 15:00,0.155
7/1/2019 16:00,0.17
7/1/2019 17:00,0.156
7/1/2019 18:00,0.128
7/1/2019 19:00,0.086
7/1/2019 20:00,0.034
7/1/2019 21:00,0.001
7/1/2019 22:00,0
7/1/2019 23:00,0
7/2/2019 0:00,0
7/2/2019 1:00,0
7/2/2019 2:00,0
7/2/2019 3:00,0
7/2/2019 4:00,0
7/2/2019 5:00,0
7/2/2019 6:00,0
7/2/2019 7:00,0
7/2/2019 8:00,0
7/2/2019 9:00,0
7/2/2019 10:00,0
7/2/2019 11:00,0.009
7/2/2019 12:00,0.031
7/2/2019 13:00,0.056
7/2/2019 14:00,0.076
7/2/2019 15:00,0.087
7/2/2019 16:00,0.09
7/2/2019 17:00,0.085
7/2/2019 18:00,0.074
7/2/2019 19:00,0.063
7/2/2019 20:00,0.056
7/2/2019 21:00,0.07
7/2/2019 22:00,0.115
7/2/2019 23:00,0.191
7/3/2019 0:00,0.283
7/3/2019 1:00,0.368
7/3/2019 2:00,0.43
7/3/2019 3:00,0.458
7/3/2019 4:00,0.457
7/3/2019 5:00,0.439
7/3/2019 6:00,0.427
7/3/2019 7:00,0.439
7/3/2019 8:00,0.486
7/3/2019 9:00,0.562
7/3/2019 10:00,0.635
7/3/2019 11:00,0.697
7/3/2019 12:00,0.731
7/3/2019 13:00,0.726
7/3/2019 14:00,0.682
7/3/2019 15:00,0.62
7/3/2019 16:00,0.537
7/3/2019 17:00,0.444
7/3/2019 18:00,0.362
7/3/2019 19:00,0.303
7/3/2019 20:00,0.264
7/3/2019 21:00,0.241
7/3/2019 22:00,0.249
7/3/2019 23:00,0.274
7/4/2019 0:00,0.291
7/4/2019 1:00,0.296
7/4/2019 2:00,0.289
7/4/2019 3:00,0.27
7/4/2019 4:00,0.239
7/4/2019 5:00,0.203
7/4/2019 6:00,0.167
7/4/2019 7:00,0.14
7/4/2019 8:00,0.127
7/4/2019 9:00,0.13
7/4/2019 10:00,0.136
7/4/2019 11:00,0.145
7/4/2019 12:00,0.152
7/4/2019 13:00,0.149
7/4/2019 14:00,0.133
7/4/2019 15:00,0.118
7/4/2019 16:00,0.108
7/4/2019 17:00,0.106
7/4/2019 18:00,0.108
7/4/2019 19:00,0.119
7/4/2019 20:00,0.135
7/4/2019 21:00,0.155
7/4/2019 22:00,0.157
7/4/2019 23:00,0.148
7/5/2019 0:00,0.144
7/5/2019 1:00,0.135
7/5/2019 2:00,0.124
7/5/2019 3:00,0.104
7/5/2019 4:00,0.084
7/5/2019 5:00,0.067
7/5/2019 6:00,0.054
7/5/2019 7:00,0.05
7/5/2019 8:00,0.053
7/5/2019 9:00,0.06
7/5/2019 10:00,0.088
7/5/2019 11:00,0.146
7/5/2019 12:00,0.213
7/5/2019 13:00,0.282
7/5/2019 14:00,0.328
7/5/2019 15:00,0.354
7/5/2019 16:00,0.32
7/5/2019 17:00,0.236
7/5/2019 18:00,0.149
7/5/2019 19:00,0.088
7/5/2019 20:00,0.064
7/5/2019 21:00,0.072
7/5/2019 22:00,0.099
7/5/2019 23:00,0.125
7/6/2019 0:00,0.146
7/6/2019 1:00,0.165
7/6/2019 2:00,0.178
7/6/2019 3:00,0.186
7/6/2019 4:00,0.207
7/6/2019 5:00,0.238
7/6/2019 6:00,0.274
7/6/2019 7:00,0.312
7/6/2019 8:00,0.343
7/6/2019 9:00,0.376
7/6/2019 10:00,0.408
7/6/2019 11:00,0.451
7/6/2019 12:00,0.506
7/6/2019 13:00,0.552
7/6/2019 14:00,0.573
7/6/2019 15:00,0.583
7/6/2019 16:00,0.607
7/6/2019 17:00,0.628
7/6/2019 18:00,0.651
7/6/2019 19:00,0.662
7/6/2019 20:00,0.661
7/6/2019 21:00,0.672
7/6/2019 22:00,0.69
7/6/2019 23:00,0.71
7/7/2019 0:00,0.744
7/7/2019 1:00,0.806
7/7/2019 2:00,0.855
7/7/2019 3:00,0.889
7/7/2019 4:00,0.914
7/7/2019 5:00,0.93
7/7/2019 6:00,0.928
7/7/2019 7:00,0.925
7/7/2019 8:00,0.885
7/7/2019 9:00,0.822
7/7/2019 10:00,0.776
7/7/2019 11:00,0.78
7/7/2019 12:00,0.806
7/7/2019 13:00,0.793
7/7/2019 14:00,0.779
7/7/2019 15:00,0.758
7/7/2019 16:00,0.748
7/7/2019 17:00,0.746
7/7/2019 18:00,0.729
7/7/2019 19:00,0.682
7/7/2019 20:00,0.586
7/7/2019 21:00,0.512
7/7/2019 22:00,0.464
7/7/2019 23:00,0.453
7/8/2019 0:00,0.489
7/8/2019 1:00,0.538
7/8/2019 2:00,0.601
7/8/2019 3:00,0.654
7/8/2019 4:00,0.699
7/8/2019 5:00,0.725
7/8/2019 6:00,0.765
7/8/2019 7:00,0.802
7/8/2019 8:00,0.826
7/8/2019 9:00,0.858
7/8/2019 10:00,0.904
7/8/2019 11:00,0.948
7/8/2019 12:00,0.973
7/8/2019 13:00,0.979
7/8/2019 14:00,0.979
7/8/2019 15:00,0.981
7/8/2019 16:00,0.967
7/8/2019 17:00,0.928
7/8/2019 18:00,0.866
7/8/2019 19:00,0.793
7/8/2019 20:00,0.731
7/8/2019 21:00,0.656
7/8/2019 22:00,0.58
7/8/2019 23:00,0.501
7/9/2019 0:00,0.403
7/9/2019 1:00,0.269
7/9/2019 2:00,0.151
7/9/2019 3:00,0.079
7/9/2019 4:00,0.061
7/9/2019 5:00,0.084
7/9/2019 6:00,0.124
7/9/2019 7:00,0.161
7/9/2019 8:00,0.176
7/9/2019 9:00,0.167
7/9/2019 10:00,0.118
7/9/2019 11:00,0.068
7/9/2019 12:00,0.036
7/9/2019 13:00,0.019
7/9/2019 14:00,0.023
7/9/2019 15:00,0.043
7/9/2019 16:00,0.078
7/9/2019 17:00,0.118
7/9/2019 18:00,0.13
7/9/2019 19:00,0.114
7/9/2019 20:00,0.085
7/9/2019 21:00,0.045
7/9/2019 22:00,0.02
7/9/2019 23:00,0.011
7/10/2019 0:00,0.011
7/10/2019 1:00,0.015
7/10/2019 2:00,0.021
7/10/2019 3:00,0.033
7/10/2019 4:00,0.045
7/10/2019 5:00,0.044
7/10/2019 6:00,0.042
7/10/2019 7:00,0.048
7/10/2019 8:00,0.059
7/10/2019 9:00,0.075
7/10/2019 10:00,0.067
7/10/2019 11:00,0.044
7/10/2019 12:00,0.023
7/10/2019 13:00,0.009
7/10/2019 14:00,0.001
7/10/2019 15:00,0
7/10/2019 16:00,0
7/10/2019 17:00,0
7/10/2019 18:00,0
7/10/2019 19:00,0
7/10/2019 20:00,0
7/10/2019 21:00,0.002
7/10/2019 22:00,0.009
7/10/2019 23:00,0.01
7/11/2019 0:00,0.009
7/11/2019 1:00,0.011
7/11/2019 2:00,0.026
7/11/2019 3:00,0.061
7/11/2019 4:00,0.101
7/11/2019 5:00,0.126
7/11/2019 6:00,0.136
7/11/2019 7:00,0.132
7/11/2019 8:00,0.121
7/11/2019 9:00,0.115
7/11/2019 10:00,0.121
7/11/2019 11:00,0.14
7/11/2019 12:00,0.188
7/11/2019 13:00,0.266
7/11/2019 14:00,0.365
7/11/2019 15:00,0.45
7/11/2019 16:00,0.545
7/11/2019 17:00,0.613
7/11/2019 18:00,0.658
7/11/2019 19:00,0.68
7/11/2019 20:00,0.682
7/11/2019 21:00,0.688
7/11/2019 22:00,0.712
7/11/2019 23:00,0.734
7/12/2019 0:00,0.749
7/12/2019 1:00,0.773
7/12/2019 2:00,0.782
7/12/2019 3:00,0.797
7/12/2019 4:00,0.806
7/12/2019 5:00,0.805
7/12/2019 6:00,0.805
7/12/2019 7:00,0.824
7/12/2019 8:00,0.826
7/12/2019 9:00,0.812
7/12/2019 10:00,0.785
7/12/2019 11:00,0.758
7/12/2019 12:00,0.732
7/12/2019 13:00,0.724
7/12/2019 14:00,0.726
7/12/2019 15:00,0.715
7/12/2019 16:00,0.671
7/12/2019 17:00,0.651
7/12/2019 18:00,0.672
7/12/2019 19:00,0.714
7/12/2019 20:00,0.744
7/12/2019 21:00,0.762
7/12/2019 22:00,0.78
7/12/2019 23:00,0.788
7/13/2019 0:00,0.788
7/13/2019 1:00,0.78
7/13/2019 2:00,0.785
7/13/2019 3:00,0.8
7/13/2019 4:00,0.792
7/13/2019 5:00,0.745
7/13/2019 6:00,0.661
7/13/2019 7:00,0.566
7/13/2019 8:00,0.498
7/13/2019 9:00,0.471
7/13/2019 10:00,0.474
7/13/2019 11:00,0.492
7/13/2019 12:00,0.517
7/13/2019 13:00,0.529
7/13/2019 14:00,0.523
7/13/2019 15:00,0.503
7/13/2019 16:00,0.495
7/13/2019 17:00,0.503
7/13/2019 18:00,0.498
7/13/2019 19:00,0.485
7/13/2019 20:00,0.462
7/13/2019 21:00,0.45
7/13/2019 22:00,0.442
7/13/2019 23:00,0.422
7/14/2019 0:00,0.386
7/14/2019 1:00,0.334
7/14/2019 2:00,0.253
7/14/2019 3:00,0.176
7/14/2019 4:00,0.135
7/14/2019 5:00,0.133
7/14/2019 6:00,0.145
7/14/2019 7:00,0.177
7/14/2019 8:00,0.22
7/14/2019 9:00,0.249
7/14/2019 10:00,0.261
7/14/2019 11:00,0.264
7/14/2019 12:00,0.265
7/14/2019 13:00,0.264
7/14/2019 14:00,0.255
7/14/2019 15:00,0.231
7/14/2019 16:00,0.185
7/14/2019 17:00,0.145
7/14/2019 18:00,0.115
7/14/2019 19:00,0.092
7/14/2019 20:00,0.072
7/14/2019 21:00,0.059
7/14/2019 22:00,0.057
7/14/2019 23:00,0.061
7/15/2019 0:00,0.065
7/15/2019 1:00,0.069
7/15/2019 2:00,0.073
7/15/2019 3:00,0.067
7/15/2019 4:00,0.05
7/15/2019 5:00,0.026
7/15/2019 6:00,0.009
7/15/2019 7:00,0.006
7/15/2019 8:00,0.005
7/15/2019 9:00,0.005
7/15/2019 10:00,0.006
7/15/2019 11:00,0.01
7/15/2019 12:00,0.017
7/15/2019 13:00,0.024
7/15/2019 14:00,0.029
7/15/2019 15:00,0.029
7/15/2019 16:00,0.026
7/15/2019 17:00,0.02
7/15/2019 18:00,0.015
7/15/2019 19:00,0.013
7/15/2019 20:00,0.012
7/15/2019 21:00,0.013
7/15/2019 22:00,0.015
7/15/2019 23:00,0.019
7/16/2019 0:00,0.026
7/16/2019 1:00,0.032
7/16/2019 2:00,0.035
7/16/2019 3:00,0.042
7/16/2019 4:00,0.048
7/16/2019 5:00,0.048
7/16/2019 6:00,0.04
7/16/2019 7:00,0.029
7/16/2019 8:00,0.023
7/16/2019 9:00,0.022
7/16/2019 10:00,0.02
7/16/2019 11:00,0.016
7/16/2019 12:00,0.01
7/16/2019 13:00,0.005
7/16/2019 14:00,0.002
7/16/2019 15:00,0.001
7/16/2019 16:00,0
7/16/2019 17:00,0
7/16/2019 18:00,0
7/16/2019 19:00,0
7/16/2019 20:00,0
7/16/2019 21:00,0
7/16/2019 22:00,0.001
7/16/2019 23:00,0.013
7/17/2019 0:00,0.036
7/17/2019 1:00,0.064
7/17/2019 2:00,0.087
7/17/2019 3:00,0.1
7/17/2019 4:00,0.107
7/17/2019 5:00,0.111
7/17/2019 6:00,0.112
7/17/2019 7:00,0.118
7/17/2019 8:00,0.121
7/17/2019 9:00,0.135
7/17/2019 10:00,0.155
7/17/2019 11:00,0.187
7/17/2019 12:00,0.226
7/17/2019 13:00,0.267
7/17/2019 14:00,0.3
7/17/2019 15:00,0.318
7/17/2019 16:00,0.334
7/17/2019 17:00,0.357
7/17/2019 18:00,0.413
7/17/2019 19:00,0.49
7/17/2019 20:00,0.568
7/17/2019 21:00,0.63
7/17/2019 22:00,0.663
7/17/2019 23:00,0.677
7/18/2019 0:00,0.686
7/18/2019 1:00,0.697
7/18/2019 2:00,0.711
7/18/2019 3:00,0.725
7/18/2019 4:00,0.736
7/18/2019 5:00,0.736
7/18/2019 6:00,0.746
7/18/2019 7:00,0.764
7/18/2019 8:00,0.777
7/18/2019 9:00,0.785
7/18/2019 10:00,0.803
7/18/2019 11:00,0.826
7/18/2019 12:00,0.84
7/18/2019 13:00,0.85
7/18/2019 14:00,0.849
7/18/2019 15:00,0.851
7/18/2019 16:00,0.862
7/18/2019 17:00,0.865
7/18/2019 18:00,0.879
7/18/2019 19:00,0.897
7/18/2019 20:00,0.911
7/18/2019 21:00,0.922
7/18/2019 22:00,0.933
7/18/2019 23:00,0.936
7/19/2019 0:00,0.93
7/19/2019 1:00,0.916
7/19/2019 2:00,0.895
7/19/2019 3:00,0.864
7/19/2019 4:00,0.821
7/19/2019 5:00,0.777
7/19/2019 6:00,0.762
7/19/2019 7:00,0.765
7/19/2019 8:00,0.788
7/19/2019 9:00,0.809
7/19/2019 10:00,0.829
7/19/2019 11:00,0.841
7/19/2019 12:00,0.849
7/19/2019 13:00,0.852
7/19/2019 14:00,0.856
7/19/2019 15:00,0.852
7/19/2019 16:00,0.839
7/19/2019 17:00,0.812
7/19/2019 18:00,0.788
7/19/2019 19:00,0.762
7/19/2019 20:00,0.74
7/19/2019 21:00,0.718
7/19/2019 22:00,0.726
7/19/2019 23:00,0.754
7/20/2019 0:00,0.77
7/20/2019 1:00,0.772
7/20/2019 2:00,0.76
7/20/2019 3:00,0.724
7/20/2019 4:00,0.651
7/20/2019 5:00,0.547
7/20/2019 6:00,0.447
7/20/2019 7:00,0.398
7/20/2019 8:00,0.413
7/20/2019 9:00,0.467
7/20/2019 10:00,0.557
7/20/2019 11:00,0.651
7/20/2019 12:00,0.729
7/20/2019 13:00,0.779
7/20/2019 14:00,0.804
7/20/2019 15:00,0.817
7/20/2019 16:00,0.827
7/20/2019 17:00,0.827
7/20/2019 18:00,0.826
7/20/2019 19:00,0.812
7/20/2019 20:00,0.781
7/20/2019 21:00,0.748
7/20/2019 22:00,0.74
7/20/2019 23:00,0.751
7/21/2019 0:00,0.77
7/21/2019 1:00,0.781
7/21/2019 2:00,0.786
7/21/2019 3:00,0.778
7/21/2019 4:00,0.763
7/21/2019 5:00,0.748
7/21/2019 6:00,0.74
7/21/2019 7:00,0.747
7/21/2019 8:00,0.763
7/21/2019 9:00,0.778
7/21/2019 10:00,0.774
7/21/2019 11:00,0.755
7/21/2019 12:00,0.737
7/21/2019 13:00,0.718
7/21/2019 14:00,0.701
7/21/2019 15:00,0.7
7/21/2019 16:00,0.713
7/21/2019 17:00,0.732
7/21/2019 18:00,0.754
7/21/2019 19:00,0.773
7/21/2019 20:00,0.78
7/21/2019 21:00,0.778
7/21/2019 22:00,0.785
7/21/2019 23:00,0.789
7/22/2019 0:00,0.789
7/22/2019 1:00,0.791
7/22/2019 2:00,0.781
7/22/2019 3:00,0.759
7/22/2019 4:00,0.732
7/22/2019 5:00,0.699
7/22/2019 6:00,0.671
7/22/2019 7:00,0.649
7/22/2019 8:00,0.648
7/22/2019 9:00,0.669
7/22/2019 10:00,0.723
7/22/2019 11:00,0.76
7/22/2019 12:00,0.791
7/22/2019 13:00,0.826
7/22/2019 14:00,0.863
7/22/2019 15:00,0.893
7/22/2019 16:00,0.913
7/22/2019 17:00,0.928
7/22/2019 18:00,0.936
7/22/2019 19:00,0.938
7/22/2019 20:00,0.936
7/22/2019 21:00,0.936
7/22/2019 22:00,0.936
7/22/2019 23:00,0.941
7/23/2019 0:00,0.934
7/23/2019 1:00,0.924
7/23/2019 2:00,0.911
7/23/2019 3:00,0.896
7/23/2019 4:00,0.887
7/23/2019 5:00,0.879
7/23/2019 6:00,0.868
7/23/2019 7:00,0.862
7/23/2019 8:00,0.852
7/23/2019 9:00,0.845
7/23/2019 10:00,0.853
7/23/2019 11:00,0.859
7/23/2019 12:00,0.71
7/23/2019 13:00,0.371
7/23/2019 14:00,0.277
7/23/2019 15:00,0.422
7/23/2019 16:00,0.647
7/23/2019 17:00,0.812
7/23/2019 18:00,0.884
7/23/2019 19:00,0.934
7/23/2019 20:00,0.963
7/23/2019 21:00,0.969
7/23/2019 22:00,0.96
7/23/2019 23:00,0.951
7/24/2019 0:00,0.942
7/24/2019 1:00,0.933
7/24/2019 2:00,0.928
7/24/2019 3:00,0.921
7/24/2019 4:00,0.914
7/24/2019 5:00,0.909
7/24/2019 6:00,0.901
7/24/2019 7:00,0.885
7/24/2019 8:00,0.853
7/24/2019 9:00,0.814
7/24/2019 10:00,0.762
7/24/2019 11:00,0.717
7/24/2019 12:00,0.661
7/24/2019 13:00,0.552
7/24/2019 14:00,0.435
7/24/2019 15:00,0.352
7/24/2019 16:00,0.302
7/24/2019 17:00,0.305
7/24/2019 18:00,0.405
7/24/2019 19:00,0.663
7/24/2019 20:00,0.873
7/24/2019 21:00,0.937
7/24/2019 22:00,0.961
7/24/2019 23:00,0.972
7/25/2019 0:00,0.973
7/25/2019 1:00,0.964
7/25/2019 2:00,0.932
7/25/2019 3:00,0.869
7/25/2019 4:00,0.77
7/25/2019 5:00,0.631
7/25/2019 6:00,0.463
7/25/2019 7:00,0.31
7/25/2019 8:00,0.227
7/25/2019 9:00,0.183
7/25/2019 10:00,0.221
7/25/2019 11:00,0.379
7/25/2019 12:00,0.593
7/25/2019 13:00,0.683
7/25/2019 14:00,0.745
7/25/2019 15:00,0.786
7/25/2019 16:00,0.812
7/25/2019 17:00,0.812
7/25/2019 18:00,0.786
7/25/2019 19:00,0.723
7/25/2019 20:00,0.602
7/25/2019 21:00,0.442
7/25/2019 22:00,0.253
7/25/2019 23:00,0.096
7/26/2019 0:00,0.023
7/26/2019 1:00,0.01
7/26/2019 2:00,0.024
7/26/2019 3:00,0.101
7/26/2019 4:00,0.22
7/26/2019 5:00,0.391
7/26/2019 6:00,0.55
7/26/2019 7:00,0.651
7/26/2019 8:00,0.705
7/26/2019 9:00,0.719
7/26/2019 10:00,0.722
7/26/2019 11:00,0.715
7/26/2019 12:00,0.707
7/26/2019 13:00,0.697
7/26/2019 14:00,0.684
7/26/2019 15:00,0.678
7/26/2019 16:00,0.657
7/26/2019 17:00,0.607
7/26/2019 18:00,0.579
7/26/2019 19:00,0.578
7/26/2019 20:00,0.566
7/26/2019 21:00,0.524
7/26/2019 22:00,0.457
7/26/2019 23:00,0.381
7/27/2019 0:00,0.318
7/27/2019 1:00,0.291
7/27/2019 2:00,0.286
7/27/2019 3:00,0.294
7/27/2019 4:00,0.297
7/27/2019 5:00,0.299
7/27/2019 6:00,0.3
7/27/2019 7:00,0.307
7/27/2019 8:00,0.31
7/27/2019 9:00,0.309
7/27/2019 10:00,0.285
7/27/2019 11:00,0.241
7/27/2019 12:00,0.187
7/27/2019 13:00,0.142
7/27/2019 14:00,0.117
7/27/2019 15:00,0.093
7/27/2019 16:00,0.077
7/27/2019 17:00,0.075
7/27/2019 18:00,0.076
7/27/2019 19:00,0.069
7/27/2019 20:00,0.068
7/27/2019 21:00,0.076
7/27/2019 22:00,0.092
7/27/2019 23:00,0.1
7/28/2019 0:00,0.102
7/28/2019 1:00,0.112
7/28/2019 2:00,0.129
7/28/2019 3:00,0.167
7/28/2019 4:00,0.218
7/28/2019 5:00,0.261
7/28/2019 6:00,0.296
7/28/2019 7:00,0.328
7/28/2019 8:00,0.346
7/28/2019 9:00,0.349
7/28/2019 10:00,0.334
7/28/2019 11:00,0.315
7/28/2019 12:00,0.307
7/28/2019 13:00,0.313
7/28/2019 14:00,0.329
7/28/2019 15:00,0.34
7/28/2019 16:00,0.352
7/28/2019 17:00,0.367
7/28/2019 18:00,0.37
7/28/2019 19:00,0.374
7/28/2019 20:00,0.376
7/28/2019 21:00,0.367
7/28/2019 22:00,0.328
7/28/2019 23:00,0.272
10/1/2019 0:00,0.252
10/1/2019 1:00,0.213
10/1/2019 2:00,0.184
10/1/2019 3:00,0.171
10/1/2019 4:00,0.19
10/1/2019 5:00,0.231
10/1/2019 6:00,0.264
10/1/2019 7:00,0.272
10/1/2019 8:00,0.259
10/1/2019 9:00,0.234
10/1/2019 10:00,0.218
10/1/2019 11:00,0.2
10/1/2019 12:00,0.176
10/1/2019 13:00,0.163
10/1/2019 14:00,0.157
10/1/2019 15:00,0.155
10/1/2019 16:00,0.123
10/1/2019 17:00,0.097
10/1/2019 18:00,0.102
10/1/2019 19:00,0.106
10/1/2019 20:00,0.085
10/1/2019 21:00,0.042
10/1/2019 22:00,0.014
10/1/2019 23:00,0.001
10/2/2019 0:00,0
10/2/2019 1:00,0
10/2/2019 2:00,0
10/2/2019 3:00,0
10/2/2019 4:00,0
10/2/2019 5:00,0
10/2/2019 6:00,0
10/2/2019 7:00,0
10/2/2019 8:00,0
10/2/2019 9:00,0
10/2/2019 10:00,0
10/2/2019 11:00,0
10/2/2019 12:00,0
10/2/2019 13:00,0.001
10/2/2019 14:00,0.009
10/2/2019 15:00,0.021
10/2/2019 16:00,0.025
10/2/2019 17:00,0.031
10/2/2019 18:00,0.051
10/2/2019 19:00,0.084
10/2/2019 20:00,0.108
10/2/2019 21:00,0.134
10/2/2019 22:00,0.17
10/2/2019 23:00,0.214
10/3/2019 0:00,0.256
10/3/2019 1:00,0.286
10/3/2019 2:00,0.3
10/3/2019 3:00,0.289
10/3/2019 4:00,0.254
10/3/2019 5:00,0.219
10/3/2019 6:00,0.182
10/3/2019 7:00,0.146
10/3/2019 8:00,0.122
10/3/2019 9:00,0.109
10/3/2019 10:00,0.106
10/3/2019 11:00,0.115
10/3/2019 12:00,0.124
10/3/2019 13:00,0.131
10/3/2019 14:00,0.138
10/3/2019 15:00,0.161
10/3/2019 16:00,0.18
10/3/2019 17:00,0.182
10/3/2019 18:00,0.178
10/3/2019 19:00,0.179
10/3/2019 20:00,0.188
10/3/2019 21:00,0.208
10/3/2019 22:00,0.249
10/3/2019 23:00,0.3
10/4/2019 0:00,0.346
10/4/2019 1:00,0.391
10/4/2019 2:00,0.429
10/4/2019 3:00,0.454
10/4/2019 4:00,0.484
10/4/2019 5:00,0.522
10/4/2019 6:00,0.556
10/4/2019 7:00,0.586
10/4/2019 8:00,0.607
10/4/2019 9:00,0.612
10/4/2019 10:00,0.575
10/4/2019 11:00,0.522
10/4/2019 12:00,0.459
10/4/2019 13:00,0.414
10/4/2019 14:00,0.454
10/4/2019 15:00,0.682
10/4/2019 16:00,0.884
10/4/2019 17:00,0.946
10/4/2019 18:00,0.955
10/4/2019 19:00,0.945
10/4/2019 20:00,0.934
10/4/2019 21:00,0.927
10/4/2019 22:00,0.914
10/4/2019 23:00,0.887
10/5/2019 0:00,0.853
10/5/2019 1:00,0.82
10/5/2019 2:00,0.796
10/5/2019 3:00,0.808
10/5/2019 4:00,0.839
10/5/2019 5:00,0.866
10/5/2019 6:00,0.866
10/5/2019 7:00,0.86
10/5/2019 8:00,0.874
10/5/2019 9:00,0.907
10/5/2019 10:00,0.922
10/5/2019 11:00,0.909
10/5/2019 12:00,0.866
10/5/2019 13:00,0.806
10/5/2019 14:00,0.758
10/5/2019 15:00,0.736
10/5/2019 16:00,0.744
10/5/2019 17:00,0.765
10/5/2019 18:00,0.786
10/5/2019 19:00,0.799
10/5/2019 20:00,0.799
10/5/2019 21:00,0.787
10/5/2019 22:00,0.755
10/5/2019 23:00,0.703
10/6/2019 0:00,0.643
10/6/2019 1:00,0.588
10/6/2019 2:00,0.547
10/6/2019 3:00,0.528
10/6/2019 4:00,0.537
10/6/2019 5:00,0.571
10/6/2019 6:00,0.624
10/6/2019 7:00,0.674
10/6/2019 8:00,0.702
10/6/2019 9:00,0.701
10/6/2019 10:00,0.672
10/6/2019 11:00,0.627
10/6/2019 12:00,0.589
10/6/2019 13:00,0.557
10/6/2019 14:00,0.54
10/6/2019 15:00,0.534
10/6/2019 16:00,0.543
10/6/2019 17:00,0.568
10/6/2019 18:00,0.601
10/6/2019 19:00,0.63
10/6/2019 20:00,0.651
10/6/2019 21:00,0.675
10/6/2019 22:00,0.702
10/6/2019 23:00,0.731
10/7/2019 0:00,0.765
10/7/2019 1:00,0.786
10/7/2019 2:00,0.799
10/7/2019 3:00,0.808
10/7/2019 4:00,0.82
10/7/2019 5:00,0.827
10/7/2019 6:00,0.822
10/7/2019 7:00,0.816
10/7/2019 8:00,0.809
10/7/2019 9:00,0.799
10/7/2019 10:00,0.791
10/7/2019 11:00,0.777
10/7/2019 12:00,0.762
10/7/2019 13:00,0.753
10/7/2019 14:00,0.753
10/7/2019 15:00,0.765
10/7/2019 16:00,0.791
10/7/2019 17:00,0.817
10/7/2019 18:00,0.842
10/7/2019 19:00,0.854
10/7/2019 20:00,0.85
10/7/2019 21:00,0.858
10/7/2019 22:00,0.856
10/7/2019 23:00,0.827
10/8/2019 0:00,0.778
10/8/2019 1:00,0.718
10/8/2019 2:00,0.655
10/8/2019 3:00,0.604
10/8/2019 4:00,0.559
10/8/2019 5:00,0.53
10/8/2019 6:00,0.524
10/8/2019 7:00,0.524
10/8/2019 8:00,0.501
10/8/2019 9:00,0.426
10/8/2019 10:00,0.372
10/8/2019 11:00,0.386
10/8/2019 12:00,0.485
10/8/2019 13:00,0.532
10/8/2019 14:00,0.495
10/8/2019 15:00,0.437
10/8/2019 16:00,0.361
10/8/2019 17:00,0.321
10/8/2019 18:00,0.284
10/8/2019 19:00,0.199
10/8/2019 20:00,0.134
10/8/2019 21:00,0.118
10/8/2019 22:00,0.187
10/8/2019 23:00,0.399
10/9/2019 0:00,0.695
10/9/2019 1:00,0.835
10/9/2019 2:00,0.882
10/9/2019 3:00,0.912
10/9/2019 4:00,0.934
10/9/2019 5:00,0.954
10/9/2019 6:00,0.966
10/9/2019 7:00,0.97
10/9/2019 8:00,0.965
10/9/2019 9:00,0.96
10/9/2019 10:00,0.96
10/9/2019 11:00,0.958
10/9/2019 12:00,0.949
10/9/2019 13:00,0.938
10/9/2019 14:00,0.931
10/9/2019 15:00,0.928
10/9/2019 16:00,0.923
10/9/2019 17:00,0.918
10/9/2019 18:00,0.907
10/9/2019 19:00,0.891
10/9/2019 20:00,0.867
10/9/2019 21:00,0.838
10/9/2019 22:00,0.814
10/9/2019 23:00,0.807
10/10/2019 0:00,0.816
10/10/2019 1:00,0.839
10/10/2019 2:00,0.868
10/10/2019 3:00,0.895
10/10/2019 4:00,0.917
10/10/2019 5:00,0.929
10/10/2019 6:00,0.935
10/10/2019 7:00,0.935
10/10/2019 8:00,0.933
10/10/2019 9:00,0.93
10/10/2019 10:00,0.935
10/10/2019 11:00,0.944
10/10/2019 12:00,0.952
10/10/2019 13:00,0.961
10/10/2019 14:00,0.969
10/10/2019 15:00,0.975
10/10/2019 16:00,0.98
10/10/2019 17:00,0.985
10/10/2019 18:00,0.985
10/10/2019 19:00,0.983
10/10/2019 20:00,0.978
10/10/2019 21:00,0.969
10/10/2019 22:00,0.956
10/10/2019 23:00,0.947
10/11/2019 0:00,0.948
10/11/2019 1:00,0.952
10/11/2019 2:00,0.953
10/11/2019 3:00,0.954
10/11/2019 4:00,0.956
10/11/2019 5:00,0.957
10/11/2019 6:00,0.959
10/11/2019 7:00,0.959
10/11/2019 8:00,0.954
10/11/2019 9:00,0.943
10/11/2019 10:00,0.935
10/11/2019 11:00,0.93
10/11/2019 12:00,0.926
10/11/2019 13:00,0.925
10/11/2019 14:00,0.93
10/11/2019 15:00,0.931
10/11/2019 16:00,0.926
10/11/2019 17:00,0.919
10/11/2019 18:00,0.914
10/11/2019 19:00,0.905
10/11/2019 20:00,0.889
10/11/2019 21:00,0.872
10/11/2019 22:00,0.854
10/11/2019 23:00,0.838
10/12/2019 0:00,0.833
10/12/2019 1:00,0.84
10/12/2019 2:00,0.848
10/12/2019 3:00,0.863
10/12/2019 4:00,0.879
10/12/2019 5:00,0.872
10/12/2019 6:00,0.847
10/12/2019 7:00,0.824
10/12/2019 8:00,0.807
10/12/2019 9:00,0.8
10/12/2019 10:00,0.79
10/12/2019 11:00,0.776
10/12/2019 12:00,0.754
10/12/2019 13:00,0.724
10/12/2019 14:00,0.699
10/12/2019 15:00,0.668
10/12/2019 16:00,0.623
10/12/2019 17:00,0.569
10/12/2019 18:00,0.502
10/12/2019 19:00,0.418
10/12/2019 20:00,0.317
10/12/2019 21:00,0.228
10/12/2019 22:00,0.155
10/12/2019 23:00,0.104
10/13/2019 0:00,0.076
10/13/2019 1:00,0.061
10/13/2019 2:00,0.054
10/13/2019 3:00,0.053
10/13/2019 4:00,0.052
10/13/2019 5:00,0.043
10/13/2019 6:00,0.022
10/13/2019 7:00,0.004
10/13/2019 8:00,0
10/13/2019 9:00,0
10/13/2019 10:00,0
10/13/2019 11:00,0
10/13/2019 12:00,0
10/13/2019 13:00,0.005
10/13/2019 14:00,0.026
10/13/2019 15:00,0.059
10/13/2019 16:00,0.099
10/13/2019 17:00,0.155
10/13/2019 18:00,0.227
10/13/2019 19:00,0.254
10/13/2019 20:00,0.255
10/13/2019 21:00,0.273
10/13/2019 22:00,0.294
10/13/2019 23:00,0.305
10/14/2019 0:00,0.31
10/14/2019 1:00,0.319
10/14/2019 2:00,0.3
10/14/2019 3:00,0.259
10/14/2019 4:00,0.236
10/14/2019 5:00,0.212
10/14/2019 6:00,0.2
10/14/2019 7:00,0.253
10/14/2019 8:00,0.32
10/14/2019 9:00,0.383
10/14/2019 10:00,0.447
10/14/2019 11:00,0.532
10/14/2019 12:00,0.59
10/14/2019 13:00,0.562
10/14/2019 14:00,0.46
10/14/2019 15:00,0.367
10/14/2019 16:00,0.331
10/14/2019 17:00,0.327
10/14/2019 18:00,0.336
10/14/2019 19:00,0.348
10/14/2019 20:00,0.328
10/14/2019 21:00,0.271
10/14/2019 22:00,0.185
10/14/2019 23:00,0.108
10/15/2019 0:00,0.079
10/15/2019 1:00,0.054
10/15/2019 2:00,0.041
10/15/2019 3:00,0.084
10/15/2019 4:00,0.206
10/15/2019 5:00,0.355
10/15/2019 6:00,0.402
10/15/2019 7:00,0.387
10/15/2019 8:00,0.325
10/15/2019 9:00,0.264
10/15/2019 10:00,0.204
10/15/2019 11:00,0.152
10/15/2019 12:00,0.103
10/15/2019 13:00,0.074
10/15/2019 14:00,0.051
10/15/2019 15:00,0.053
10/15/2019 16:00,0.058
10/15/2019 17:00,0.041
10/15/2019 18:00,0.066
10/15/2019 19:00,0.054
10/15/2019 20:00,0.056
10/15/2019 21:00,0.083
10/15/2019 22:00,0.111
10/15/2019 23:00,0.138
10/16/2019 0:00,0.119
10/16/2019 1:00,0.102
10/16/2019 2:00,0.118
10/16/2019 3:00,0.119
10/16/2019 4:00,0.142
10/16/2019 5:00,0.178
10/16/2019 6:00,0.268
10/16/2019 7:00,0.42
10/16/2019 8:00,0.578
10/16/2019 9:00,0.709
10/16/2019 10:00,0.771
10/16/2019 11:00,0.797
10/16/2019 12:00,0.862
10/16/2019 13:00,0.958
10/16/2019 14:00,0.991
10/16/2019 15:00,0.981
10/16/2019 16:00,0.976
10/16/2019 17:00,0.969
10/16/2019 18:00,0.969
10/16/2019 19:00,0.984
10/16/2019 20:00,0.991
10/16/2019 21:00,0.99
10/16/2019 22:00,0.99
10/16/2019 23:00,0.99
10/17/2019 0:00,0.988
10/17/2019 1:00,0.979
10/17/2019 2:00,0.97
10/17/2019 3:00,0.968
10/17/2019 4:00,0.956
10/17/2019 5:00,0.933
10/17/2019 6:00,0.897
10/17/2019 7:00,0.845
10/17/2019 8:00,0.82
10/17/2019 9:00,0.831
10/17/2019 10:00,0.852
10/17/2019 11:00,0.876
10/17/2019 12:00,0.885
10/17/2019 13:00,0.877
10/17/2019 14:00,0.846
10/17/2019 15:00,0.813
10/17/2019 16:00,0.799
10/17/2019 17:00,0.797
10/17/2019 18:00,0.798
10/17/2019 19:00,0.789
10/17/2019 20:00,0.77
10/17/2019 21:00,0.739
10/17/2019 22:00,0.689
10/17/2019 23:00,0.642
10/18/2019 0:00,0.594
10/18/2019 1:00,0.547
10/18/2019 2:00,0.525
10/18/2019 3:00,0.531
10/18/2019 4:00,0.567
10/18/2019 5:00,0.607
10/18/2019 6:00,0.642
10/18/2019 7:00,0.648
10/18/2019 8:00,0.638
10/18/2019 9:00,0.63
10/18/2019 10:00,0.625
10/18/2019 11:00,0.638
10/18/2019 12:00,0.66
10/18/2019 13:00,0.687
10/18/2019 14:00,0.715
10/18/2019 15:00,0.74
10/18/2019 16:00,0.757
10/18/2019 17:00,0.784
10/18/2019 18:00,0.806
10/18/2019 19:00,0.749
10/18/2019 20:00,0.662
10/18/2019 21:00,0.586
10/18/2019 22:00,0.485
10/18/2019 23:00,0.311
10/19/2019 0:00,0.162
10/19/2019 1:00,0.087
10/19/2019 2:00,0.06
10/19/2019 3:00,0.055
10/19/2019 4:00,0.05
10/19/2019 5:00,0.036
10/19/2019 6:00,0.023
10/19/2019 7:00,0.009
10/19/2019 8:00,0.002
10/19/2019 9:00,0
10/19/2019 10:00,0
10/19/2019 11:00,0
10/19/2019 12:00,0
10/19/2019 13:00,0
10/19/2019 14:00,0
10/19/2019 15:00,0
10/19/2019 16:00,0
10/19/2019 17:00,0
10/19/2019 18:00,0.001
10/19/2019 19:00,0.021
10/19/2019 20:00,0.037
10/19/2019 21:00,0.051
10/19/2019 22:00,0.089
10/19/2019 23:00,0.134
10/20/2019 0:00,0.192
10/20/2019 1:00,0.278
10/20/2019 2:00,0.413
10/20/2019 3:00,0.568
10/20/2019 4:00,0.673
10/20/2019 5:00,0.75
10/20/2019 6:00,0.819
10/20/2019 7:00,0.87
10/20/2019 8:00,0.919
10/20/2019 9:00,0.955
10/20/2019 10:00,0.97
10/20/2019 11:00,0.981
10/20/2019 12:00,0.989
10/20/2019 13:00,0.991
10/20/2019 14:00,0.989
10/20/2019 15:00,0.987
10/20/2019 16:00,0.989
10/20/2019 17:00,0.991
10/20/2019 18:00,0.99
10/20/2019 19:00,0.983
10/20/2019 20:00,0.967
10/20/2019 21:00,0.941
10/20/2019 22:00,0.905
10/20/2019 23:00,0.883
10/21/2019 0:00,0.875
10/21/2019 1:00,0.86
10/21/2019 2:00,0.84
10/21/2019 3:00,0.827
10/21/2019 4:00,0.826
10/21/2019 5:00,0.82
10/21/2019 6:00,0.77
10/21/2019 7:00,0.71
10/21/2019 8:00,0.724
10/21/2019 9:00,0.823
10/21/2019 10:00,0.895
10/21/2019 11:00,0.912
10/21/2019 12:00,0.898
10/21/2019 13:00,0.873
10/21/2019 14:00,0.856
10/21/2019 15:00,0.844
10/21/2019 16:00,0.817
10/21/2019 17:00,0.769
10/21/2019 18:00,0.71
10/21/2019 19:00,0.62
10/21/2019 20:00,0.503
10/21/2019 21:00,0.403
10/21/2019 22:00,0.324
10/21/2019 23:00,0.249
10/22/2019 0:00,0.189
10/22/2019 1:00,0.134
10/22/2019 2:00,0.09
10/22/2019 3:00,0.067
10/22/2019 4:00,0.051
10/22/2019 5:00,0.036
10/22/2019 6:00,0.011
10/22/2019 7:00,0
10/22/2019 8:00,0
10/22/2019 9:00,0
10/22/2019 10:00,0
10/22/2019 11:00,0
10/22/2019 12:00,0
10/22/2019 13:00,0.001
10/22/2019 14:00,0.004
10/22/2019 15:00,0.032
10/22/2019 16:00,0.095
10/22/2019 17:00,0.17
10/22/2019 18:00,0.245
10/22/2019 19:00,0.313
10/22/2019 20:00,0.386
10/22/2019 21:00,0.468
10/22/2019 22:00,0.556
10/22/2019 23:00,0.625
10/23/2019 0:00,0.676
10/23/2019 1:00,0.7
10/23/2019 2:00,0.688
10/23/2019 3:00,0.661
10/23/2019 4:00,0.595
10/23/2019 5:00,0.594
10/23/2019 6:00,0.651
10/23/2019 7:00,0.7
10/23/2019 8:00,0.732
10/23/2019 9:00,0.832
10/23/2019 10:00,0.892
10/23/2019 11:00,0.882
10/23/2019 12:00,0.826
10/23/2019 13:00,0.735
10/23/2019 14:00,0.636
10/23/2019 15:00,0.549
10/23/2019 16:00,0.487
10/23/2019 17:00,0.451
10/23/2019 18:00,0.442
10/23/2019 19:00,0.447
10/23/2019 20:00,0.435
10/23/2019 21:00,0.399
10/23/2019 22:00,0.355
10/23/2019 23:00,0.329
10/24/2019 0:00,0.334
10/24/2019 1:00,0.358
10/24/2019 2:00,0.379
10/24/2019 3:00,0.381
10/24/2019 4:00,0.376
10/24/2019 5:00,0.361
10/24/2019 6:00,0.337
10/24/2019 7:00,0.311
10/24/2019 8:00,0.282
10/24/2019 9:00,0.249
10/24/2019 10:00,0.237
10/24/2019 11:00,0.243
10/24/2019 12:00,0.248
10/24/2019 13:00,0.259
10/24/2019 14:00,0.286
10/24/2019 15:00,0.321
10/24/2019 16:00,0.335
10/24/2019 17:00,0.321
10/24/2019 18:00,0.305
10/24/2019 19:00,0.295
10/24/2019 20:00,0.275
10/24/2019 21:00,0.241
10/24/2019 22:00,0.188
10/24/2019 23:00,0.127
10/25/2019 0:00,0.095
10/25/2019 1:00,0.079
10/25/2019 2:00,0.071
10/25/2019 3:00,0.068
10/25/2019 4:00,0.086
10/25/2019 5:00,0.11
10/25/2019 6:00,0.128
10/25/2019 7:00,0.15
10/25/2019 8:00,0.157
10/25/2019 9:00,0.145
10/25/2019 10:00,0.129
10/25/2019 11:00,0.107
10/25/2019 12:00,0.089
10/25/2019 13:00,0.083
10/25/2019 14:00,0.076
10/25/2019 15:00,0.06
10/25/2019 16:00,0.049
10/25/2019 17:00,0.035
10/25/2019 18:00,0.014
10/25/2019 19:00,0.001
10/25/2019 20:00,0
10/25/2019 21:00,0
10/25/2019 22:00,0
10/25/2019 23:00,0
10/26/2019 0:00,0
10/26/2019 1:00,0
10/26/2019 2:00,0.002
10/26/2019 3:00,0.002
10/26/2019 4:00,0
10/26/2019 5:00,0
10/26/2019 6:00,0
10/26/2019 7:00,0
10/26/2019 8:00,0
10/26/2019 9:00,0.001
10/26/2019 10:00,0.002
10/26/2019 11:00,0.005
10/26/2019 12:00,0.015
10/26/2019 13:00,0.042
10/26/2019 14:00,0.083
10/26/2019 15:00,0.14
10/26/2019 16:00,0.205
10/26/2019 17:00,0.264
10/26/2019 18:00,0.305
10/26/2019 19:00,0.34
10/26/2019 20:00,0.399
10/26/2019 21:00,0.476
10/26/2019 22:00,0.544
10/26/2019 23:00,0.599
10/27/2019 0:00,0.655
10/27/2019 1:00,0.71
10/27/2019 2:00,0.755
10/27/2019 3:00,0.788
10/27/2019 4:00,0.814
10/27/2019 5:00,0.844
10/27/2019 6:00,0.871
10/27/2019 7:00,0.894
10/27/2019 8:00,0.913
10/27/2019 9:00,0.927
10/27/2019 10:00,0.935
10/27/2019 11:00,0.937
10/27/2019 12:00,0.942
10/27/2019 13:00,0.957
10/27/2019 14:00,0.968
10/27/2019 15:00,0.971
10/27/2019 16:00,0.966
10/27/2019 17:00,0.96
10/27/2019 18:00,0.948
10/27/2019 19:00,0.914
10/27/2019 20:00,0.87
10/27/2019 21:00,0.822
10/27/2019 22:00,0.766
10/27/2019 23:00,0.68
10/28/2019 0:00,0.557
10/28/2019 1:00,0.418
10/28/2019 2:00,0.278
10/28/2019 3:00,0.16
10/28/2019 4:00,0.106
10/28/2019 5:00,0.118
10/28/2019 6:00,0.179
10/28/2019 7:00,0.256
10/28/2019 8:00,0.316
10/28/2019 9:00,0.347
10/28/2019 10:00,0.355
10/28/2019 11:00,0.349
10/28/2019 12:00,0.343
10/28/2019 13:00,0.337
10/28/2019 14:00,0.337
10/28/2019 15:00,0.349
10/28/2019 16:00,0.377
10/28/2019 17:00,0.41
10/28/2019 18:00,0.444
10/28/2019 19:00,0.465
10/28/2019 20:00,0.466
10/28/2019 21:00,0.449
10/28/2019 22:00,0.41
10/28/2019 23:00,0.349
