" ""local_time"": ""America/New_York""",electricity
1/1/2019 0:00,0.01
1/1/2019 1:00,0
1/1/2019 2:00,0
1/1/2019 3:00,0
1/1/2019 4:00,0
1/1/2019 5:00,0
1/1/2019 6:00,0
1/1/2019 7:00,0
1/1/2019 8:00,0
1/1/2019 9:00,0
1/1/2019 10:00,0
1/1/2019 11:00,0
1/1/2019 12:00,0
1/1/2019 13:00,0
1/1/2019 14:00,0
1/1/2019 15:00,0.222
1/1/2019 16:00,0.493
1/1/2019 17:00,0.673
1/1/2019 18:00,0.777
1/1/2019 19:00,0.814
1/1/2019 20:00,0.79
1/1/2019 21:00,0.703
1/1/2019 22:00,0.547
1/1/2019 23:00,0.305
1/2/2019 0:00,0.022
1/2/2019 1:00,0
1/2/2019 2:00,0
1/2/2019 3:00,0
1/2/2019 4:00,0
1/2/2019 5:00,0
1/2/2019 6:00,0
1/2/2019 7:00,0
1/2/2019 8:00,0
1/2/2019 9:00,0
1/2/2019 10:00,0
1/2/2019 11:00,0
1/2/2019 12:00,0
1/2/2019 13:00,0
1/2/2019 14:00,0
1/2/2019 15:00,0.245
1/2/2019 16:00,0.511
1/2/2019 17:00,0.686
1/2/2019 18:00,0.784
1/2/2019 19:00,0.818
1/2/2019 20:00,0.792
1/2/2019 21:00,0.703
1/2/2019 22:00,0.546
1/2/2019 23:00,0.307
1/3/2019 0:00,0.023
1/3/2019 1:00,0
1/3/2019 2:00,0
1/3/2019 3:00,0
1/3/2019 4:00,0
1/3/2019 5:00,0
1/3/2019 6:00,0
1/3/2019 7:00,0
1/3/2019 8:00,0
1/3/2019 9:00,0
1/3/2019 10:00,0
1/3/2019 11:00,0
1/3/2019 12:00,0
1/3/2019 13:00,0
1/3/2019 14:00,0
1/3/2019 15:00,0.22
1/3/2019 16:00,0.476
1/3/2019 17:00,0.647
1/3/2019 18:00,0.739
1/3/2019 19:00,0.774
1/3/2019 20:00,0.75
1/3/2019 21:00,0.661
1/3/2019 22:00,0.509
1/3/2019 23:00,0.276
1/4/2019 0:00,0.02
1/4/2019 1:00,0
1/4/2019 2:00,0
1/4/2019 3:00,0
1/4/2019 4:00,0
1/4/2019 5:00,0
1/4/2019 6:00,0
1/4/2019 7:00,0
1/4/2019 8:00,0
1/4/2019 9:00,0
1/4/2019 10:00,0
1/4/2019 11:00,0
1/4/2019 12:00,0
1/4/2019 13:00,0
1/4/2019 14:00,0
1/4/2019 15:00,0.222
1/4/2019 16:00,0.478
1/4/2019 17:00,0.648
1/4/2019 18:00,0.745
1/4/2019 19:00,0.78
1/4/2019 20:00,0.757
1/4/2019 21:00,0.674
1/4/2019 22:00,0.525
1/4/2019 23:00,0.295
1/5/2019 0:00,0.012
1/5/2019 1:00,0
1/5/2019 2:00,0
1/5/2019 3:00,0
1/5/2019 4:00,0
1/5/2019 5:00,0
1/5/2019 6:00,0
1/5/2019 7:00,0
1/5/2019 8:00,0
1/5/2019 9:00,0
1/5/2019 10:00,0
1/5/2019 11:00,0
1/5/2019 12:00,0
1/5/2019 13:00,0
1/5/2019 14:00,0
1/5/2019 15:00,0.014
1/5/2019 16:00,0.053
1/5/2019 17:00,0.089
1/5/2019 18:00,0.126
1/5/2019 19:00,0.143
1/5/2019 20:00,0.133
1/5/2019 21:00,0.093
1/5/2019 22:00,0.056
1/5/2019 23:00,0.024
1/6/2019 0:00,0
1/6/2019 1:00,0
1/6/2019 2:00,0
1/6/2019 3:00,0
1/6/2019 4:00,0
1/6/2019 5:00,0
1/6/2019 6:00,0
1/6/2019 7:00,0
1/6/2019 8:00,0
1/6/2019 9:00,0
1/6/2019 10:00,0
1/6/2019 11:00,0
1/6/2019 12:00,0
1/6/2019 13:00,0
1/6/2019 14:00,0
1/6/2019 15:00,0.059
1/6/2019 16:00,0.219
1/6/2019 17:00,0.384
1/6/2019 18:00,0.534
1/6/2019 19:00,0.653
1/6/2019 20:00,0.663
1/6/2019 21:00,0.51
1/6/2019 22:00,0.385
1/6/2019 23:00,0.181
1/7/2019 0:00,0.015
1/7/2019 1:00,0
1/7/2019 2:00,0
1/7/2019 3:00,0
1/7/2019 4:00,0
1/7/2019 5:00,0
1/7/2019 6:00,0
1/7/2019 7:00,0
1/7/2019 8:00,0
1/7/2019 9:00,0
1/7/2019 10:00,0
1/7/2019 11:00,0
1/7/2019 12:00,0
1/7/2019 13:00,0
1/7/2019 14:00,0
1/7/2019 15:00,0.036
1/7/2019 16:00,0.113
1/7/2019 17:00,0.175
1/7/2019 18:00,0.205
1/7/2019 19:00,0.25
1/7/2019 20:00,0.332
1/7/2019 21:00,0.391
1/7/2019 22:00,0.313
1/7/2019 23:00,0.149
1/8/2019 0:00,0.006
1/8/2019 1:00,0
1/8/2019 2:00,0
1/8/2019 3:00,0
1/8/2019 4:00,0
1/8/2019 5:00,0
1/8/2019 6:00,0
1/8/2019 7:00,0
1/8/2019 8:00,0
1/8/2019 9:00,0
1/8/2019 10:00,0
1/8/2019 11:00,0
1/8/2019 12:00,0
1/8/2019 13:00,0
1/8/2019 14:00,0
1/8/2019 15:00,0.114
1/8/2019 16:00,0.261
1/8/2019 17:00,0.339
1/8/2019 18:00,0.361
1/8/2019 19:00,0.401
1/8/2019 20:00,0.408
1/8/2019 21:00,0.341
1/8/2019 22:00,0.218
1/8/2019 23:00,0.086
1/9/2019 0:00,0.005
1/9/2019 1:00,0
1/9/2019 2:00,0
1/9/2019 3:00,0
1/9/2019 4:00,0
1/9/2019 5:00,0
1/9/2019 6:00,0
1/9/2019 7:00,0
1/9/2019 8:00,0
1/9/2019 9:00,0
1/9/2019 10:00,0
1/9/2019 11:00,0
1/9/2019 12:00,0
1/9/2019 13:00,0
1/9/2019 14:00,0
1/9/2019 15:00,0.113
1/9/2019 16:00,0.312
1/9/2019 17:00,0.487
1/9/2019 18:00,0.603
1/9/2019 19:00,0.649
1/9/2019 20:00,0.643
1/9/2019 21:00,0.591
1/9/2019 22:00,0.432
1/9/2019 23:00,0.159
1/10/2019 0:00,0.008
1/10/2019 1:00,0
1/10/2019 2:00,0
1/10/2019 3:00,0
1/10/2019 4:00,0
1/10/2019 5:00,0
1/10/2019 6:00,0
1/10/2019 7:00,0
1/10/2019 8:00,0
1/10/2019 9:00,0
1/10/2019 10:00,0
1/10/2019 11:00,0
1/10/2019 12:00,0
1/10/2019 13:00,0
1/10/2019 14:00,0
1/10/2019 15:00,0.202
1/10/2019 16:00,0.443
1/10/2019 17:00,0.607
1/10/2019 18:00,0.7
1/10/2019 19:00,0.735
1/10/2019 20:00,0.713
1/10/2019 21:00,0.632
1/10/2019 22:00,0.484
1/10/2019 23:00,0.258
1/11/2019 0:00,0.019
1/11/2019 1:00,0
1/11/2019 2:00,0
1/11/2019 3:00,0
1/11/2019 4:00,0
1/11/2019 5:00,0
1/11/2019 6:00,0
1/11/2019 7:00,0
1/11/2019 8:00,0
1/11/2019 9:00,0
1/11/2019 10:00,0
1/11/2019 11:00,0
1/11/2019 12:00,0
1/11/2019 13:00,0
1/11/2019 14:00,0
1/11/2019 15:00,0.203
1/11/2019 16:00,0.451
1/11/2019 17:00,0.622
1/11/2019 18:00,0.714
1/11/2019 19:00,0.699
1/11/2019 20:00,0.512
1/11/2019 21:00,0.352
1/11/2019 22:00,0.196
1/11/2019 23:00,0.073
1/12/2019 0:00,0.002
1/12/2019 1:00,0
1/12/2019 2:00,0
1/12/2019 3:00,0
1/12/2019 4:00,0
1/12/2019 5:00,0
1/12/2019 6:00,0
1/12/2019 7:00,0
1/12/2019 8:00,0
1/12/2019 9:00,0
1/12/2019 10:00,0
1/12/2019 11:00,0
1/12/2019 12:00,0
1/12/2019 13:00,0
1/12/2019 14:00,0
1/12/2019 15:00,0.031
1/12/2019 16:00,0.111
1/12/2019 17:00,0.21
1/12/2019 18:00,0.292
1/12/2019 19:00,0.308
1/12/2019 20:00,0.279
1/12/2019 21:00,0.203
1/12/2019 22:00,0.119
1/12/2019 23:00,0.04
1/13/2019 0:00,0.001
1/13/2019 1:00,0
1/13/2019 2:00,0
1/13/2019 3:00,0
1/13/2019 4:00,0
1/13/2019 5:00,0
1/13/2019 6:00,0
1/13/2019 7:00,0
1/13/2019 8:00,0
1/13/2019 9:00,0
1/13/2019 10:00,0
1/13/2019 11:00,0
1/13/2019 12:00,0
1/13/2019 13:00,0
1/13/2019 14:00,0
1/13/2019 15:00,0.238
1/13/2019 16:00,0.482
1/13/2019 17:00,0.646
1/13/2019 18:00,0.742
1/13/2019 19:00,0.776
1/13/2019 20:00,0.753
1/13/2019 21:00,0.669
1/13/2019 22:00,0.518
1/13/2019 23:00,0.287
1/14/2019 0:00,0.023
1/14/2019 1:00,0
1/14/2019 2:00,0
1/14/2019 3:00,0
1/14/2019 4:00,0
1/14/2019 5:00,0
1/14/2019 6:00,0
1/14/2019 7:00,0
1/14/2019 8:00,0
1/14/2019 9:00,0
1/14/2019 10:00,0
1/14/2019 11:00,0
1/14/2019 12:00,0
1/14/2019 13:00,0
1/14/2019 14:00,0
1/14/2019 15:00,0.143
1/14/2019 16:00,0.237
1/14/2019 17:00,0.299
1/14/2019 18:00,0.342
1/14/2019 19:00,0.391
1/14/2019 20:00,0.392
1/14/2019 21:00,0.4
1/14/2019 22:00,0.25
1/14/2019 23:00,0.042
1/15/2019 0:00,0
1/15/2019 1:00,0
1/15/2019 2:00,0
1/15/2019 3:00,0
1/15/2019 4:00,0
1/15/2019 5:00,0
1/15/2019 6:00,0
1/15/2019 7:00,0
1/15/2019 8:00,0
1/15/2019 9:00,0
1/15/2019 10:00,0
1/15/2019 11:00,0
1/15/2019 12:00,0
1/15/2019 13:00,0
1/15/2019 14:00,0
1/15/2019 15:00,0.006
1/15/2019 16:00,0.031
1/15/2019 17:00,0.059
1/15/2019 18:00,0.086
1/15/2019 19:00,0.098
1/15/2019 20:00,0.108
1/15/2019 21:00,0.09
1/15/2019 22:00,0.058
1/15/2019 23:00,0.024
1/16/2019 0:00,0.001
1/16/2019 1:00,0
1/16/2019 2:00,0
1/16/2019 3:00,0
1/16/2019 4:00,0
1/16/2019 5:00,0
1/16/2019 6:00,0
1/16/2019 7:00,0
1/16/2019 8:00,0
1/16/2019 9:00,0
1/16/2019 10:00,0
1/16/2019 11:00,0
1/16/2019 12:00,0
1/16/2019 13:00,0
1/16/2019 14:00,0
1/16/2019 15:00,0.027
1/16/2019 16:00,0.116
1/16/2019 17:00,0.261
1/16/2019 18:00,0.45
1/16/2019 19:00,0.527
1/16/2019 20:00,0.479
1/16/2019 21:00,0.261
1/16/2019 22:00,0.181
1/16/2019 23:00,0.116
1/17/2019 0:00,0.014
1/17/2019 1:00,0
1/17/2019 2:00,0
1/17/2019 3:00,0
1/17/2019 4:00,0
1/17/2019 5:00,0
1/17/2019 6:00,0
1/17/2019 7:00,0
1/17/2019 8:00,0
1/17/2019 9:00,0
1/17/2019 10:00,0
1/17/2019 11:00,0
1/17/2019 12:00,0
1/17/2019 13:00,0
1/17/2019 14:00,0
1/17/2019 15:00,0.018
1/17/2019 16:00,0.065
1/17/2019 17:00,0.098
1/17/2019 18:00,0.107
1/17/2019 19:00,0.179
1/17/2019 20:00,0.371
1/17/2019 21:00,0.486
1/17/2019 22:00,0.403
1/17/2019 23:00,0.111
1/18/2019 0:00,0.005
1/18/2019 1:00,0
1/18/2019 2:00,0
1/18/2019 3:00,0
1/18/2019 4:00,0
1/18/2019 5:00,0
1/18/2019 6:00,0
1/18/2019 7:00,0
1/18/2019 8:00,0
1/18/2019 9:00,0
1/18/2019 10:00,0
1/18/2019 11:00,0
1/18/2019 12:00,0
1/18/2019 13:00,0
1/18/2019 14:00,0
1/18/2019 15:00,0.234
1/18/2019 16:00,0.464
1/18/2019 17:00,0.625
1/18/2019 18:00,0.711
1/18/2019 19:00,0.743
1/18/2019 20:00,0.718
1/18/2019 21:00,0.636
1/18/2019 22:00,0.488
1/18/2019 23:00,0.265
1/19/2019 0:00,0.033
1/19/2019 1:00,0
1/19/2019 2:00,0
1/19/2019 3:00,0
1/19/2019 4:00,0
1/19/2019 5:00,0
1/19/2019 6:00,0
1/19/2019 7:00,0
1/19/2019 8:00,0
1/19/2019 9:00,0
1/19/2019 10:00,0
1/19/2019 11:00,0
1/19/2019 12:00,0
1/19/2019 13:00,0
1/19/2019 14:00,0.001
1/19/2019 15:00,0.224
1/19/2019 16:00,0.433
1/19/2019 17:00,0.576
1/19/2019 18:00,0.666
1/19/2019 19:00,0.678
1/19/2019 20:00,0.608
1/19/2019 21:00,0.5
1/19/2019 22:00,0.355
1/19/2019 23:00,0.205
1/20/2019 0:00,0.03
1/20/2019 1:00,0
1/20/2019 2:00,0
1/20/2019 3:00,0
1/20/2019 4:00,0
1/20/2019 5:00,0
1/20/2019 6:00,0
1/20/2019 7:00,0
1/20/2019 8:00,0
1/20/2019 9:00,0
1/20/2019 10:00,0
1/20/2019 11:00,0
1/20/2019 12:00,0
1/20/2019 13:00,0
1/20/2019 14:00,0
1/20/2019 15:00,0.088
1/20/2019 16:00,0.234
1/20/2019 17:00,0.388
1/20/2019 18:00,0.462
1/20/2019 19:00,0.461
1/20/2019 20:00,0.438
1/20/2019 21:00,0.367
1/20/2019 22:00,0.209
1/20/2019 23:00,0.078
1/21/2019 0:00,0.007
1/21/2019 1:00,0
1/21/2019 2:00,0
1/21/2019 3:00,0
1/21/2019 4:00,0
1/21/2019 5:00,0
1/21/2019 6:00,0
1/21/2019 7:00,0
1/21/2019 8:00,0
1/21/2019 9:00,0
1/21/2019 10:00,0
1/21/2019 11:00,0
1/21/2019 12:00,0
1/21/2019 13:00,0
1/21/2019 14:00,0.001
1/21/2019 15:00,0.202
1/21/2019 16:00,0.389
1/21/2019 17:00,0.535
1/21/2019 18:00,0.619
1/21/2019 19:00,0.608
1/21/2019 20:00,0.524
1/21/2019 21:00,0.459
1/21/2019 22:00,0.325
1/21/2019 23:00,0.181
1/22/2019 0:00,0.035
1/22/2019 1:00,0
1/22/2019 2:00,0
1/22/2019 3:00,0
1/22/2019 4:00,0
1/22/2019 5:00,0
1/22/2019 6:00,0
1/22/2019 7:00,0
1/22/2019 8:00,0
1/22/2019 9:00,0
1/22/2019 10:00,0
1/22/2019 11:00,0
1/22/2019 12:00,0
1/22/2019 13:00,0
1/22/2019 14:00,0.004
1/22/2019 15:00,0.314
1/22/2019 16:00,0.55
1/22/2019 17:00,0.711
1/22/2019 18:00,0.804
1/22/2019 19:00,0.836
1/22/2019 20:00,0.81
1/22/2019 21:00,0.724
1/22/2019 22:00,0.572
1/22/2019 23:00,0.341
1/23/2019 0:00,0.071
1/23/2019 1:00,0
1/23/2019 2:00,0
1/23/2019 3:00,0
1/23/2019 4:00,0
1/23/2019 5:00,0
1/23/2019 6:00,0
1/23/2019 7:00,0
1/23/2019 8:00,0
1/23/2019 9:00,0
1/23/2019 10:00,0
1/23/2019 11:00,0
1/23/2019 12:00,0
1/23/2019 13:00,0
1/23/2019 14:00,0.004
1/23/2019 15:00,0.283
1/23/2019 16:00,0.518
1/23/2019 17:00,0.675
1/23/2019 18:00,0.763
1/23/2019 19:00,0.792
1/23/2019 20:00,0.765
1/23/2019 21:00,0.676
1/23/2019 22:00,0.526
1/23/2019 23:00,0.304
1/24/2019 0:00,0.061
1/24/2019 1:00,0
1/24/2019 2:00,0
1/24/2019 3:00,0
1/24/2019 4:00,0
1/24/2019 5:00,0
1/24/2019 6:00,0
1/24/2019 7:00,0
1/24/2019 8:00,0
1/24/2019 9:00,0
1/24/2019 10:00,0
1/24/2019 11:00,0
1/24/2019 12:00,0
1/24/2019 13:00,0
1/24/2019 14:00,0.005
1/24/2019 15:00,0.292
1/24/2019 16:00,0.518
1/24/2019 17:00,0.673
1/24/2019 18:00,0.761
1/24/2019 19:00,0.794
1/24/2019 20:00,0.77
1/24/2019 21:00,0.688
1/24/2019 22:00,0.543
1/24/2019 23:00,0.323
1/25/2019 0:00,0.071
1/25/2019 1:00,0
1/25/2019 2:00,0
1/25/2019 3:00,0
1/25/2019 4:00,0
1/25/2019 5:00,0
1/25/2019 6:00,0
1/25/2019 7:00,0
1/25/2019 8:00,0
1/25/2019 9:00,0
1/25/2019 10:00,0
1/25/2019 11:00,0
1/25/2019 12:00,0
1/25/2019 13:00,0
1/25/2019 14:00,0.006
1/25/2019 15:00,0.304
1/25/2019 16:00,0.531
1/25/2019 17:00,0.654
1/25/2019 18:00,0.589
1/25/2019 19:00,0.677
1/25/2019 20:00,0.733
1/25/2019 21:00,0.685
1/25/2019 22:00,0.538
1/25/2019 23:00,0.317
1/26/2019 0:00,0.054
1/26/2019 1:00,0
1/26/2019 2:00,0
1/26/2019 3:00,0
1/26/2019 4:00,0
1/26/2019 5:00,0
1/26/2019 6:00,0
1/26/2019 7:00,0
1/26/2019 8:00,0
1/26/2019 9:00,0
1/26/2019 10:00,0
1/26/2019 11:00,0
1/26/2019 12:00,0
1/26/2019 13:00,0
1/26/2019 14:00,0.007
1/26/2019 15:00,0.299
1/26/2019 16:00,0.521
1/26/2019 17:00,0.673
1/26/2019 18:00,0.76
1/26/2019 19:00,0.792
1/26/2019 20:00,0.767
1/26/2019 21:00,0.679
1/26/2019 22:00,0.533
1/26/2019 23:00,0.313
1/27/2019 0:00,0.047
1/27/2019 1:00,0
1/27/2019 2:00,0
1/27/2019 3:00,0
1/27/2019 4:00,0
1/27/2019 5:00,0
1/27/2019 6:00,0
1/27/2019 7:00,0
1/27/2019 8:00,0
1/27/2019 9:00,0
1/27/2019 10:00,0
1/27/2019 11:00,0
1/27/2019 12:00,0
1/27/2019 13:00,0
1/27/2019 14:00,0.003
1/27/2019 15:00,0.19
1/27/2019 16:00,0.318
1/27/2019 17:00,0.48
1/27/2019 18:00,0.628
1/27/2019 19:00,0.702
1/27/2019 20:00,0.717
1/27/2019 21:00,0.647
1/27/2019 22:00,0.515
1/27/2019 23:00,0.305
1/28/2019 0:00,0.054
1/28/2019 1:00,0
1/28/2019 2:00,0
1/28/2019 3:00,0
1/28/2019 4:00,0
1/28/2019 5:00,0
1/28/2019 6:00,0
1/28/2019 7:00,0
1/28/2019 8:00,0
1/28/2019 9:00,0
1/28/2019 10:00,0
1/28/2019 11:00,0
1/28/2019 12:00,0
1/28/2019 13:00,0
1/28/2019 14:00,0.004
1/28/2019 15:00,0.175
1/28/2019 16:00,0.423
1/28/2019 17:00,0.636
1/28/2019 18:00,0.73
1/28/2019 19:00,0.76
1/28/2019 20:00,0.736
1/28/2019 21:00,0.602
1/28/2019 22:00,0.289
1/28/2019 23:00,0.088
4/1/2019 0:00,0.004
4/1/2019 1:00,0
4/1/2019 2:00,0
4/1/2019 3:00,0
4/1/2019 4:00,0
4/1/2019 5:00,0
4/1/2019 6:00,0
4/1/2019 7:00,0
4/1/2019 8:00,0
4/1/2019 9:00,0
4/1/2019 10:00,0
4/1/2019 11:00,0
4/1/2019 12:00,0
4/1/2019 13:00,0
4/1/2019 14:00,0
4/1/2019 15:00,0.032
4/1/2019 16:00,0.104
4/1/2019 17:00,0.245
4/1/2019 18:00,0.485
4/1/2019 19:00,0.679
4/1/2019 20:00,0.628
4/1/2019 21:00,0.473
4/1/2019 22:00,0.4
4/1/2019 23:00,0.192
4/2/2019 0:00,0.02
4/2/2019 1:00,0
4/2/2019 2:00,0
4/2/2019 3:00,0
4/2/2019 4:00,0
4/2/2019 5:00,0
4/2/2019 6:00,0
4/2/2019 7:00,0
4/2/2019 8:00,0
4/2/2019 9:00,0
4/2/2019 10:00,0
4/2/2019 11:00,0
4/2/2019 12:00,0
4/2/2019 13:00,0
4/2/2019 14:00,0.009
4/2/2019 15:00,0.273
4/2/2019 16:00,0.481
4/2/2019 17:00,0.617
4/2/2019 18:00,0.687
4/2/2019 19:00,0.706
4/2/2019 20:00,0.66
4/2/2019 21:00,0.543
4/2/2019 22:00,0.359
4/2/2019 23:00,0.157
4/3/2019 0:00,0.019
4/3/2019 1:00,0
4/3/2019 2:00,0
4/3/2019 3:00,0
4/3/2019 4:00,0
4/3/2019 5:00,0
4/3/2019 6:00,0
4/3/2019 7:00,0
4/3/2019 8:00,0
4/3/2019 9:00,0
4/3/2019 10:00,0
4/3/2019 11:00,0
4/3/2019 12:00,0
4/3/2019 13:00,0
4/3/2019 14:00,0.004
4/3/2019 15:00,0.161
4/3/2019 16:00,0.333
4/3/2019 17:00,0.451
4/3/2019 18:00,0.485
4/3/2019 19:00,0.474
4/3/2019 20:00,0.408
4/3/2019 21:00,0.287
4/3/2019 22:00,0.159
4/3/2019 23:00,0.066
4/4/2019 0:00,0.007
4/4/2019 1:00,0
4/4/2019 2:00,0
4/4/2019 3:00,0
4/4/2019 4:00,0
4/4/2019 5:00,0
4/4/2019 6:00,0
4/4/2019 7:00,0
4/4/2019 8:00,0
4/4/2019 9:00,0
4/4/2019 10:00,0
4/4/2019 11:00,0
4/4/2019 12:00,0
4/4/2019 13:00,0
4/4/2019 14:00,0.01
4/4/2019 15:00,0.264
4/4/2019 16:00,0.488
4/4/2019 17:00,0.64
4/4/2019 18:00,0.718
4/4/2019 19:00,0.733
4/4/2019 20:00,0.698
4/4/2019 21:00,0.614
4/4/2019 22:00,0.455
4/4/2019 23:00,0.231
4/5/2019 0:00,0.017
4/5/2019 1:00,0
4/5/2019 2:00,0
4/5/2019 3:00,0
4/5/2019 4:00,0
4/5/2019 5:00,0
4/5/2019 6:00,0
4/5/2019 7:00,0
4/5/2019 8:00,0
4/5/2019 9:00,0
4/5/2019 10:00,0
4/5/2019 11:00,0
4/5/2019 12:00,0
4/5/2019 13:00,0
4/5/2019 14:00,0
4/5/2019 15:00,0.068
4/5/2019 16:00,0.182
4/5/2019 17:00,0.299
4/5/2019 18:00,0.461
4/5/2019 19:00,0.555
4/5/2019 20:00,0.607
4/5/2019 21:00,0.541
4/5/2019 22:00,0.404
4/5/2019 23:00,0.171
4/6/2019 0:00,0.014
4/6/2019 1:00,0
4/6/2019 2:00,0
4/6/2019 3:00,0
4/6/2019 4:00,0
4/6/2019 5:00,0
4/6/2019 6:00,0
4/6/2019 7:00,0
4/6/2019 8:00,0
4/6/2019 9:00,0
4/6/2019 10:00,0
4/6/2019 11:00,0
4/6/2019 12:00,0
4/6/2019 13:00,0
4/6/2019 14:00,0.009
4/6/2019 15:00,0.211
4/6/2019 16:00,0.4
4/6/2019 17:00,0.569
4/6/2019 18:00,0.674
4/6/2019 19:00,0.701
4/6/2019 20:00,0.683
4/6/2019 21:00,0.609
4/6/2019 22:00,0.472
4/6/2019 23:00,0.267
4/7/2019 0:00,0.046
4/7/2019 1:00,0
4/7/2019 2:00,0
4/7/2019 3:00,0
4/7/2019 4:00,0
4/7/2019 5:00,0
4/7/2019 6:00,0
4/7/2019 7:00,0
4/7/2019 8:00,0
4/7/2019 9:00,0
4/7/2019 10:00,0
4/7/2019 11:00,0
4/7/2019 12:00,0
4/7/2019 13:00,0
4/7/2019 14:00,0.001
4/7/2019 15:00,0.08
4/7/2019 16:00,0.298
4/7/2019 17:00,0.48
4/7/2019 18:00,0.502
4/7/2019 19:00,0.519
4/7/2019 20:00,0.463
4/7/2019 21:00,0.368
4/7/2019 22:00,0.266
4/7/2019 23:00,0.145
4/8/2019 0:00,0.024
4/8/2019 1:00,0
4/8/2019 2:00,0
4/8/2019 3:00,0
4/8/2019 4:00,0
4/8/2019 5:00,0
4/8/2019 6:00,0
4/8/2019 7:00,0
4/8/2019 8:00,0
4/8/2019 9:00,0
4/8/2019 10:00,0
4/8/2019 11:00,0
4/8/2019 12:00,0
4/8/2019 13:00,0
4/8/2019 14:00,0.008
4/8/2019 15:00,0.197
4/8/2019 16:00,0.398
4/8/2019 17:00,0.498
4/8/2019 18:00,0.545
4/8/2019 19:00,0.568
4/8/2019 20:00,0.546
4/8/2019 21:00,0.465
4/8/2019 22:00,0.327
4/8/2019 23:00,0.158
4/9/2019 0:00,0.032
4/9/2019 1:00,0
4/9/2019 2:00,0
4/9/2019 3:00,0
4/9/2019 4:00,0
4/9/2019 5:00,0
4/9/2019 6:00,0
4/9/2019 7:00,0
4/9/2019 8:00,0
4/9/2019 9:00,0
4/9/2019 10:00,0
4/9/2019 11:00,0
4/9/2019 12:00,0
4/9/2019 13:00,0
4/9/2019 14:00,0.025
4/9/2019 15:00,0.328
4/9/2019 16:00,0.545
4/9/2019 17:00,0.631
4/9/2019 18:00,0.694
4/9/2019 19:00,0.718
4/9/2019 20:00,0.689
4/9/2019 21:00,0.623
4/9/2019 22:00,0.493
4/9/2019 23:00,0.299
4/10/2019 0:00,0.071
4/10/2019 1:00,0
4/10/2019 2:00,0
4/10/2019 3:00,0
4/10/2019 4:00,0
4/10/2019 5:00,0
4/10/2019 6:00,0
4/10/2019 7:00,0
4/10/2019 8:00,0
4/10/2019 9:00,0
4/10/2019 10:00,0
4/10/2019 11:00,0
4/10/2019 12:00,0
4/10/2019 13:00,0
4/10/2019 14:00,0.031
4/10/2019 15:00,0.36
4/10/2019 16:00,0.589
4/10/2019 17:00,0.749
4/10/2019 18:00,0.842
4/10/2019 19:00,0.875
4/10/2019 20:00,0.849
4/10/2019 21:00,0.762
4/10/2019 22:00,0.612
4/10/2019 23:00,0.388
4/11/2019 0:00,0.094
4/11/2019 1:00,0
4/11/2019 2:00,0
4/11/2019 3:00,0
4/11/2019 4:00,0
4/11/2019 5:00,0
4/11/2019 6:00,0
4/11/2019 7:00,0
4/11/2019 8:00,0
4/11/2019 9:00,0
4/11/2019 10:00,0
4/11/2019 11:00,0
4/11/2019 12:00,0
4/11/2019 13:00,0
4/11/2019 14:00,0.032
4/11/2019 15:00,0.352
4/11/2019 16:00,0.579
4/11/2019 17:00,0.737
4/11/2019 18:00,0.821
4/11/2019 19:00,0.854
4/11/2019 20:00,0.828
4/11/2019 21:00,0.742
4/11/2019 22:00,0.593
4/11/2019 23:00,0.373
4/12/2019 0:00,0.088
4/12/2019 1:00,0
4/12/2019 2:00,0
4/12/2019 3:00,0
4/12/2019 4:00,0
4/12/2019 5:00,0
4/12/2019 6:00,0
4/12/2019 7:00,0
4/12/2019 8:00,0
4/12/2019 9:00,0
4/12/2019 10:00,0
4/12/2019 11:00,0
4/12/2019 12:00,0
4/12/2019 13:00,0
4/12/2019 14:00,0.009
4/12/2019 15:00,0.157
4/12/2019 16:00,0.42
4/12/2019 17:00,0.492
4/12/2019 18:00,0.603
4/12/2019 19:00,0.636
4/12/2019 20:00,0.596
4/12/2019 21:00,0.5
4/12/2019 22:00,0.408
4/12/2019 23:00,0.296
4/13/2019 0:00,0.081
4/13/2019 1:00,0
4/13/2019 2:00,0
4/13/2019 3:00,0
4/13/2019 4:00,0
4/13/2019 5:00,0
4/13/2019 6:00,0
4/13/2019 7:00,0
4/13/2019 8:00,0
4/13/2019 9:00,0
4/13/2019 10:00,0
4/13/2019 11:00,0
4/13/2019 12:00,0
4/13/2019 13:00,0
4/13/2019 14:00,0.02
4/13/2019 15:00,0.238
4/13/2019 16:00,0.539
4/13/2019 17:00,0.702
4/13/2019 18:00,0.79
4/13/2019 19:00,0.819
4/13/2019 20:00,0.771
4/13/2019 21:00,0.617
4/13/2019 22:00,0.389
4/13/2019 23:00,0.189
4/14/2019 0:00,0.043
4/14/2019 1:00,0
4/14/2019 2:00,0
4/14/2019 3:00,0
4/14/2019 4:00,0
4/14/2019 5:00,0
4/14/2019 6:00,0
4/14/2019 7:00,0
4/14/2019 8:00,0
4/14/2019 9:00,0
4/14/2019 10:00,0
4/14/2019 11:00,0
4/14/2019 12:00,0
4/14/2019 13:00,0
4/14/2019 14:00,0.04
4/14/2019 15:00,0.353
4/14/2019 16:00,0.58
4/14/2019 17:00,0.736
4/14/2019 18:00,0.824
4/14/2019 19:00,0.854
4/14/2019 20:00,0.827
4/14/2019 21:00,0.743
4/14/2019 22:00,0.597
4/14/2019 23:00,0.383
4/15/2019 0:00,0.107
4/15/2019 1:00,0
4/15/2019 2:00,0
4/15/2019 3:00,0
4/15/2019 4:00,0
4/15/2019 5:00,0
4/15/2019 6:00,0
4/15/2019 7:00,0
4/15/2019 8:00,0
4/15/2019 9:00,0
4/15/2019 10:00,0
4/15/2019 11:00,0
4/15/2019 12:00,0
4/15/2019 13:00,0
4/15/2019 14:00,0.041
4/15/2019 15:00,0.358
4/15/2019 16:00,0.585
4/15/2019 17:00,0.742
4/15/2019 18:00,0.829
4/15/2019 19:00,0.858
4/15/2019 20:00,0.827
4/15/2019 21:00,0.746
4/15/2019 22:00,0.592
4/15/2019 23:00,0.381
4/16/2019 0:00,0.077
4/16/2019 1:00,0
4/16/2019 2:00,0
4/16/2019 3:00,0
4/16/2019 4:00,0
4/16/2019 5:00,0
4/16/2019 6:00,0
4/16/2019 7:00,0
4/16/2019 8:00,0
4/16/2019 9:00,0
4/16/2019 10:00,0
4/16/2019 11:00,0
4/16/2019 12:00,0
4/16/2019 13:00,0
4/16/2019 14:00,0.006
4/16/2019 15:00,0.048
4/16/2019 16:00,0.121
4/16/2019 17:00,0.219
4/16/2019 18:00,0.117
4/16/2019 19:00,0.161
4/16/2019 20:00,0.189
4/16/2019 21:00,0.108
4/16/2019 22:00,0.111
4/16/2019 23:00,0.072
4/17/2019 0:00,0.016
4/17/2019 1:00,0
4/17/2019 2:00,0
4/17/2019 3:00,0
4/17/2019 4:00,0
4/17/2019 5:00,0
4/17/2019 6:00,0
4/17/2019 7:00,0
4/17/2019 8:00,0
4/17/2019 9:00,0
4/17/2019 10:00,0
4/17/2019 11:00,0
4/17/2019 12:00,0
4/17/2019 13:00,0
4/17/2019 14:00,0.003
4/17/2019 15:00,0.032
4/17/2019 16:00,0.035
4/17/2019 17:00,0.082
4/17/2019 18:00,0.123
4/17/2019 19:00,0.13
4/17/2019 20:00,0.158
4/17/2019 21:00,0.099
4/17/2019 22:00,0.076
4/17/2019 23:00,0.037
4/18/2019 0:00,0.02
4/18/2019 1:00,0
4/18/2019 2:00,0
4/18/2019 3:00,0
4/18/2019 4:00,0
4/18/2019 5:00,0
4/18/2019 6:00,0
4/18/2019 7:00,0
4/18/2019 8:00,0
4/18/2019 9:00,0
4/18/2019 10:00,0
4/18/2019 11:00,0
4/18/2019 12:00,0
4/18/2019 13:00,0
4/18/2019 14:00,0.011
4/18/2019 15:00,0.123
4/18/2019 16:00,0.271
4/18/2019 17:00,0.454
4/18/2019 18:00,0.633
4/18/2019 19:00,0.679
4/18/2019 20:00,0.634
4/18/2019 21:00,0.47
4/18/2019 22:00,0.313
4/18/2019 23:00,0.197
4/19/2019 0:00,0.063
4/19/2019 1:00,0
4/19/2019 2:00,0
4/19/2019 3:00,0
4/19/2019 4:00,0
4/19/2019 5:00,0
4/19/2019 6:00,0
4/19/2019 7:00,0
4/19/2019 8:00,0
4/19/2019 9:00,0
4/19/2019 10:00,0
4/19/2019 11:00,0
4/19/2019 12:00,0
4/19/2019 13:00,0
4/19/2019 14:00,0.042
4/19/2019 15:00,0.334
4/19/2019 16:00,0.56
4/19/2019 17:00,0.701
4/19/2019 18:00,0.781
4/19/2019 19:00,0.82
4/19/2019 20:00,0.776
4/19/2019 21:00,0.666
4/19/2019 22:00,0.512
4/19/2019 23:00,0.288
4/20/2019 0:00,0.063
4/20/2019 1:00,0
4/20/2019 2:00,0
4/20/2019 3:00,0
4/20/2019 4:00,0
4/20/2019 5:00,0
4/20/2019 6:00,0
4/20/2019 7:00,0
4/20/2019 8:00,0
4/20/2019 9:00,0
4/20/2019 10:00,0
4/20/2019 11:00,0
4/20/2019 12:00,0
4/20/2019 13:00,0
4/20/2019 14:00,0.041
4/20/2019 15:00,0.293
4/20/2019 16:00,0.539
4/20/2019 17:00,0.61
4/20/2019 18:00,0.509
4/20/2019 19:00,0.482
4/20/2019 20:00,0.411
4/20/2019 21:00,0.41
4/20/2019 22:00,0.344
4/20/2019 23:00,0.138
4/21/2019 0:00,0.02
4/21/2019 1:00,0
4/21/2019 2:00,0
4/21/2019 3:00,0
4/21/2019 4:00,0
4/21/2019 5:00,0
4/21/2019 6:00,0
4/21/2019 7:00,0
4/21/2019 8:00,0
4/21/2019 9:00,0
4/21/2019 10:00,0
4/21/2019 11:00,0
4/21/2019 12:00,0
4/21/2019 13:00,0
4/21/2019 14:00,0.056
4/21/2019 15:00,0.348
4/21/2019 16:00,0.576
4/21/2019 17:00,0.717
4/21/2019 18:00,0.781
4/21/2019 19:00,0.805
4/21/2019 20:00,0.783
4/21/2019 21:00,0.707
4/21/2019 22:00,0.577
4/21/2019 23:00,0.372
4/22/2019 0:00,0.119
4/22/2019 1:00,0
4/22/2019 2:00,0
4/22/2019 3:00,0
4/22/2019 4:00,0
4/22/2019 5:00,0
4/22/2019 6:00,0
4/22/2019 7:00,0
4/22/2019 8:00,0
4/22/2019 9:00,0
4/22/2019 10:00,0
4/22/2019 11:00,0
4/22/2019 12:00,0
4/22/2019 13:00,0
4/22/2019 14:00,0.069
4/22/2019 15:00,0.375
4/22/2019 16:00,0.603
4/22/2019 17:00,0.763
4/22/2019 18:00,0.853
4/22/2019 19:00,0.888
4/22/2019 20:00,0.866
4/22/2019 21:00,0.785
4/22/2019 22:00,0.64
4/22/2019 23:00,0.424
4/23/2019 0:00,0.132
4/23/2019 1:00,0
4/23/2019 2:00,0
4/23/2019 3:00,0
4/23/2019 4:00,0
4/23/2019 5:00,0
4/23/2019 6:00,0
4/23/2019 7:00,0
4/23/2019 8:00,0
4/23/2019 9:00,0
4/23/2019 10:00,0
4/23/2019 11:00,0
4/23/2019 12:00,0
4/23/2019 13:00,0
4/23/2019 14:00,0.049
4/23/2019 15:00,0.196
4/23/2019 16:00,0.274
4/23/2019 17:00,0.263
4/23/2019 18:00,0.257
4/23/2019 19:00,0.29
4/23/2019 20:00,0.322
4/23/2019 21:00,0.344
4/23/2019 22:00,0.314
4/23/2019 23:00,0.197
4/24/2019 0:00,0.045
4/24/2019 1:00,0
4/24/2019 2:00,0
4/24/2019 3:00,0
4/24/2019 4:00,0
4/24/2019 5:00,0
4/24/2019 6:00,0
4/24/2019 7:00,0
4/24/2019 8:00,0
4/24/2019 9:00,0
4/24/2019 10:00,0
4/24/2019 11:00,0
4/24/2019 12:00,0
4/24/2019 13:00,0
4/24/2019 14:00,0.01
4/24/2019 15:00,0.139
4/24/2019 16:00,0.352
4/24/2019 17:00,0.362
4/24/2019 18:00,0.315
4/24/2019 19:00,0.22
4/24/2019 20:00,0.218
4/24/2019 21:00,0.19
4/24/2019 22:00,0.13
4/24/2019 23:00,0.074
4/25/2019 0:00,0.023
4/25/2019 1:00,0
4/25/2019 2:00,0
4/25/2019 3:00,0
4/25/2019 4:00,0
4/25/2019 5:00,0
4/25/2019 6:00,0
4/25/2019 7:00,0
4/25/2019 8:00,0
4/25/2019 9:00,0
4/25/2019 10:00,0
4/25/2019 11:00,0
4/25/2019 12:00,0
4/25/2019 13:00,0
4/25/2019 14:00,0.071
4/25/2019 15:00,0.361
4/25/2019 16:00,0.592
4/25/2019 17:00,0.753
4/25/2019 18:00,0.843
4/25/2019 19:00,0.876
4/25/2019 20:00,0.853
4/25/2019 21:00,0.765
4/25/2019 22:00,0.621
4/25/2019 23:00,0.409
4/26/2019 0:00,0.142
4/26/2019 1:00,0
4/26/2019 2:00,0
4/26/2019 3:00,0
4/26/2019 4:00,0
4/26/2019 5:00,0
4/26/2019 6:00,0
4/26/2019 7:00,0
4/26/2019 8:00,0
4/26/2019 9:00,0
4/26/2019 10:00,0
4/26/2019 11:00,0
4/26/2019 12:00,0
4/26/2019 13:00,0
4/26/2019 14:00,0.086
4/26/2019 15:00,0.381
4/26/2019 16:00,0.606
4/26/2019 17:00,0.761
4/26/2019 18:00,0.848
4/26/2019 19:00,0.879
4/26/2019 20:00,0.854
4/26/2019 21:00,0.769
4/26/2019 22:00,0.618
4/26/2019 23:00,0.409
4/27/2019 0:00,0.147
4/27/2019 1:00,0
4/27/2019 2:00,0
4/27/2019 3:00,0
4/27/2019 4:00,0
4/27/2019 5:00,0
4/27/2019 6:00,0
4/27/2019 7:00,0
4/27/2019 8:00,0
4/27/2019 9:00,0
4/27/2019 10:00,0
4/27/2019 11:00,0
4/27/2019 12:00,0
4/27/2019 13:00,0
4/27/2019 14:00,0.068
4/27/2019 15:00,0.341
4/27/2019 16:00,0.573
4/27/2019 17:00,0.731
4/27/2019 18:00,0.814
4/27/2019 19:00,0.848
4/27/2019 20:00,0.825
4/27/2019 21:00,0.743
4/27/2019 22:00,0.603
4/27/2019 23:00,0.4
4/28/2019 0:00,0.14
4/28/2019 1:00,0
4/28/2019 2:00,0
4/28/2019 3:00,0
4/28/2019 4:00,0
4/28/2019 5:00,0
4/28/2019 6:00,0
4/28/2019 7:00,0
4/28/2019 8:00,0
4/28/2019 9:00,0
4/28/2019 10:00,0
4/28/2019 11:00,0
4/28/2019 12:00,0
4/28/2019 13:00,0
4/28/2019 14:00,0.038
4/28/2019 15:00,0.255
4/28/2019 16:00,0.452
4/28/2019 17:00,0.608
4/28/2019 18:00,0.761
4/28/2019 19:00,0.825
4/28/2019 20:00,0.805
4/28/2019 21:00,0.718
4/28/2019 22:00,0.58
4/28/2019 23:00,0.38
7/1/2019 0:00,0.127
7/1/2019 1:00,0
7/1/2019 2:00,0
7/1/2019 3:00,0
7/1/2019 4:00,0
7/1/2019 5:00,0
7/1/2019 6:00,0
7/1/2019 7:00,0
7/1/2019 8:00,0
7/1/2019 9:00,0
7/1/2019 10:00,0
7/1/2019 11:00,0
7/1/2019 12:00,0
7/1/2019 13:00,0
7/1/2019 14:00,0.051
7/1/2019 15:00,0.31
7/1/2019 16:00,0.545
7/1/2019 17:00,0.694
7/1/2019 18:00,0.751
7/1/2019 19:00,0.591
7/1/2019 20:00,0.352
7/1/2019 21:00,0.237
7/1/2019 22:00,0.157
7/1/2019 23:00,0.104
7/2/2019 0:00,0.027
7/2/2019 1:00,0
7/2/2019 2:00,0
7/2/2019 3:00,0
7/2/2019 4:00,0
7/2/2019 5:00,0
7/2/2019 6:00,0
7/2/2019 7:00,0
7/2/2019 8:00,0
7/2/2019 9:00,0
7/2/2019 10:00,0
7/2/2019 11:00,0
7/2/2019 12:00,0
7/2/2019 13:00,0
7/2/2019 14:00,0.055
7/2/2019 15:00,0.254
7/2/2019 16:00,0.472
7/2/2019 17:00,0.66
7/2/2019 18:00,0.773
7/2/2019 19:00,0.806
7/2/2019 20:00,0.785
7/2/2019 21:00,0.707
7/2/2019 22:00,0.572
7/2/2019 23:00,0.345
7/3/2019 0:00,0.118
7/3/2019 1:00,0
7/3/2019 2:00,0
7/3/2019 3:00,0
7/3/2019 4:00,0
7/3/2019 5:00,0
7/3/2019 6:00,0
7/3/2019 7:00,0
7/3/2019 8:00,0
7/3/2019 9:00,0
7/3/2019 10:00,0
7/3/2019 11:00,0
7/3/2019 12:00,0
7/3/2019 13:00,0
7/3/2019 14:00,0.068
7/3/2019 15:00,0.285
7/3/2019 16:00,0.53
7/3/2019 17:00,0.672
7/3/2019 18:00,0.766
7/3/2019 19:00,0.797
7/3/2019 20:00,0.777
7/3/2019 21:00,0.703
7/3/2019 22:00,0.573
7/3/2019 23:00,0.38
7/4/2019 0:00,0.127
7/4/2019 1:00,0
7/4/2019 2:00,0
7/4/2019 3:00,0
7/4/2019 4:00,0
7/4/2019 5:00,0
7/4/2019 6:00,0
7/4/2019 7:00,0
7/4/2019 8:00,0
7/4/2019 9:00,0
7/4/2019 10:00,0
7/4/2019 11:00,0
7/4/2019 12:00,0
7/4/2019 13:00,0
7/4/2019 14:00,0.058
7/4/2019 15:00,0.279
7/4/2019 16:00,0.5
7/4/2019 17:00,0.61
7/4/2019 18:00,0.617
7/4/2019 19:00,0.645
7/4/2019 20:00,0.644
7/4/2019 21:00,0.52
7/4/2019 22:00,0.288
7/4/2019 23:00,0.201
7/5/2019 0:00,0.068
7/5/2019 1:00,0
7/5/2019 2:00,0
7/5/2019 3:00,0
7/5/2019 4:00,0
7/5/2019 5:00,0
7/5/2019 6:00,0
7/5/2019 7:00,0
7/5/2019 8:00,0
7/5/2019 9:00,0
7/5/2019 10:00,0
7/5/2019 11:00,0
7/5/2019 12:00,0
7/5/2019 13:00,0
7/5/2019 14:00,0.053
7/5/2019 15:00,0.108
7/5/2019 16:00,0.275
7/5/2019 17:00,0.549
7/5/2019 18:00,0.512
7/5/2019 19:00,0.263
7/5/2019 20:00,0.488
7/5/2019 21:00,0.592
7/5/2019 22:00,0.498
7/5/2019 23:00,0.333
7/6/2019 0:00,0.129
7/6/2019 1:00,0
7/6/2019 2:00,0
7/6/2019 3:00,0
7/6/2019 4:00,0
7/6/2019 5:00,0
7/6/2019 6:00,0
7/6/2019 7:00,0
7/6/2019 8:00,0
7/6/2019 9:00,0
7/6/2019 10:00,0
7/6/2019 11:00,0
7/6/2019 12:00,0
7/6/2019 13:00,0
7/6/2019 14:00,0.083
7/6/2019 15:00,0.297
7/6/2019 16:00,0.535
7/6/2019 17:00,0.685
7/6/2019 18:00,0.764
7/6/2019 19:00,0.793
7/6/2019 20:00,0.774
7/6/2019 21:00,0.706
7/6/2019 22:00,0.581
7/6/2019 23:00,0.393
7/7/2019 0:00,0.154
7/7/2019 1:00,0.001
7/7/2019 2:00,0
7/7/2019 3:00,0
7/7/2019 4:00,0
7/7/2019 5:00,0
7/7/2019 6:00,0
7/7/2019 7:00,0
7/7/2019 8:00,0
7/7/2019 9:00,0
7/7/2019 10:00,0
7/7/2019 11:00,0
7/7/2019 12:00,0
7/7/2019 13:00,0
7/7/2019 14:00,0.089
7/7/2019 15:00,0.29
7/7/2019 16:00,0.528
7/7/2019 17:00,0.69
7/7/2019 18:00,0.761
7/7/2019 19:00,0.801
7/7/2019 20:00,0.776
7/7/2019 21:00,0.698
7/7/2019 22:00,0.573
7/7/2019 23:00,0.387
7/8/2019 0:00,0.15
7/8/2019 1:00,0.001
7/8/2019 2:00,0
7/8/2019 3:00,0
7/8/2019 4:00,0
7/8/2019 5:00,0
7/8/2019 6:00,0
7/8/2019 7:00,0
7/8/2019 8:00,0
7/8/2019 9:00,0
7/8/2019 10:00,0
7/8/2019 11:00,0
7/8/2019 12:00,0
7/8/2019 13:00,0
7/8/2019 14:00,0.073
7/8/2019 15:00,0.208
7/8/2019 16:00,0.502
7/8/2019 17:00,0.674
7/8/2019 18:00,0.754
7/8/2019 19:00,0.788
7/8/2019 20:00,0.764
7/8/2019 21:00,0.672
7/8/2019 22:00,0.538
7/8/2019 23:00,0.343
7/9/2019 0:00,0.123
7/9/2019 1:00,0.001
7/9/2019 2:00,0
7/9/2019 3:00,0
7/9/2019 4:00,0
7/9/2019 5:00,0
7/9/2019 6:00,0
7/9/2019 7:00,0
7/9/2019 8:00,0
7/9/2019 9:00,0
7/9/2019 10:00,0
7/9/2019 11:00,0
7/9/2019 12:00,0
7/9/2019 13:00,0
7/9/2019 14:00,0.022
7/9/2019 15:00,0.117
7/9/2019 16:00,0.293
7/9/2019 17:00,0.499
7/9/2019 18:00,0.458
7/9/2019 19:00,0.322
7/9/2019 20:00,0.366
7/9/2019 21:00,0.316
7/9/2019 22:00,0.286
7/9/2019 23:00,0.177
7/10/2019 0:00,0.078
7/10/2019 1:00,0
7/10/2019 2:00,0
7/10/2019 3:00,0
7/10/2019 4:00,0
7/10/2019 5:00,0
7/10/2019 6:00,0
7/10/2019 7:00,0
7/10/2019 8:00,0
7/10/2019 9:00,0
7/10/2019 10:00,0
7/10/2019 11:00,0
7/10/2019 12:00,0
7/10/2019 13:00,0
7/10/2019 14:00,0.122
7/10/2019 15:00,0.359
7/10/2019 16:00,0.579
7/10/2019 17:00,0.727
7/10/2019 18:00,0.809
7/10/2019 19:00,0.838
7/10/2019 20:00,0.815
7/10/2019 21:00,0.742
7/10/2019 22:00,0.612
7/10/2019 23:00,0.421
7/11/2019 0:00,0.177
7/11/2019 1:00,0.003
7/11/2019 2:00,0
7/11/2019 3:00,0
7/11/2019 4:00,0
7/11/2019 5:00,0
7/11/2019 6:00,0
7/11/2019 7:00,0
7/11/2019 8:00,0
7/11/2019 9:00,0
7/11/2019 10:00,0
7/11/2019 11:00,0
7/11/2019 12:00,0
7/11/2019 13:00,0
7/11/2019 14:00,0.117
7/11/2019 15:00,0.367
7/11/2019 16:00,0.591
7/11/2019 17:00,0.738
7/11/2019 18:00,0.808
7/11/2019 19:00,0.782
7/11/2019 20:00,0.629
7/11/2019 21:00,0.476
7/11/2019 22:00,0.382
7/11/2019 23:00,0.249
7/12/2019 0:00,0.109
7/12/2019 1:00,0.003
7/12/2019 2:00,0
7/12/2019 3:00,0
7/12/2019 4:00,0
7/12/2019 5:00,0
7/12/2019 6:00,0
7/12/2019 7:00,0
7/12/2019 8:00,0
7/12/2019 9:00,0
7/12/2019 10:00,0
7/12/2019 11:00,0
7/12/2019 12:00,0
7/12/2019 13:00,0
7/12/2019 14:00,0.117
7/12/2019 15:00,0.372
7/12/2019 16:00,0.588
7/12/2019 17:00,0.738
7/12/2019 18:00,0.822
7/12/2019 19:00,0.853
7/12/2019 20:00,0.826
7/12/2019 21:00,0.746
7/12/2019 22:00,0.62
7/12/2019 23:00,0.43
7/13/2019 0:00,0.175
7/13/2019 1:00,0.004
7/13/2019 2:00,0
7/13/2019 3:00,0
7/13/2019 4:00,0
7/13/2019 5:00,0
7/13/2019 6:00,0
7/13/2019 7:00,0
7/13/2019 8:00,0
7/13/2019 9:00,0
7/13/2019 10:00,0
7/13/2019 11:00,0
7/13/2019 12:00,0
7/13/2019 13:00,0
7/13/2019 14:00,0.031
7/13/2019 15:00,0.125
7/13/2019 16:00,0.241
7/13/2019 17:00,0.318
7/13/2019 18:00,0.342
7/13/2019 19:00,0.345
7/13/2019 20:00,0.315
7/13/2019 21:00,0.237
7/13/2019 22:00,0.153
7/13/2019 23:00,0.089
7/14/2019 0:00,0.03
7/14/2019 1:00,0
7/14/2019 2:00,0
7/14/2019 3:00,0
7/14/2019 4:00,0
7/14/2019 5:00,0
7/14/2019 6:00,0
7/14/2019 7:00,0
7/14/2019 8:00,0
7/14/2019 9:00,0
7/14/2019 10:00,0
7/14/2019 11:00,0
7/14/2019 12:00,0
7/14/2019 13:00,0
7/14/2019 14:00,0.048
7/14/2019 15:00,0.163
7/14/2019 16:00,0.388
7/14/2019 17:00,0.608
7/14/2019 18:00,0.721
7/14/2019 19:00,0.774
7/14/2019 20:00,0.764
7/14/2019 21:00,0.611
7/14/2019 22:00,0.523
7/14/2019 23:00,0.392
7/15/2019 0:00,0.107
7/15/2019 1:00,0.003
7/15/2019 2:00,0
7/15/2019 3:00,0
7/15/2019 4:00,0
7/15/2019 5:00,0
7/15/2019 6:00,0
7/15/2019 7:00,0
7/15/2019 8:00,0
7/15/2019 9:00,0
7/15/2019 10:00,0
7/15/2019 11:00,0
7/15/2019 12:00,0
7/15/2019 13:00,0
7/15/2019 14:00,0.066
7/15/2019 15:00,0.268
7/15/2019 16:00,0.509
7/15/2019 17:00,0.703
7/15/2019 18:00,0.786
7/15/2019 19:00,0.803
7/15/2019 20:00,0.745
7/15/2019 21:00,0.646
7/15/2019 22:00,0.552
7/15/2019 23:00,0.395
7/16/2019 0:00,0.183
7/16/2019 1:00,0.008
7/16/2019 2:00,0
7/16/2019 3:00,0
7/16/2019 4:00,0
7/16/2019 5:00,0
7/16/2019 6:00,0
7/16/2019 7:00,0
7/16/2019 8:00,0
7/16/2019 9:00,0
7/16/2019 10:00,0
7/16/2019 11:00,0
7/16/2019 12:00,0
7/16/2019 13:00,0
7/16/2019 14:00,0.143
7/16/2019 15:00,0.405
7/16/2019 16:00,0.625
7/16/2019 17:00,0.777
7/16/2019 18:00,0.866
7/16/2019 19:00,0.897
7/16/2019 20:00,0.875
7/16/2019 21:00,0.791
7/16/2019 22:00,0.657
7/16/2019 23:00,0.46
7/17/2019 0:00,0.21
7/17/2019 1:00,0.01
7/17/2019 2:00,0
7/17/2019 3:00,0
7/17/2019 4:00,0
7/17/2019 5:00,0
7/17/2019 6:00,0
7/17/2019 7:00,0
7/17/2019 8:00,0
7/17/2019 9:00,0
7/17/2019 10:00,0
7/17/2019 11:00,0
7/17/2019 12:00,0
7/17/2019 13:00,0
7/17/2019 14:00,0.141
7/17/2019 15:00,0.4
7/17/2019 16:00,0.613
7/17/2019 17:00,0.762
7/17/2019 18:00,0.838
7/17/2019 19:00,0.868
7/17/2019 20:00,0.851
7/17/2019 21:00,0.775
7/17/2019 22:00,0.642
7/17/2019 23:00,0.45
7/18/2019 0:00,0.207
7/18/2019 1:00,0.011
7/18/2019 2:00,0
7/18/2019 3:00,0
7/18/2019 4:00,0
7/18/2019 5:00,0
7/18/2019 6:00,0
7/18/2019 7:00,0
7/18/2019 8:00,0
7/18/2019 9:00,0
7/18/2019 10:00,0
7/18/2019 11:00,0
7/18/2019 12:00,0
7/18/2019 13:00,0
7/18/2019 14:00,0.124
7/18/2019 15:00,0.376
7/18/2019 16:00,0.591
7/18/2019 17:00,0.74
7/18/2019 18:00,0.828
7/18/2019 19:00,0.866
7/18/2019 20:00,0.85
7/18/2019 21:00,0.769
7/18/2019 22:00,0.637
7/18/2019 23:00,0.447
7/19/2019 0:00,0.208
7/19/2019 1:00,0.012
7/19/2019 2:00,0
7/19/2019 3:00,0
7/19/2019 4:00,0
7/19/2019 5:00,0
7/19/2019 6:00,0
7/19/2019 7:00,0
7/19/2019 8:00,0
7/19/2019 9:00,0
7/19/2019 10:00,0
7/19/2019 11:00,0
7/19/2019 12:00,0
7/19/2019 13:00,0
7/19/2019 14:00,0.13
7/19/2019 15:00,0.38
7/19/2019 16:00,0.588
7/19/2019 17:00,0.732
7/19/2019 18:00,0.805
7/19/2019 19:00,0.838
7/19/2019 20:00,0.818
7/19/2019 21:00,0.743
7/19/2019 22:00,0.616
7/19/2019 23:00,0.433
7/20/2019 0:00,0.203
7/20/2019 1:00,0.013
7/20/2019 2:00,0
7/20/2019 3:00,0
7/20/2019 4:00,0
7/20/2019 5:00,0
7/20/2019 6:00,0
7/20/2019 7:00,0
7/20/2019 8:00,0
7/20/2019 9:00,0
7/20/2019 10:00,0
7/20/2019 11:00,0
7/20/2019 12:00,0
7/20/2019 13:00,0
7/20/2019 14:00,0.133
7/20/2019 15:00,0.378
7/20/2019 16:00,0.581
7/20/2019 17:00,0.722
7/20/2019 18:00,0.802
7/20/2019 19:00,0.832
7/20/2019 20:00,0.812
7/20/2019 21:00,0.736
7/20/2019 22:00,0.611
7/20/2019 23:00,0.429
7/21/2019 0:00,0.2
7/21/2019 1:00,0.013
7/21/2019 2:00,0
7/21/2019 3:00,0
7/21/2019 4:00,0
7/21/2019 5:00,0
7/21/2019 6:00,0
7/21/2019 7:00,0
7/21/2019 8:00,0
7/21/2019 9:00,0
7/21/2019 10:00,0
7/21/2019 11:00,0
7/21/2019 12:00,0
7/21/2019 13:00,0
7/21/2019 14:00,0.129
7/21/2019 15:00,0.372
7/21/2019 16:00,0.574
7/21/2019 17:00,0.714
7/21/2019 18:00,0.787
7/21/2019 19:00,0.815
7/21/2019 20:00,0.793
7/21/2019 21:00,0.721
7/21/2019 22:00,0.594
7/21/2019 23:00,0.412
7/22/2019 0:00,0.185
7/22/2019 1:00,0.012
7/22/2019 2:00,0
7/22/2019 3:00,0
7/22/2019 4:00,0
7/22/2019 5:00,0
7/22/2019 6:00,0
7/22/2019 7:00,0
7/22/2019 8:00,0
7/22/2019 9:00,0
7/22/2019 10:00,0
7/22/2019 11:00,0
7/22/2019 12:00,0
7/22/2019 13:00,0
7/22/2019 14:00,0.119
7/22/2019 15:00,0.353
7/22/2019 16:00,0.551
7/22/2019 17:00,0.686
7/22/2019 18:00,0.749
7/22/2019 19:00,0.777
7/22/2019 20:00,0.737
7/22/2019 21:00,0.608
7/22/2019 22:00,0.312
7/22/2019 23:00,0.124
7/23/2019 0:00,0.042
7/23/2019 1:00,0.002
7/23/2019 2:00,0
7/23/2019 3:00,0
7/23/2019 4:00,0
7/23/2019 5:00,0
7/23/2019 6:00,0
7/23/2019 7:00,0
7/23/2019 8:00,0
7/23/2019 9:00,0
7/23/2019 10:00,0
7/23/2019 11:00,0
7/23/2019 12:00,0
7/23/2019 13:00,0
7/23/2019 14:00,0.058
7/23/2019 15:00,0.109
7/23/2019 16:00,0.144
7/23/2019 17:00,0.195
7/23/2019 18:00,0.229
7/23/2019 19:00,0.227
7/23/2019 20:00,0.213
7/23/2019 21:00,0.198
7/23/2019 22:00,0.212
7/23/2019 23:00,0.16
7/24/2019 0:00,0.068
7/24/2019 1:00,0.003
7/24/2019 2:00,0
7/24/2019 3:00,0
7/24/2019 4:00,0
7/24/2019 5:00,0
7/24/2019 6:00,0
7/24/2019 7:00,0
7/24/2019 8:00,0
7/24/2019 9:00,0
7/24/2019 10:00,0
7/24/2019 11:00,0
7/24/2019 12:00,0
7/24/2019 13:00,0
7/24/2019 14:00,0.082
7/24/2019 15:00,0.295
7/24/2019 16:00,0.522
7/24/2019 17:00,0.631
7/24/2019 18:00,0.669
7/24/2019 19:00,0.693
7/24/2019 20:00,0.652
7/24/2019 21:00,0.553
7/24/2019 22:00,0.427
7/24/2019 23:00,0.264
7/25/2019 0:00,0.112
7/25/2019 1:00,0.008
7/25/2019 2:00,0
7/25/2019 3:00,0
7/25/2019 4:00,0
7/25/2019 5:00,0
7/25/2019 6:00,0
7/25/2019 7:00,0
7/25/2019 8:00,0
7/25/2019 9:00,0
7/25/2019 10:00,0
7/25/2019 11:00,0
7/25/2019 12:00,0
7/25/2019 13:00,0
7/25/2019 14:00,0.135
7/25/2019 15:00,0.375
7/25/2019 16:00,0.573
7/25/2019 17:00,0.702
7/25/2019 18:00,0.802
7/25/2019 19:00,0.833
7/25/2019 20:00,0.812
7/25/2019 21:00,0.737
7/25/2019 22:00,0.612
7/25/2019 23:00,0.431
7/26/2019 0:00,0.199
7/26/2019 1:00,0.013
7/26/2019 2:00,0
7/26/2019 3:00,0
7/26/2019 4:00,0
7/26/2019 5:00,0
7/26/2019 6:00,0
7/26/2019 7:00,0
7/26/2019 8:00,0
7/26/2019 9:00,0
7/26/2019 10:00,0
7/26/2019 11:00,0
7/26/2019 12:00,0
7/26/2019 13:00,0
7/26/2019 14:00,0.126
7/26/2019 15:00,0.362
7/26/2019 16:00,0.535
7/26/2019 17:00,0.625
7/26/2019 18:00,0.668
7/26/2019 19:00,0.713
7/26/2019 20:00,0.723
7/26/2019 21:00,0.663
7/26/2019 22:00,0.599
7/26/2019 23:00,0.406
7/27/2019 0:00,0.169
7/27/2019 1:00,0.015
7/27/2019 2:00,0
7/27/2019 3:00,0
7/27/2019 4:00,0
7/27/2019 5:00,0
7/27/2019 6:00,0
7/27/2019 7:00,0
7/27/2019 8:00,0
7/27/2019 9:00,0
7/27/2019 10:00,0
7/27/2019 11:00,0
7/27/2019 12:00,0
7/27/2019 13:00,0
7/27/2019 14:00,0.132
7/27/2019 15:00,0.371
7/27/2019 16:00,0.575
7/27/2019 17:00,0.72
7/27/2019 18:00,0.807
7/27/2019 19:00,0.837
7/27/2019 20:00,0.816
7/27/2019 21:00,0.739
7/27/2019 22:00,0.614
7/27/2019 23:00,0.428
7/28/2019 0:00,0.205
7/28/2019 1:00,0.019
7/28/2019 2:00,0
7/28/2019 3:00,0
7/28/2019 4:00,0
7/28/2019 5:00,0
7/28/2019 6:00,0
7/28/2019 7:00,0
7/28/2019 8:00,0
7/28/2019 9:00,0
7/28/2019 10:00,0
7/28/2019 11:00,0
7/28/2019 12:00,0
7/28/2019 13:00,0
7/28/2019 14:00,0.143
7/28/2019 15:00,0.385
7/28/2019 16:00,0.589
7/28/2019 17:00,0.728
7/28/2019 18:00,0.795
7/28/2019 19:00,0.817
7/28/2019 20:00,0.805
7/28/2019 21:00,0.743
7/28/2019 22:00,0.616
7/28/2019 23:00,0.436
10/1/2019 0:00,0.213
10/1/2019 1:00,0.022
10/1/2019 2:00,0
10/1/2019 3:00,0
10/1/2019 4:00,0
10/1/2019 5:00,0
10/1/2019 6:00,0
10/1/2019 7:00,0
10/1/2019 8:00,0
10/1/2019 9:00,0
10/1/2019 10:00,0
10/1/2019 11:00,0
10/1/2019 12:00,0
10/1/2019 13:00,0.001
10/1/2019 14:00,0.13
10/1/2019 15:00,0.346
10/1/2019 16:00,0.538
10/1/2019 17:00,0.605
10/1/2019 18:00,0.614
10/1/2019 19:00,0.686
10/1/2019 20:00,0.749
10/1/2019 21:00,0.662
10/1/2019 22:00,0.42
10/1/2019 23:00,0.252
10/2/2019 0:00,0.161
10/2/2019 1:00,0.015
10/2/2019 2:00,0
10/2/2019 3:00,0
10/2/2019 4:00,0
10/2/2019 5:00,0
10/2/2019 6:00,0
10/2/2019 7:00,0
10/2/2019 8:00,0
10/2/2019 9:00,0
10/2/2019 10:00,0
10/2/2019 11:00,0
10/2/2019 12:00,0
10/2/2019 13:00,0
10/2/2019 14:00,0.051
10/2/2019 15:00,0.123
10/2/2019 16:00,0.17
10/2/2019 17:00,0.199
10/2/2019 18:00,0.238
10/2/2019 19:00,0.319
10/2/2019 20:00,0.53
10/2/2019 21:00,0.623
10/2/2019 22:00,0.542
10/2/2019 23:00,0.421
10/3/2019 0:00,0.225
10/3/2019 1:00,0.026
10/3/2019 2:00,0
10/3/2019 3:00,0
10/3/2019 4:00,0
10/3/2019 5:00,0
10/3/2019 6:00,0
10/3/2019 7:00,0
10/3/2019 8:00,0
10/3/2019 9:00,0
10/3/2019 10:00,0
10/3/2019 11:00,0
10/3/2019 12:00,0
10/3/2019 13:00,0.001
10/3/2019 14:00,0.132
10/3/2019 15:00,0.367
10/3/2019 16:00,0.58
10/3/2019 17:00,0.723
10/3/2019 18:00,0.795
10/3/2019 19:00,0.807
10/3/2019 20:00,0.798
10/3/2019 21:00,0.746
10/3/2019 22:00,0.627
10/3/2019 23:00,0.452
10/4/2019 0:00,0.23
10/4/2019 1:00,0.027
10/4/2019 2:00,0
10/4/2019 3:00,0
10/4/2019 4:00,0
10/4/2019 5:00,0
10/4/2019 6:00,0
10/4/2019 7:00,0
10/4/2019 8:00,0
10/4/2019 9:00,0
10/4/2019 10:00,0
10/4/2019 11:00,0
10/4/2019 12:00,0
10/4/2019 13:00,0.001
10/4/2019 14:00,0.153
10/4/2019 15:00,0.388
10/4/2019 16:00,0.588
10/4/2019 17:00,0.73
10/4/2019 18:00,0.815
10/4/2019 19:00,0.846
10/4/2019 20:00,0.826
10/4/2019 21:00,0.754
10/4/2019 22:00,0.631
10/4/2019 23:00,0.454
10/5/2019 0:00,0.234
10/5/2019 1:00,0.03
10/5/2019 2:00,0
10/5/2019 3:00,0
10/5/2019 4:00,0
10/5/2019 5:00,0
10/5/2019 6:00,0
10/5/2019 7:00,0
10/5/2019 8:00,0
10/5/2019 9:00,0
10/5/2019 10:00,0
10/5/2019 11:00,0
10/5/2019 12:00,0
10/5/2019 13:00,0.002
10/5/2019 14:00,0.159
10/5/2019 15:00,0.397
10/5/2019 16:00,0.596
10/5/2019 17:00,0.737
10/5/2019 18:00,0.809
10/5/2019 19:00,0.842
10/5/2019 20:00,0.824
10/5/2019 21:00,0.754
10/5/2019 22:00,0.63
10/5/2019 23:00,0.453
10/6/2019 0:00,0.23
10/6/2019 1:00,0.03
10/6/2019 2:00,0
10/6/2019 3:00,0
10/6/2019 4:00,0
10/6/2019 5:00,0
10/6/2019 6:00,0
10/6/2019 7:00,0
10/6/2019 8:00,0
10/6/2019 9:00,0
10/6/2019 10:00,0
10/6/2019 11:00,0
10/6/2019 12:00,0
10/6/2019 13:00,0.002
10/6/2019 14:00,0.156
10/6/2019 15:00,0.394
10/6/2019 16:00,0.593
10/6/2019 17:00,0.734
10/6/2019 18:00,0.817
10/6/2019 19:00,0.848
10/6/2019 20:00,0.829
10/6/2019 21:00,0.755
10/6/2019 22:00,0.633
10/6/2019 23:00,0.455
10/7/2019 0:00,0.23
10/7/2019 1:00,0.032
10/7/2019 2:00,0
10/7/2019 3:00,0
10/7/2019 4:00,0
10/7/2019 5:00,0
10/7/2019 6:00,0
10/7/2019 7:00,0
10/7/2019 8:00,0
10/7/2019 9:00,0
10/7/2019 10:00,0
10/7/2019 11:00,0
10/7/2019 12:00,0
10/7/2019 13:00,0.001
10/7/2019 14:00,0.064
10/7/2019 15:00,0.206
10/7/2019 16:00,0.398
10/7/2019 17:00,0.594
10/7/2019 18:00,0.751
10/7/2019 19:00,0.805
10/7/2019 20:00,0.79
10/7/2019 21:00,0.715
10/7/2019 22:00,0.569
10/7/2019 23:00,0.349
10/8/2019 0:00,0.143
10/8/2019 1:00,0.021
10/8/2019 2:00,0
10/8/2019 3:00,0
10/8/2019 4:00,0
10/8/2019 5:00,0
10/8/2019 6:00,0
10/8/2019 7:00,0
10/8/2019 8:00,0
10/8/2019 9:00,0
10/8/2019 10:00,0
10/8/2019 11:00,0
10/8/2019 12:00,0
10/8/2019 13:00,0
10/8/2019 14:00,0.053
10/8/2019 15:00,0.165
10/8/2019 16:00,0.288
10/8/2019 17:00,0.561
10/8/2019 18:00,0.759
10/8/2019 19:00,0.808
10/8/2019 20:00,0.791
10/8/2019 21:00,0.723
10/8/2019 22:00,0.604
10/8/2019 23:00,0.429
10/9/2019 0:00,0.218
10/9/2019 1:00,0.031
10/9/2019 2:00,0
10/9/2019 3:00,0
10/9/2019 4:00,0
10/9/2019 5:00,0
10/9/2019 6:00,0
10/9/2019 7:00,0
10/9/2019 8:00,0
10/9/2019 9:00,0
10/9/2019 10:00,0
10/9/2019 11:00,0
10/9/2019 12:00,0
10/9/2019 13:00,0.003
10/9/2019 14:00,0.158
10/9/2019 15:00,0.386
10/9/2019 16:00,0.578
10/9/2019 17:00,0.716
10/9/2019 18:00,0.793
10/9/2019 19:00,0.823
10/9/2019 20:00,0.804
10/9/2019 21:00,0.73
10/9/2019 22:00,0.589
10/9/2019 23:00,0.385
10/10/2019 0:00,0.175
10/10/2019 1:00,0.023
10/10/2019 2:00,0
10/10/2019 3:00,0
10/10/2019 4:00,0
10/10/2019 5:00,0
10/10/2019 6:00,0
10/10/2019 7:00,0
10/10/2019 8:00,0
10/10/2019 9:00,0
10/10/2019 10:00,0
10/10/2019 11:00,0
10/10/2019 12:00,0
10/10/2019 13:00,0
10/10/2019 14:00,0.042
10/10/2019 15:00,0.134
10/10/2019 16:00,0.273
10/10/2019 17:00,0.383
10/10/2019 18:00,0.447
10/10/2019 19:00,0.562
10/10/2019 20:00,0.673
10/10/2019 21:00,0.671
10/10/2019 22:00,0.58
10/10/2019 23:00,0.417
10/11/2019 0:00,0.21
10/11/2019 1:00,0.035
10/11/2019 2:00,0
10/11/2019 3:00,0
10/11/2019 4:00,0
10/11/2019 5:00,0
10/11/2019 6:00,0
10/11/2019 7:00,0
10/11/2019 8:00,0
10/11/2019 9:00,0
10/11/2019 10:00,0
10/11/2019 11:00,0
10/11/2019 12:00,0
10/11/2019 13:00,0.002
10/11/2019 14:00,0.071
10/11/2019 15:00,0.247
10/11/2019 16:00,0.397
10/11/2019 17:00,0.514
10/11/2019 18:00,0.569
10/11/2019 19:00,0.609
10/11/2019 20:00,0.664
10/11/2019 21:00,0.603
10/11/2019 22:00,0.502
10/11/2019 23:00,0.364
10/12/2019 0:00,0.185
10/12/2019 1:00,0.029
10/12/2019 2:00,0
10/12/2019 3:00,0
10/12/2019 4:00,0
10/12/2019 5:00,0
10/12/2019 6:00,0
10/12/2019 7:00,0
10/12/2019 8:00,0
10/12/2019 9:00,0
10/12/2019 10:00,0
10/12/2019 11:00,0
10/12/2019 12:00,0
10/12/2019 13:00,0.005
10/12/2019 14:00,0.161
10/12/2019 15:00,0.392
10/12/2019 16:00,0.578
10/12/2019 17:00,0.709
10/12/2019 18:00,0.79
10/12/2019 19:00,0.813
10/12/2019 20:00,0.777
10/12/2019 21:00,0.635
10/12/2019 22:00,0.402
10/12/2019 23:00,0.329
10/13/2019 0:00,0.195
10/13/2019 1:00,0.039
10/13/2019 2:00,0
10/13/2019 3:00,0
10/13/2019 4:00,0
10/13/2019 5:00,0
10/13/2019 6:00,0
10/13/2019 7:00,0
10/13/2019 8:00,0
10/13/2019 9:00,0
10/13/2019 10:00,0
10/13/2019 11:00,0
10/13/2019 12:00,0
10/13/2019 13:00,0.005
10/13/2019 14:00,0.155
10/13/2019 15:00,0.299
10/13/2019 16:00,0.323
10/13/2019 17:00,0.432
10/13/2019 18:00,0.638
10/13/2019 19:00,0.787
10/13/2019 20:00,0.785
10/13/2019 21:00,0.715
10/13/2019 22:00,0.599
10/13/2019 23:00,0.432
10/14/2019 0:00,0.228
10/14/2019 1:00,0.042
10/14/2019 2:00,0
10/14/2019 3:00,0
10/14/2019 4:00,0
10/14/2019 5:00,0
10/14/2019 6:00,0
10/14/2019 7:00,0
10/14/2019 8:00,0
10/14/2019 9:00,0
10/14/2019 10:00,0
10/14/2019 11:00,0
10/14/2019 12:00,0
10/14/2019 13:00,0.004
10/14/2019 14:00,0.076
10/14/2019 15:00,0.162
10/14/2019 16:00,0.218
10/14/2019 17:00,0.265
10/14/2019 18:00,0.385
10/14/2019 19:00,0.559
10/14/2019 20:00,0.595
10/14/2019 21:00,0.496
10/14/2019 22:00,0.294
10/14/2019 23:00,0.194
10/15/2019 0:00,0.155
10/15/2019 1:00,0.039
10/15/2019 2:00,0
10/15/2019 3:00,0
10/15/2019 4:00,0
10/15/2019 5:00,0
10/15/2019 6:00,0
10/15/2019 7:00,0
10/15/2019 8:00,0
10/15/2019 9:00,0
10/15/2019 10:00,0
10/15/2019 11:00,0
10/15/2019 12:00,0
10/15/2019 13:00,0.006
10/15/2019 14:00,0.109
10/15/2019 15:00,0.261
10/15/2019 16:00,0.469
10/15/2019 17:00,0.672
10/15/2019 18:00,0.773
10/15/2019 19:00,0.805
10/15/2019 20:00,0.79
10/15/2019 21:00,0.724
10/15/2019 22:00,0.612
10/15/2019 23:00,0.449
10/16/2019 0:00,0.242
10/16/2019 1:00,0.043
10/16/2019 2:00,0
10/16/2019 3:00,0
10/16/2019 4:00,0
10/16/2019 5:00,0
10/16/2019 6:00,0
10/16/2019 7:00,0
10/16/2019 8:00,0
10/16/2019 9:00,0
10/16/2019 10:00,0
10/16/2019 11:00,0
10/16/2019 12:00,0
10/16/2019 13:00,0.005
10/16/2019 14:00,0.179
10/16/2019 15:00,0.413
10/16/2019 16:00,0.61
10/16/2019 17:00,0.749
10/16/2019 18:00,0.825
10/16/2019 19:00,0.856
10/16/2019 20:00,0.836
10/16/2019 21:00,0.764
10/16/2019 22:00,0.642
10/16/2019 23:00,0.469
10/17/2019 0:00,0.252
10/17/2019 1:00,0.048
10/17/2019 2:00,0
10/17/2019 3:00,0
10/17/2019 4:00,0
10/17/2019 5:00,0
10/17/2019 6:00,0
10/17/2019 7:00,0
10/17/2019 8:00,0
10/17/2019 9:00,0
10/17/2019 10:00,0
10/17/2019 11:00,0
10/17/2019 12:00,0
10/17/2019 13:00,0.008
10/17/2019 14:00,0.172
10/17/2019 15:00,0.393
10/17/2019 16:00,0.547
10/17/2019 17:00,0.649
10/17/2019 18:00,0.761
10/17/2019 19:00,0.602
10/17/2019 20:00,0.571
10/17/2019 21:00,0.511
10/17/2019 22:00,0.254
10/17/2019 23:00,0.161
10/18/2019 0:00,0.086
10/18/2019 1:00,0.022
10/18/2019 2:00,0
10/18/2019 3:00,0
10/18/2019 4:00,0
10/18/2019 5:00,0
10/18/2019 6:00,0
10/18/2019 7:00,0
10/18/2019 8:00,0
10/18/2019 9:00,0
10/18/2019 10:00,0
10/18/2019 11:00,0
10/18/2019 12:00,0
10/18/2019 13:00,0.009
10/18/2019 14:00,0.166
10/18/2019 15:00,0.386
10/18/2019 16:00,0.548
10/18/2019 17:00,0.624
10/18/2019 18:00,0.639
10/18/2019 19:00,0.633
10/18/2019 20:00,0.644
10/18/2019 21:00,0.574
10/18/2019 22:00,0.494
10/18/2019 23:00,0.379
10/19/2019 0:00,0.217
10/19/2019 1:00,0.046
10/19/2019 2:00,0
10/19/2019 3:00,0
10/19/2019 4:00,0
10/19/2019 5:00,0
10/19/2019 6:00,0
10/19/2019 7:00,0
10/19/2019 8:00,0
10/19/2019 9:00,0
10/19/2019 10:00,0
10/19/2019 11:00,0
10/19/2019 12:00,0
10/19/2019 13:00,0.007
10/19/2019 14:00,0.182
10/19/2019 15:00,0.408
10/19/2019 16:00,0.598
10/19/2019 17:00,0.733
10/19/2019 18:00,0.809
10/19/2019 19:00,0.837
10/19/2019 20:00,0.816
10/19/2019 21:00,0.746
10/19/2019 22:00,0.626
10/19/2019 23:00,0.456
10/20/2019 0:00,0.246
10/20/2019 1:00,0.048
10/20/2019 2:00,0
10/20/2019 3:00,0
10/20/2019 4:00,0
10/20/2019 5:00,0
10/20/2019 6:00,0
10/20/2019 7:00,0
10/20/2019 8:00,0
10/20/2019 9:00,0
10/20/2019 10:00,0
10/20/2019 11:00,0
10/20/2019 12:00,0
10/20/2019 13:00,0.01
10/20/2019 14:00,0.15
10/20/2019 15:00,0.346
10/20/2019 16:00,0.527
10/20/2019 17:00,0.694
10/20/2019 18:00,0.777
10/20/2019 19:00,0.804
10/20/2019 20:00,0.784
10/20/2019 21:00,0.719
10/20/2019 22:00,0.606
10/20/2019 23:00,0.444
10/21/2019 0:00,0.243
10/21/2019 1:00,0.052
10/21/2019 2:00,0
10/21/2019 3:00,0
10/21/2019 4:00,0
10/21/2019 5:00,0
10/21/2019 6:00,0
10/21/2019 7:00,0
10/21/2019 8:00,0
10/21/2019 9:00,0
10/21/2019 10:00,0
10/21/2019 11:00,0
10/21/2019 12:00,0
10/21/2019 13:00,0.006
10/21/2019 14:00,0.077
10/21/2019 15:00,0.236
10/21/2019 16:00,0.451
10/21/2019 17:00,0.63
10/21/2019 18:00,0.72
10/21/2019 19:00,0.702
10/21/2019 20:00,0.566
10/21/2019 21:00,0.442
10/21/2019 22:00,0.371
10/21/2019 23:00,0.27
10/22/2019 0:00,0.156
10/22/2019 1:00,0.045
10/22/2019 2:00,0
10/22/2019 3:00,0
10/22/2019 4:00,0
10/22/2019 5:00,0
10/22/2019 6:00,0
10/22/2019 7:00,0
10/22/2019 8:00,0
10/22/2019 9:00,0
10/22/2019 10:00,0
10/22/2019 11:00,0
10/22/2019 12:00,0
10/22/2019 13:00,0.004
10/22/2019 14:00,0.051
10/22/2019 15:00,0.164
10/22/2019 16:00,0.36
10/22/2019 17:00,0.454
10/22/2019 18:00,0.532
10/22/2019 19:00,0.589
10/22/2019 20:00,0.588
10/22/2019 21:00,0.449
10/22/2019 22:00,0.34
10/22/2019 23:00,0.234
10/23/2019 0:00,0.14
10/23/2019 1:00,0.038
10/23/2019 2:00,0
10/23/2019 3:00,0
10/23/2019 4:00,0
10/23/2019 5:00,0
10/23/2019 6:00,0
10/23/2019 7:00,0
10/23/2019 8:00,0
10/23/2019 9:00,0
10/23/2019 10:00,0
10/23/2019 11:00,0
10/23/2019 12:00,0
10/23/2019 13:00,0.01
10/23/2019 14:00,0.185
10/23/2019 15:00,0.406
10/23/2019 16:00,0.593
10/23/2019 17:00,0.726
10/23/2019 18:00,0.793
10/23/2019 19:00,0.821
10/23/2019 20:00,0.8
10/23/2019 21:00,0.728
10/23/2019 22:00,0.609
10/23/2019 23:00,0.443
10/24/2019 0:00,0.24
10/24/2019 1:00,0.051
10/24/2019 2:00,0
10/24/2019 3:00,0
10/24/2019 4:00,0
10/24/2019 5:00,0
10/24/2019 6:00,0
10/24/2019 7:00,0
10/24/2019 8:00,0
10/24/2019 9:00,0
10/24/2019 10:00,0
10/24/2019 11:00,0
10/24/2019 12:00,0
10/24/2019 13:00,0.01
10/24/2019 14:00,0.181
10/24/2019 15:00,0.398
10/24/2019 16:00,0.579
10/24/2019 17:00,0.708
10/24/2019 18:00,0.781
10/24/2019 19:00,0.809
10/24/2019 20:00,0.791
10/24/2019 21:00,0.722
10/24/2019 22:00,0.609
10/24/2019 23:00,0.446
10/25/2019 0:00,0.244
10/25/2019 1:00,0.053
10/25/2019 2:00,0
10/25/2019 3:00,0
10/25/2019 4:00,0
10/25/2019 5:00,0
10/25/2019 6:00,0
10/25/2019 7:00,0
10/25/2019 8:00,0
10/25/2019 9:00,0
10/25/2019 10:00,0
10/25/2019 11:00,0
10/25/2019 12:00,0
10/25/2019 13:00,0.011
10/25/2019 14:00,0.181
10/25/2019 15:00,0.395
10/25/2019 16:00,0.553
10/25/2019 17:00,0.634
10/25/2019 18:00,0.693
10/25/2019 19:00,0.718
10/25/2019 20:00,0.631
10/25/2019 21:00,0.543
10/25/2019 22:00,0.488
10/25/2019 23:00,0.396
10/26/2019 0:00,0.225
10/26/2019 1:00,0.053
10/26/2019 2:00,0
10/26/2019 3:00,0
10/26/2019 4:00,0
10/26/2019 5:00,0
10/26/2019 6:00,0
10/26/2019 7:00,0
10/26/2019 8:00,0
10/26/2019 9:00,0
10/26/2019 10:00,0
10/26/2019 11:00,0
10/26/2019 12:00,0
10/26/2019 13:00,0.009
10/26/2019 14:00,0.117
10/26/2019 15:00,0.342
10/26/2019 16:00,0.561
10/26/2019 17:00,0.689
10/26/2019 18:00,0.763
10/26/2019 19:00,0.784
10/26/2019 20:00,0.71
10/26/2019 21:00,0.662
10/26/2019 22:00,0.588
10/26/2019 23:00,0.426
10/27/2019 0:00,0.214
10/27/2019 1:00,0.048
10/27/2019 2:00,0
10/27/2019 3:00,0
10/27/2019 4:00,0
10/27/2019 5:00,0
10/27/2019 6:00,0
10/27/2019 7:00,0
10/27/2019 8:00,0
10/27/2019 9:00,0
10/27/2019 10:00,0
10/27/2019 11:00,0
10/27/2019 12:00,0
10/27/2019 13:00,0.02
10/27/2019 14:00,0.176
10/27/2019 15:00,0.381
10/27/2019 16:00,0.547
10/27/2019 17:00,0.668
10/27/2019 18:00,0.742
10/27/2019 19:00,0.765
10/27/2019 20:00,0.748
10/27/2019 21:00,0.693
10/27/2019 22:00,0.57
10/27/2019 23:00,0.412
10/28/2019 0:00,0.24
10/28/2019 1:00,0.055
10/28/2019 2:00,0
10/28/2019 3:00,0
10/28/2019 4:00,0
10/28/2019 5:00,0
10/28/2019 6:00,0
10/28/2019 7:00,0
10/28/2019 8:00,0
10/28/2019 9:00,0
10/28/2019 10:00,0
10/28/2019 11:00,0
10/28/2019 12:00,0
10/28/2019 13:00,0.021
10/28/2019 14:00,0.182
10/28/2019 15:00,0.383
10/28/2019 16:00,0.553
10/28/2019 17:00,0.68
10/28/2019 18:00,0.746
10/28/2019 19:00,0.779
10/28/2019 20:00,0.768
10/28/2019 21:00,0.71
10/28/2019 22:00,0.602
10/28/2019 23:00,0.444
,0.246
,0.056
,0
,0
,0
,0
,0
,0
,0
,0
,0
,0
,0
,0.021
,0.181
,0.388
,0.564
,0.691
,0.767
,0.795
,0.777
,0.71
,0.598
,0.439
,0.243
,0.057
,0
,0
,0
,0
,0
,0
,0
,0
,0
,0
,0
,0.023
,0.18
,0.381
,0.551
,0.673
,0.743
,0.77
,0.752
,0.691
,0.582
,0.428
,0.238
,0.057
,0
,0
,0
,0
,0
,0
,0
,0
,0
,0
,0
,0.023
,0.18
,0.379
,0.547
,0.668
,0.74
,0.767
,0.75
,0.683
,0.576
,0.424
,0.235
,0.058
,0
,0
,0
,0
,0
,0
,0
,0
,0
,0
,0
,0.025
,0.18
,0.377
,0.543
,0.663
,0.735
,0.761
,0.743
,0.681
,0.574
,0.422
,0.236
,0.058
,0
,0
,0
,0
,0
,0
,0
,0
,0
,0
,0
,0.025
,0.183
,0.383
,0.551
,0.674
,0.743
,0.771
,0.754
,0.69
,0.573
,0.346
,0.15
,0.049
,0
,0
,0
,0
,0
,0
,0
,0
,0
,0
,0
,0.027
,0.187
,0.386
,0.552
,0.671
,0.743
,0.771
,0.755
,0.693
,0.586
,0.433
,0.241
,0.062
,0
,0
,0
,0
,0
,0
,0
,0
,0
,0
,0
,0.029
,0.178
,0.365
,0.532
,0.591
,0.669
,0.74
,0.738
,0.675
,0.514
,0.345
,0.195
,0.059
,0
,0
,0
,0
,0
,0
,0
,0
,0
,0
,0
,0.03
,0.153
,0.334
,0.465
,0.596
,0.721
,0.726
,0.673
,0.607
,0.517
,0.404
,0.246
,0.063
,0
,0
,0
,0
,0
,0
,0
,0
,0
,0
,0
,0.029
,0.198
,0.412
,0.594
,0.724
,0.799
,0.827
,0.808
,0.742
,0.627
,0.464
,0.26
,0.062
,0
,0
,0
,0
,0
,0
,0
,0
,0
,0
,0
,0.03
,0.198
,0.407
,0.583
,0.709
,0.784
,0.811
,0.791
,0.725
,0.611
,0.45
,0.253
,0.064
,0.001
,0
,0
,0
,0
,0
,0
,0
,0
,0
,0
,0.031
,0.194
,0.397
,0.558
,0.673
,0.742
,0.764
,0.736
,0.672
,0.562
,0.411
,0.237
,0.065
,0.001
,0
,0
,0
,0
,0
,0
,0
,0
,0
,0
,0.032
,0.184
,0.387
,0.557
,0.678
,0.75
,0.777
,0.76
,0.693
,0.585
,0.432
,0.244
,0.065
,0.001
,0
,0
,0
,0
,0
,0
,0
,0
,0
,0
,0.033
,0.192
,0.39
,0.556
,0.677
,0.746
,0.773
,0.756
,0.695
,0.585
,0.431
,0.243
,0.066
,0.001
,0
,0
,0
,0
,0
,0
,0
,0
,0
,0
,0.033
,0.196
,0.398
,0.568
,0.691
,0.76
,0.787
,0.768
,0.703
,0.594
,0.439
,0.251
,0.072
,0.002
,0
,0
,0
,0
,0
,0
,0
,0
,0
,0
,0.039
,0.192
,0.381
,0.544
,0.655
,0.707
,0.679
,0.59
,0.486
,0.371
,0.241
,0.135
,0.054
,0.001
,0
,0
,0
,0
,0
,0
,0
,0
,0
,0
,0.04
,0.183
,0.378
,0.549
,0.672
,0.738
,0.766
,0.743
,0.635
,0.539
,0.402
,0.219
,0.066
,0.001
,0
,0
,0
,0
,0
,0
,0
,0
,0
,0
,0.028
,0.131
,0.274
,0.512
,0.638
,0.678
,0.647
,0.537
,0.396
,0.302
,0.21
,0.106
,0.043
,0
,0
,0
,0
,0
,0
,0
,0
,0
,0
,0
,0.029
,0.136
,0.292
,0.438
,0.56
,0.665
,0.728
,0.724
,0.679
,0.582
,0.435
,0.25
,0.072
,0.003
,0
,0
,0
,0
,0
,0
,0
,0
,0
,0
,0.04
,0.194
,0.386
,0.548
,0.661
,0.729
,0.75
,0.734
,0.67
,0.567
,0.418
,0.238
,0.073
,0.003
,0
,0
,0
,0
,0
,0
,0
,0
,0
,0
,0.04
,0.192
,0.383
,0.548
,0.669
,0.741
,0.769
,0.752
,0.691
,0.584
,0.432
,0.247
,0.07
,0.003
,0
,0
,0
,0
,0
,0
,0
,0
,0
,0
,0.038
,0.194
,0.385
,0.547
,0.665
,0.733
,0.759
,0.742
,0.677
,0.572
,0.424
,0.243
,0.07
,0.003
,0
,0
,0
,0
,0
,0
,0
,0
,0
,0
,0.039
,0.194
,0.383
,0.544
,0.661
,0.731
,0.757
,0.74
,0.682
,0.579
,0.431
,0.253
,0.075
,0.004
,0
,0
,0
,0
,0
,0
,0
,0
,0
,0
,0.045
,0.166
,0.29
,0.439
,0.453
,0.56
,0.638
,0.561
,0.567
,0.473
,0.241
,0.104
,0.038
,0.002
,0
,0
,0
,0
,0
,0
,0
,0
,0
,0
,0.033
,0.096
,0.128
,0.176
,0.252
,0.41
,0.494
,0.515
,0.457
,0.514
,0.429
,0.263
,0.074
,0.005
,0
,0
,0
,0
,0
,0
,0
,0
,0
,0
,0.041
,0.207
,0.407
,0.576
,0.69
,0.74
,0.758
,0.723
,0.668
,0.59
,0.45
,0.265
,0.077
,0.005
,0
,0
,0
,0
,0
,0
,0
,0
,0
,0
,0.042
,0.208
,0.406
,0.489
,0.453
,0.485
,0.742
,0.772
,0.558
,0.466
,0.31
,0.135
,0.034
,0.001
,0
,0
,0
,0
,0
,0
,0
,0
,0
,0
,0.035
,0.139
,0.252
,0.425
,0.642
,0.73
,0.747
,0.747
,0.708
,0.598
,0.443
,0.262
,0.089
,0.007
,0
,0
,0
,0
,0
,0
,0
,0
,0
,0
,0.046
,0.169
,0.286
,0.41
,0.487
,0.532
,0.545
,0.555
,0.531
,0.469
,0.375
,0.235
,0.08
,0.006
,0
,0
,0
,0
,0
,0
,0
,0
,0
,0
,0.043
,0.209
,0.409
,0.578
,0.7
,0.774
,0.8
,0.778
,0.717
,0.604
,0.445
,0.258
,0.093
,0.007
,0
,0
,0
,0
,0
,0
,0
,0
,0
,0
,0.049
,0.168
,0.295
,0.391
,0.463
,0.464
,0.451
,0.438
,0.393
,0.335
,0.254
,0.174
,0.082
,0.007
,0
,0
,0
,0
,0
,0
,0
,0
,0
,0
,0.05
,0.19
,0.376
,0.517
,0.621
,0.665
,0.653
,0.592
,0.544
,0.442
,0.304
,0.164
,0.057
,0.003
,0
,0
,0
,0
,0
,0
,0
,0
,0
,0
,0.052
,0.207
,0.382
,0.502
,0.593
,0.65
,0.676
,0.668
,0.613
,0.524
,0.395
,0.235
,0.086
,0.008
,0
,0
,0
,0
,0
,0
,0
,0
,0
,0
,0.052
,0.194
,0.371
,0.519
,0.585
,0.649
,0.68
,0.675
,0.63
,0.548
,0.429
,0.258
,0.085
,0.008
,0
,0
,0
,0
,0
,0
,0
,0
,0
,0
,0.051
,0.209
,0.4
,0.556
,0.658
,0.713
,0.634
,0.398
,0.281
,0.223
,0.195
,0.174
,0.091
,0.008
,0
,0
,0
,0
,0
,0
,0
,0
,0
,0
,0.054
,0.201
,0.371
,0.517
,0.618
,0.703
,0.744
,0.742
,0.677
,0.552
,0.386
,0.227
,0.089
,0.009
,0
,0
,0
,0
,0
,0
,0
,0
,0
,0
,0.056
,0.206
,0.395
,0.556
,0.667
,0.721
,0.706
,0.646
,0.555
,0.4
,0.253
,0.111
,0.043
,0.005
,0
,0
,0
,0
,0
,0
,0
,0
,0
,0
,0.05
,0.206
,0.392
,0.549
,0.661
,0.714
,0.732
,0.705
,0.637
,0.531
,0.396
,0.229
,0.086
,0.009
,0
,0
,0
,0
,0
,0
,0
,0
,0
,0
,0.048
,0.2
,0.383
,0.54
,0.655
,0.725
,0.748
,0.726
,0.629
,0.511
,0.374
,0.226
,0.085
,0.009
,0
,0
,0
,0
,0
,0
,0
,0
,0
,0
,0.05
,0.199
,0.381
,0.537
,0.652
,0.713
,0.74
,0.724
,0.66
,0.559
,0.418
,0.247
,0.083
,0.009
,0
,0
,0
,0
,0
,0
,0
,0
,0
,0
,0.051
,0.196
,0.38
,0.537
,0.653
,0.725
,0.754
,0.738
,0.679
,0.576
,0.431
,0.254
,0.08
,0.009
,0
,0
,0
,0
,0
,0
,0
,0
,0
,0
,0.054
,0.186
,0.362
,0.527
,0.648
,0.719
,0.746
,0.729
,0.671
,0.569
,0.424
,0.246
,0.082
,0.01
,0
,0
,0
,0
,0
,0
,0
,0
,0
,0.001
,0.049
,0.197
,0.381
,0.537
,0.651
,0.72
,0.746
,0.731
,0.669
,0.565
,0.423
,0.248
,0.081
,0.009
,0
,0
,0
,0
,0
,0
,0
,0
,0
,0.001
,0.046
,0.196
,0.378
,0.531
,0.643
,0.71
,0.735
,0.719
,0.663
,0.562
,0.421
,0.249
,0.078
,0.009
,0
,0
,0
,0
,0
,0
,0
,0
,0
,0.001
,0.047
,0.193
,0.37
,0.521
,0.631
,0.695
,0.72
,0.704
,0.639
,0.539
,0.402
,0.238
,0.083
,0.01
,0
,0
,0
,0
,0
,0
,0
,0
,0
,0.001
,0.054
,0.187
,0.362
,0.514
,0.625
,0.694
,0.719
,0.703
,0.647
,0.55
,0.412
,0.243
,0.081
,0.01
,0
,0
,0
,0
,0
,0
,0
,0
,0
,0.001
,0.044
,0.197
,0.382
,0.538
,0.65
,0.715
,0.739
,0.721
,0.661
,0.56
,0.416
,0.243
,0.084
,0.01
,0
,0
,0
,0
,0
,0
,0
,0
,0
,0.001
,0.043
,0.202
,0.393
,0.554
,0.668
,0.736
,0.76
,0.741
,0.677
,0.574
,0.43
,0.253
,0.079
,0.01
,0
,0
,0
,0
,0
,0
,0
,0
,0
,0.001
,0.042
,0.203
,0.398
,0.56
,0.675
,0.74
,0.761
,0.739
,0.681
,0.583
,0.439
,0.261
,0.079
,0.009
,0
,0
,0
,0
,0
,0
,0
,0
,0
,0.001
,0.057
,0.183
,0.351
,0.496
,0.609
,0.695
,0.726
,0.715
,0.661
,0.553
,0.398
,0.235
,0.083
,0.01
,0
,0
,0
,0
,0
,0
,0
,0
,0
,0.001
,0.054
,0.194
,0.377
,0.529
,0.639
,0.703
,0.728
,0.712
,0.651
,0.545
,0.39
,0.223
,0.084
,0.01
,0
,0
,0
,0
,0
,0
,0
,0
,0
,0
,0.033
,0.124
,0.299
,0.503
,0.626
,0.693
,0.717
,0.701
,0.642
,0.546
,0.409
,0.239
,0.085
,0.011
,0
,0
,0
,0
,0
,0
,0
,0
,0
,0.001
,0.049
,0.189
,0.36
,0.505
,0.614
,0.682
,0.712
,0.701
,0.646
,0.554
,0.421
,0.253
,0.082
,0.01
,0
,0
,0
,0
,0
,0
,0
,0
,0
,0.002
,0.055
,0.191
,0.363
,0.51
,0.608
,0.64
,0.626
,0.596
,0.55
,0.493
,0.382
,0.227
,0.089
,0.012
,0
,0
,0
,0
,0
,0
,0
,0
,0
,0.002
,0.05
,0.191
,0.365
,0.515
,0.625
,0.689
,0.714
,0.698
,0.647
,0.551
,0.414
,0.252
,0.094
,0.013
,0
,0
,0
,0
,0
,0
,0
,0
,0
,0.002
,0.061
,0.182
,0.325
,0.441
,0.496
,0.505
,0.488
,0.431
,0.359
,0.335
,0.303
,0.207
,0.089
,0.016
,0
,0
,0
,0
,0
,0
,0
,0
,0
,0.002
,0.053
,0.193
,0.368
,0.519
,0.627
,0.692
,0.715
,0.697
,0.637
,0.538
,0.403
,0.242
,0.09
,0.015
,0
,0
,0
,0
,0
,0
,0
,0
,0
,0.002
,0.057
,0.188
,0.36
,0.512
,0.622
,0.683
,0.706
,0.689
,0.634
,0.535
,0.397
,0.24
,0.088
,0.016
,0
,0
,0
,0
,0
,0
,0
,0
,0
,0.002
,0.05
,0.19
,0.363
,0.511
,0.619
,0.687
,0.711
,0.696
,0.634
,0.539
,0.406
,0.244
,0.086
,0.016
,0
,0
,0
,0
,0
,0
,0
,0
,0
,0.002
,0.05
,0.191
,0.368
,0.519
,0.628
,0.693
,0.718
,0.702
,0.646
,0.551
,0.417
,0.253
,0.086
,0.017
,0
,0
,0
,0
,0
,0
,0
,0
,0
,0.002
,0.051
,0.193
,0.371
,0.524
,0.637
,0.706
,0.731
,0.713
,0.651
,0.549
,0.407
,0.237
,0.091
,0.015
,0
,0
,0
,0
,0
,0
,0
,0
,0
,0.002
,0.048
,0.199
,0.387
,0.547
,0.664
,0.734
,0.762
,0.746
,0.687
,0.586
,0.442
,0.263
,0.085
,0.016
,0
,0
,0
,0
,0
,0
,0
,0
,0
,0.002
,0.044
,0.197
,0.386
,0.546
,0.661
,0.728
,0.753
,0.736
,0.677
,0.577
,0.434
,0.26
,0.084
,0.016
,0
,0
,0
,0
,0
,0
,0
,0
,0
,0.002
,0.045
,0.194
,0.377
,0.531
,0.642
,0.709
,0.734
,0.718
,0.658
,0.56
,0.421
,0.254
,0.087
,0.017
,0
,0
,0
,0
,0
,0
,0
,0
,0
,0.002
,0.051
,0.191
,0.367
,0.517
,0.623
,0.682
,0.7
,0.69
,0.642
,0.507
,0.313
,0.169
,0.062
,0.007
,0
,0
,0
,0
,0
,0
,0
,0
,0
,0.002
,0.049
,0.193
,0.374
,0.528
,0.639
,0.709
,0.733
,0.717
,0.652
,0.555
,0.42
,0.252
,0.085
,0.016
,0
,0
,0
,0
,0
,0
,0
,0
,0
,0.001
,0.041
,0.192
,0.38
,0.537
,0.649
,0.713
,0.738
,0.722
,0.666
,0.567
,0.428
,0.256
,0.083
,0.015
,0
,0
,0
,0
,0
,0
,0
,0
,0
,0.001
,0.041
,0.19
,0.376
,0.532
,0.644
,0.711
,0.736
,0.72
,0.661
,0.564
,0.422
,0.24
,0.093
,0.016
,0
,0
,0
,0
,0
,0
,0
,0
,0
,0.002
,0.052
,0.189
,0.351
,0.495
,0.609
,0.657
,0.663
,0.622
,0.55
,0.429
,0.281
,0.131
,0.053
,0.008
,0
,0
,0
,0
,0
,0
,0
,0
,0
,0
,0.018
,0.084
,0.25
,0.483
,0.622
,0.689
,0.715
,0.703
,0.648
,0.554
,0.421
,0.252
,0.083
,0.015
,0
,0
,0
,0
,0
,0
,0
,0
,0
,0.001
,0.041
,0.188
,0.371
,0.524
,0.635
,0.7
,0.725
,0.709
,0.652
,0.556
,0.417
,0.249
,0.085
,0.015
,0
,0
,0
,0
,0
,0
,0
,0
,0
,0.001
,0.041
,0.188
,0.374
,0.53
,0.641
,0.705
,0.728
,0.706
,0.627
,0.527
,0.401
,0.247
,0.083
,0.014
,0
,0
,0
,0
,0
,0
,0
,0
,0
,0.001
,0.041
,0.189
,0.377
,0.533
,0.644
,0.709
,0.727
,0.69
,0.626
,0.549
,0.417
,0.253
,0.083
,0.014
,0
,0
,0
,0
,0
,0
,0
,0
,0
,0.001
,0.042
,0.189
,0.374
,0.53
,0.643
,0.71
,0.736
,0.721
,0.666
,0.569
,0.431
,0.259
,0.084
,0.014
,0
,0
,0
,0
,0
,0
,0
,0
,0
,0.001
,0.044
,0.186
,0.361
,0.493
,0.587
,0.667
,0.716
,0.708
,0.652
,0.555
,0.419
,0.251
,0.085
,0.014
,0
,0
,0
,0
,0
,0
,0
,0
,0
,0.001
,0.042
,0.184
,0.366
,0.521
,0.633
,0.698
,0.723
,0.708
,0.654
,0.559
,0.422
,0.255
,0.087
,0.014
,0
,0
,0
,0
,0
,0
,0
,0
,0
,0.001
,0.053
,0.155
,0.286
,0.473
,0.625
,0.668
,0.647
,0.67
,0.652
,0.559
,0.422
,0.253
,0.086
,0.013
,0
,0
,0
,0
,0
,0
,0
,0
,0
,0.001
,0.044
,0.187
,0.373
,0.529
,0.642
,0.709
,0.734
,0.717
,0.661
,0.562
,0.424
,0.255
,0.086
,0.013
,0
,0
,0
,0
,0
,0
,0
,0
,0
,0.001
,0.042
,0.185
,0.369
,0.524
,0.634
,0.697
,0.719
,0.7
,0.641
,0.54
,0.401
,0.238
,0.088
,0.012
,0
,0
,0
,0
,0
,0
,0
,0
,0
,0.001
,0.042
,0.184
,0.365
,0.518
,0.628
,0.694
,0.718
,0.702
,0.645
,0.549
,0.415
,0.249
,0.084
,0.012
,0
,0
,0
,0
,0
,0
,0
,0
,0
,0.001
,0.042
,0.18
,0.358
,0.509
,0.619
,0.684
,0.711
,0.697
,0.643
,0.549
,0.416
,0.252
,0.087
,0.009
,0
,0
,0
,0
,0
,0
,0
,0
,0
,0
,0.049
,0.159
,0.327
,0.491
,0.595
,0.66
,0.691
,0.667
,0.592
,0.498
,0.389
,0.238
,0.086
,0.009
,0
,0
,0
,0
,0
,0
,0
,0
,0
,0
,0.043
,0.179
,0.349
,0.492
,0.597
,0.663
,0.692
,0.683
,0.63
,0.537
,0.406
,0.244
,0.084
,0.008
,0
,0
,0
,0
,0
,0
,0
,0
,0
,0
,0.044
,0.174
,0.332
,0.481
,0.602
,0.678
,0.706
,0.692
,0.638
,0.546
,0.414
,0.249
,0.081
,0.006
,0
,0
,0
,0
,0
,0
,0
,0
,0
,0
,0.037
,0.179
,0.363
,0.517
,0.627
,0.692
,0.719
,0.705
,0.652
,0.558
,0.423
,0.254
,0.08
,0.006
,0
,0
,0
,0
,0
,0
,0
,0
,0
,0
,0.034
,0.182
,0.374
,0.531
,0.644
,0.708
,0.733
,0.718
,0.661
,0.565
,0.427
,0.255
,0.08
,0.006
,0
,0
,0
,0
,0
,0
,0
,0
,0
,0
,0.037
,0.182
,0.372
,0.53
,0.644
,0.712
,0.739
,0.725
,0.67
,0.573
,0.434
,0.259
,0.081
,0.006
,0
,0
,0
,0
,0
,0
,0
,0
,0
,0
,0.038
,0.181
,0.37
,0.528
,0.641
,0.706
,0.73
,0.714
,0.657
,0.561
,0.423
,0.247
,0.084
,0.007
,0
,0
,0
,0
,0
,0
,0
,0
,0
,0
,0.039
,0.181
,0.37
,0.528
,0.642
,0.71
,0.735
,0.719
,0.662
,0.565
,0.427
,0.255
,0.081
,0.006
,0
,0
,0
,0
,0
,0
,0
,0
,0
,0
,0.038
,0.181
,0.369
,0.525
,0.637
,0.702
,0.727
,0.712
,0.657
,0.56
,0.424
,0.254
,0.081
,0.005
,0
,0
,0
,0
,0
,0
,0
,0
,0
,0
,0.038
,0.18
,0.365
,0.52
,0.631
,0.698
,0.722
,0.705
,0.643
,0.522
,0.361
,0.211
,0.087
,0.007
,0
,0
,0
,0
,0
,0
,0
,0
,0
,0
,0.042
,0.133
,0.257
,0.403
,0.546
,0.63
,0.659
,0.633
,0.575
,0.435
,0.267
,0.119
,0.038
,0.002
,0
,0
,0
,0
,0
,0
,0
,0
,0
,0
,0.05
,0.143
,0.22
,0.301
,0.39
,0.444
,0.483
,0.482
,0.449
,0.43
,0.363
,0.23
,0.09
,0.007
,0
,0
,0
,0
,0
,0
,0
,0
,0
,0
,0.044
,0.149
,0.28
,0.364
,0.387
,0.406
,0.469
,0.499
,0.412
,0.242
,0.143
,0.094
,0.033
,0.001
,0
,0
,0
,0
,0
,0
,0
,0
,0
,0
,0.038
,0.146
,0.295
,0.443
,0.571
,0.649
,0.667
,0.581
,0.52
,0.471
,0.372
,0.228
,0.082
,0.005
,0
,0
,0
,0
,0
,0
,0
,0
,0
,0
,0.042
,0.174
,0.349
,0.5
,0.607
,0.671
,0.688
,0.685
,0.624
,0.531
,0.4
,0.233
,0.081
,0.005
,0
,0
,0
,0
,0
,0
,0
,0
,0
,0
,0.039
,0.174
,0.354
,0.505
,0.616
,0.678
,0.703
,0.688
,0.636
,0.54
,0.405
,0.24
,0.08
,0.004
,0
,0
,0
,0
,0
,0
,0
,0
,0
,0
,0.039
,0.17
,0.343
,0.495
,0.607
,0.68
,0.706
,0.692
,0.634
,0.54
,0.406
,0.241
,0.079
,0.004
,0
,0
,0
,0
,0
,0
,0
,0
,0
,0
,0.041
,0.17
,0.341
,0.488
,0.601
,0.678
,0.709
,0.672
,0.567
,0.435
,0.334
,0.234
,0.08
,0.004
,0
,0
,0
,0
,0
,0
,0
,0
,0
,0
,0.041
,0.165
,0.343
,0.513
,0.616
,0.664
,0.648
,0.619
,0.522
,0.364
,0.248
,0.148
,0.062
,0.003
,0
,0
,0
,0
,0
,0
,0
,0
,0
,0
,0.041
,0.155
,0.313
,0.491
,0.59
,0.661
,0.692
,0.673
,0.614
,0.53
,0.404
,0.241
,0.079
,0.003
,0
,0
,0
,0
,0
,0
,0
,0
,0
,0
,0.038
,0.172
,0.354
,0.513
,0.626
,0.693
,0.718
,0.703
,0.647
,0.55
,0.412
,0.243
,0.076
,0.003
,0
,0
,0
,0
,0
,0
,0
,0
,0
,0
,0.034
,0.173
,0.356
,0.512
,0.625
,0.692
,0.716
,0.699
,0.64
,0.534
,0.385
,0.213
,0.066
,0.002
,0
,0
,0
,0
,0
,0
,0
,0
,0
,0
,0.038
,0.166
,0.346
,0.503
,0.616
,0.68
,0.687
,0.672
,0.633
,0.539
,0.404
,0.236
,0.074
,0.002
,0
,0
,0
,0
,0
,0
,0
,0
,0
,0
,0.034
,0.166
,0.346
,0.503
,0.614
,0.683
,0.709
,0.693
,0.637
,0.542
,0.406
,0.239
,0.073
,0.002
,0
,0
,0
,0
,0
,0
,0
,0
,0
,0
,0.031
,0.173
,0.357
,0.511
,0.623
,0.688
,0.713
,0.699
,0.643
,0.547
,0.41
,0.244
,0.08
,0.002
,0
,0
,0
,0
,0
,0
,0
,0
,0
,0
,0.025
,0.115
,0.185
,0.227
,0.264
,0.291
,0.287
,0.289
,0.288
,0.285
,0.232
,0.145
,0.05
,0.001
,0
,0
,0
,0
,0
,0
,0
,0
,0
,0
,0.038
,0.174
,0.349
,0.411
,0.446
,0.501
,0.581
,0.672
,0.579
,0.25
,0.139
,0.082
,0.037
,0.001
,0
,0
,0
,0
,0
,0
,0
,0
,0
,0
,0.035
,0.173
,0.356
,0.516
,0.629
,0.696
,0.72
,0.706
,0.649
,0.551
,0.411
,0.238
,0.07
,0.001
,0
,0
,0
,0
,0
,0
,0
,0
,0
,0
,0.029
,0.175
,0.371
,0.537
,0.656
,0.727
,0.753
,0.736
,0.678
,0.577
,0.432
,0.25
,0.07
,0.001
,0
,0
,0
,0
,0
,0
,0
,0
,0
,0
,0.028
,0.177
,0.374
,0.539
,0.656
,0.725
,0.751
,0.736
,0.678
,0.577
,0.432
,0.25
,0.069
,0.001
,0
,0
,0
,0
,0
,0
,0
,0
,0
,0
,0.027
,0.178
,0.377
,0.542
,0.661
,0.731
,0.756
,0.74
,0.679
,0.577
,0.432
,0.25
,0.068
,0
,0
,0
,0
,0
,0
,0
,0
,0
,0
,0
,0.027
,0.174
,0.367
,0.529
,0.646
,0.713
,0.74
,0.725
,0.668
,0.567
,0.424
,0.245
,0.067
,0
,0
,0
,0
,0
,0
,0
,0
,0
,0
,0
,0.026
,0.174
,0.367
,0.528
,0.643
,0.714
,0.74
,0.724
,0.661
,0.562
,0.419
,0.241
,0.065
,0
,0
,0
,0
,0
,0
,0
,0
,0
,0
,0
,0.024
,0.173
,0.366
,0.526
,0.641
,0.708
,0.734
,0.718
,0.66
,0.561
,0.419
,0.241
,0.064
,0
,0
,0
,0
,0
,0
,0
,0
,0
,0
,0
,0.023
,0.171
,0.364
,0.523
,0.637
,0.706
,0.733
,0.718
,0.662
,0.563
,0.421
,0.241
,0.062
,0
,0
,0
,0
,0
,0
,0
,0
,0
,0
,0
,0.022
,0.173
,0.369
,0.53
,0.646
,0.714
,0.741
,0.726
,0.668
,0.567
,0.422
,0.24
,0.062
,0
,0
,0
,0
,0
,0
,0
,0
,0
,0
,0
,0.012
,0.175
,0.376
,0.542
,0.659
,0.729
,0.753
,0.737
,0.678
,0.576
,0.43
,0.246
,0.062
,0
,0
,0
,0
,0
,0
,0
,0
,0
,0
,0
,0.015
,0.169
,0.34
,0.495
,0.605
,0.656
,0.671
,0.652
,0.618
,0.553
,0.421
,0.241
,0.06
,0
,0
,0
,0
,0
,0
,0
,0
,0
,0
,0
,0.011
,0.175
,0.375
,0.541
,0.659
,0.727
,0.752
,0.736
,0.676
,0.573
,0.425
,0.241
,0.059
,0
,0
,0
,0
,0
,0
,0
,0
,0
,0
,0
,0.01
,0.174
,0.376
,0.542
,0.66
,0.731
,0.756
,0.738
,0.676
,0.573
,0.426
,0.241
,0.056
,0
,0
,0
,0
,0
,0
,0
,0
,0
,0
,0
,0.009
,0.174
,0.376
,0.54
,0.656
,0.723
,0.746
,0.728
,0.668
,0.565
,0.418
,0.234
,0.057
,0
,0
,0
,0
,0
,0
,0
,0
,0
,0
,0
,0.015
,0.115
,0.285
,0.517
,0.645
,0.686
,0.655
,0.654
,0.614
,0.49
,0.384
,0.233
,0.055
,0
,0
,0
,0
,0
,0
,0
,0
,0
,0
,0
,0.01
,0.17
,0.371
,0.537
,0.656
,0.727
,0.75
,0.727
,0.649
,0.512
,0.365
,0.212
,0.053
,0
,0
,0
,0
,0
,0
,0
,0
,0
,0
,0
,0.011
,0.166
,0.364
,0.529
,0.646
,0.717
,0.742
,0.725
,0.664
,0.56
,0.412
,0.229
,0.052
,0
,0
,0
,0
,0
,0
,0
,0
,0
,0
,0
,0.01
,0.165
,0.362
,0.526
,0.643
,0.713
,0.739
,0.721
,0.662
,0.558
,0.41
,0.226
,0.05
,0
,0
,0
,0
,0
,0
,0
,0
,0
,0
,0
,0.01
,0.158
,0.354
,0.518
,0.635
,0.704
,0.727
,0.708
,0.641
,0.535
,0.392
,0.215
,0.049
,0
,0
,0
,0
,0
,0
,0
,0
,0
,0
,0
,0.01
,0.151
,0.306
,0.442
,0.559
,0.649
,0.675
,0.682
,0.641
,0.54
,0.395
,0.216
,0.047
,0
,0
,0
,0
,0
,0
,0
,0
,0
,0
,0
,0.009
,0.155
,0.344
,0.504
,0.621
,0.691
,0.716
,0.701
,0.644
,0.543
,0.398
,0.218
,0.046
,0
,0
,0
,0
,0
,0
,0
,0
,0
,0
,0
,0.008
,0.159
,0.353
,0.518
,0.636
,0.707
,0.732
,0.714
,0.652
,0.549
,0.402
,0.22
,0.044
,0
,0
,0
,0
,0
,0
,0
,0
,0
,0
,0
,0.007
,0.163
,0.364
,0.53
,0.648
,0.716
,0.742
,0.726
,0.667
,0.563
,0.414
,0.226
,0.044
,0
,0
,0
,0
,0
,0
,0
,0
,0
,0
,0
,0.006
,0.163
,0.364
,0.53
,0.648
,0.717
,0.743
,0.726
,0.667
,0.563
,0.414
,0.226
,0.043
,0
,0
,0
,0
,0
,0
,0
,0
,0
,0
,0
,0.006
,0.16
,0.359
,0.522
,0.638
,0.704
,0.724
,0.694
,0.601
,0.51
,0.388
,0.211
,0.042
,0
,0
,0
,0
,0
,0
,0
,0
,0
,0
,0
,0.006
,0.101
,0.285
,0.404
,0.432
,0.559
,0.656
,0.613
,0.496
,0.343
,0.214
,0.106
,0.021
,0
,0
,0
,0
,0
,0
,0
,0
,0
,0
,0
,0.006
,0.15
,0.34
,0.503
,0.622
,0.691
,0.717
,0.696
,0.641
,0.533
,0.385
,0.204
,0.037
,0
,0
,0
,0
,0
,0
,0
,0
,0
,0
,0
,0.006
,0.15
,0.343
,0.505
,0.621
,0.687
,0.711
,0.692
,0.623
,0.489
,0.32
,0.15
,0.028
,0
,0
,0
,0
,0
,0
,0
,0
,0
,0
,0
,0.006
,0.122
,0.286
,0.469
,0.615
,0.689
,0.714
,0.694
,0.617
,0.516
,0.37
,0.182
,0.031
,0
,0
,0
,0
,0
,0
,0
,0
,0
,0
,0
,0.005
,0.136
,0.311
,0.457
,0.585
,0.668
,0.696
,0.677
,0.608
,0.512
,0.378
,0.201
,0.033
,0
,0
,0
,0
,0
,0
,0
,0
,0
,0
,0
,0.004
,0.147
,0.344
,0.511
,0.631
,0.704
,0.73
,0.713
,0.651
,0.546
,0.397
,0.208
,0.031
,0
,0
,0
,0
,0
,0
,0
,0
,0
,0
,0
,0.004
,0.156
,0.361
,0.53
,0.651
,0.709
,0.733
,0.712
,0.665
,0.552
,0.394
,0.201
,0.026
,0
,0
,0
,0
,0
,0
,0
,0
,0
,0
,0
,0.004
,0.144
,0.35
,0.527
,0.656
,0.732
,0.762
,0.743
,0.672
,0.554
,0.41
,0.215
,0.026
,0
,0
,0
,0
,0
,0
,0
,0
,0
,0
,0
,0.004
,0.154
,0.367
,0.546
,0.672
,0.748
,0.769
,0.756
,0.693
,0.582
,0.421
,0.22
,0.026
,0
,0
,0
,0
,0
,0
,0
,0
,0
,0
,0
,0.003
,0.156
,0.372
,0.551
,0.678
,0.752
,0.779
,0.76
,0.695
,0.58
,0.418
,0.214
,0.024
,0
,0
,0
,0
,0
,0
,0
,0
,0
,0
,0
,0.003
,0.148
,0.363
,0.543
,0.672
,0.751
,0.779
,0.76
,0.694
,0.581
,0.419
,0.216
,0.024
,0
,0
,0
,0
,0
,0
,0
,0
,0
,0
,0
,0.003
,0.152
,0.367
,0.546
,0.673
,0.742
,0.77
,0.752
,0.69
,0.579
,0.418
,0.215
,0.023
,0
,0
,0
,0
,0
,0
,0
,0
,0
,0
,0
,0.002
,0.138
,0.35
,0.528
,0.652
,0.723
,0.745
,0.724
,0.655
,0.544
,0.388
,0.193
,0.021
,0
,0
,0
,0
,0
,0
,0
,0
,0
,0
,0
,0.002
,0.141
,0.35
,0.519
,0.637
,0.708
,0.733
,0.706
,0.622
,0.461
,0.31
,0.176
,0.02
,0
,0
,0
,0
,0
,0
,0
,0
,0
,0
,0
,0.002
,0.137
,0.351
,0.528
,0.651
,0.707
,0.717
,0.687
,0.635
,0.532
,0.365
,0.143
,0.007
,0
,0
,0
,0
,0
,0
,0
,0
,0
,0
,0
,0.002
,0.147
,0.371
,0.554
,0.685
,0.76
,0.787
,0.766
,0.698
,0.57
,0.393
,0.204
,0.02
,0
,0
,0
,0
,0
,0
,0
,0
,0
,0
,0
,0.001
,0.146
,0.369
,0.554
,0.685
,0.759
,0.787
,0.769
,0.703
,0.59
,0.426
,0.215
,0.019
,0
,0
,0
,0
,0
,0
,0
,0
,0
,0
,0
,0.001
,0.143
,0.366
,0.551
,0.683
,0.762
,0.791
,0.775
,0.711
,0.597
,0.43
,0.217
,0.018
,0
,0
,0
,0
,0
,0
,0
,0
,0
,0
,0
,0.001
,0.139
,0.369
,0.561
,0.696
,0.773
,0.802
,0.783
,0.715
,0.595
,0.424
,0.208
,0.016
,0
,0
,0
,0
,0
,0
,0
,0
,0
,0
,0
,0
,0.133
,0.358
,0.547
,0.681
,0.761
,0.79
,0.772
,0.705
,0.588
,0.419
,0.204
,0.016
,0
,0
,0
,0
,0
,0
,0
,0
,0
,0
,0
,0
,0.128
,0.35
,0.531
,0.65
,0.683
,0.602
,0.484
,0.375
,0.32
,0.191
,0.046
,0.003
,0
,0
,0
,0
,0
,0
,0
,0
,0
,0
,0
,0
,0.089
,0.198
,0.302
,0.383
,0.465
,0.514
,0.574
,0.558
,0.523
,0.367
,0.161
,0.011
,0
,0
,0
,0
,0
,0
,0
,0
,0
,0
,0
,0
,0.125
,0.348
,0.533
,0.663
,0.735
,0.764
,0.745
,0.681
,0.567
,0.402
,0.193
,0.012
,0
,0
,0
,0
,0
,0
,0
,0
,0
,0
,0
,0
,0.121
,0.335
,0.5
,0.575
,0.642
,0.698
,0.694
,0.612
,0.467
,0.276
,0.1
,0.005
,0
,0
,0
,0
,0
,0
,0
,0
,0
,0
,0
,0
,0.056
,0.211
,0.32
,0.372
,0.36
,0.319
,0.282
,0.224
,0.162
,0.103
,0.047
,0.002
,0
,0
,0
,0
,0
,0
,0
,0
,0
,0
,0
,0
,0.104
,0.322
,0.509
,0.641
,0.718
,0.745
,0.725
,0.659
,0.544
,0.379
,0.178
,0.008
,0
,0
,0
,0
,0
,0
,0
,0
,0
,0
,0
,0
,0.103
,0.338
,0.532
,0.667
,0.746
,0.773
,0.753
,0.685
,0.567
,0.396
,0.184
,0.008
,0
,0
,0
,0
,0
,0
,0
,0
,0
,0
,0
,0
,0.128
,0.367
,0.566
,0.715
,0.795
,0.825
,0.804
,0.734
,0.612
,0.434
,0.209
,0.009
,0
,0
,0
,0
,0
,0
,0
,0
,0
,0
,0
,0
,0.132
,0.381
,0.581
,0.721
,0.801
,0.829
,0.808
,0.738
,0.616
,0.439
,0.213
,0.008
,0
,0
,0
,0
,0
,0
,0
,0
,0
,0
,0
,0
,0.125
,0.372
,0.572
,0.712
,0.791
,0.82
,0.8
,0.729
,0.606
,0.428
,0.2
,0.007
,0
,0
,0
,0
,0
,0
,0
,0
,0
,0
,0
,0
,0.115
,0.362
,0.563
,0.703
,0.782
,0.813
,0.794
,0.724
,0.602
,0.424
,0.198
,0.006
,0
,0
,0
,0
,0
,0
,0
,0
,0
,0
,0
,0
,0.116
,0.363
,0.563
,0.701
,0.78
,0.807
,0.786
,0.717
,0.597
,0.423
,0.201
,0.006
,0
,0
,0
,0
,0
,0
,0
,0
,0
,0
,0
,0
,0.118
,0.368
,0.566
,0.702
,0.779
,0.806
,0.785
,0.713
,0.593
,0.419
,0.196
,0.005
,0
,0
,0
,0
,0
,0
,0
,0
,0
,0
,0
,0
,0.106
,0.351
,0.553
,0.691
,0.772
,0.8
,0.78
,0.71
,0.589
,0.413
,0.191
,0.004
,0
,0
,0
,0
,0
,0
,0
,0
,0
,0
,0
,0
,0.099
,0.341
,0.542
,0.68
,0.753
,0.781
,0.761
,0.695
,0.575
,0.402
,0.183
,0.003
,0
,0
,0
,0
,0
,0
,0
,0
,0
,0
,0
,0
,0.096
,0.335
,0.535
,0.674
,0.755
,0.786
,0.767
,0.698
,0.578
,0.404
,0.184
,0.003
,0
,0
,0
,0
,0
,0
,0
,0
,0
,0
,0
,0
,0.093
,0.335
,0.534
,0.669
,0.743
,0.774
,0.756
,0.695
,0.574
,0.404
,0.185
,0.002
,0
,0
,0
,0
,0
,0
,0
,0
,0
,0
,0
,0
,0.066
,0.273
,0.466
,0.608
,0.727
,0.757
,0.739
,0.668
,0.547
,0.371
,0.155
,0.001
,0
,0
,0
,0
,0
,0
,0
,0
,0
,0
,0
,0
,0.095
,0.359
,0.578
,0.729
,0.818
,0.849
,0.829
,0.757
,0.631
,0.445
,0.207
,0.002
,0
,0
,0
,0
,0
,0
,0
,0
,0
,0
,0
,0
,0.052
,0.245
,0.479
,0.683
,0.81
,0.848
,0.825
,0.753
,0.626
,0.441
,0.208
,0.001
,0
,0
,0
,0
,0
,0
,0
,0
,0
,0
,0
,0
,0.092
,0.354
,0.569
,0.713
,0.796
,0.826
,0.806
,0.737
,0.614
,0.434
,0.203
,0.001
,0
,0
,0
,0
,0
,0
,0
,0
,0
,0
,0
,0
,0.073
,0.29
,0.476
,0.609
,0.753
,0.802
,0.784
,0.713
,0.589
,0.402
,0.175
,0
,0
,0
,0
,0
,0
,0
,0
,0
,0
,0
,0
,0
,0.069
,0.308
,0.513
,0.654
,0.739
,0.77
,0.75
,0.68
,0.558
,0.382
,0.162
,0
,0
,0
,0
,0
,0
,0
,0
,0
,0
,0
,0
,0
,0.064
,0.304
,0.516
,0.657
,0.731
,0.763
,0.745
,0.679
,0.56
,0.386
,0.165
,0
,0
,0
,0
,0
,0
,0
,0
,0
,0
,0
,0
,0
,0.061
,0.292
,0.49
,0.62
,0.701
,0.731
,0.692
,0.598
,0.462
,0.241
,0.058
,0
,0
,0
,0
,0
,0
,0
,0
,0
,0
,0
,0
,0
,0.024
,0.183
,0.467
,0.643
,0.733
,0.765
,0.747
,0.678
,0.558
,0.379
,0.158
,0
,0
,0
,0
,0
,0
,0
,0
,0
,0
,0
,0
,0
,0.072
,0.332
,0.546
,0.693
,0.776
,0.807
,0.785
,0.712
,0.587
,0.404
,0.171
,0
,0
,0
,0
,0
,0
,0
,0
,0
,0
,0
,0
,0
,0.061
,0.31
,0.524
,0.661
,0.706
,0.526
,0.572
,0.683
,0.396
,0.111
,0.19
,0
,0
,0
,0
,0
,0
,0
,0
,0
,0
,0
,0
,0
,0.059
,0.312
,0.532
,0.683
,0.767
,0.799
,0.781
,0.71
,0.584
,0.4
,0.198
,0
,0
,0
,0
,0
,0
,0
,0
,0
,0
,0
,0
,0
,0.055
,0.301
,0.513
,0.657
,0.739
,0.769
,0.748
,0.673
,0.551
,0.375
,0.181
,0
,0
,0
,0
,0
,0
,0
,0
,0
,0
,0
,0
,0
,0.053
,0.3
,0.514
,0.66
,0.736
,0.767
,0.746
,0.68
,0.557
,0.377
,0.174
,0
,0
,0
,0
,0
,0
,0
,0
,0
,0
,0
,0
,0
,0.044
,0.284
,0.494
,0.639
,0.723
,0.755
,0.736
,0.668
,0.549
,0.375
,0.169
,0
,0
,0
,0
,0
,0
,0
,0
,0
,0
,0
,0
,0
,0.052
,0.31
,0.531
,0.682
,0.765
,0.797
,0.776
,0.699
,0.572
,0.386
,0.168
,0
,0
,0
,0
,0
,0
,0
,0
,0
,0
,0
,0
,0
,0.044
,0.291
,0.512
,0.663
,0.742
,0.773
,0.751
,0.675
,0.55
,0.367
,0.152
,0
,0
,0
,0
,0
,0
,0
,0
,0
,0
,0
,0
,0
,0.037
,0.273
,0.493
,0.641
,0.716
,0.745
,0.725
,0.668
,0.546
,0.368
,0.152
,0
,0
,0
,0
,0
,0
,0
,0
,0
,0
,0
,0
,0
,0.034
,0.273
,0.503
,0.661
,0.752
,0.787
,0.768
,0.696
,0.562
,0.366
,0.134
,0
,0
,0
,0
,0
,0
,0
,0
,0
,0
,0
,0
,0
,0.051
,0.328
,0.568
,0.729
,0.821
,0.853
,0.83
,0.755
,0.623
,0.431
,0.174
,0
,0
,0
,0
,0
,0
,0
,0
,0
,0
,0
,0
,0
,0.049
,0.295
,0.529
,0.686
,0.775
,0.808
,0.789
,0.715
,0.585
,0.399
,0.16
,0
,0
,0
,0
,0
,0
,0
,0
,0
,0
,0
,0
,0
,0.058
,0.331
,0.58
,0.748
,0.844
,0.879
,0.858
,0.78
,0.644
,0.448
,0.179
,0
,0
,0
,0
,0
,0
,0
,0
,0
,0
,0
,0
,0
,0.053
,0.318
,0.562
,0.723
,0.814
,0.846
,0.823
,0.748
,0.617
,0.427
,0.163
,0
,0
,0
,0
,0
,0
,0
,0
,0
,0
,0
,0
,0
,0.048
,0.308
,0.543
,0.697
,0.779
,0.811
,0.789
,0.713
,0.584
,0.396
,0.138
,0
,0
,0
,0
,0
,0
,0
,0
,0
,0
,0
,0
,0
,0.036
,0.28
,0.514
,0.67
,0.752
,0.784
,0.764
,0.693
,0.566
,0.38
,0.127
,0
,0
,0
,0
,0
,0
,0
,0
,0
,0
,0
,0
,0
,0.021
,0.222
,0.473
,0.643
,0.734
,0.765
,0.746
,0.675
,0.552
,0.37
,0.121
,0
,0
,0
,0
,0
,0
,0
,0
,0
,0
,0
,0
,0
,0.028
,0.264
,0.496
,0.649
,0.736
,0.768
,0.748
,0.679
,0.553
,0.369
,0.112
,0
,0
,0
,0
,0
,0
,0
,0
,0
,0
,0
,0
,0
,0.022
,0.245
,0.476
,0.631
,0.716
,0.75
,0.731
,0.664
,0.539
,0.355
,0.1
,0
,0
,0
,0
,0
,0
,0
,0
,0
,0
,0
,0
,0
,0.02
,0.237
,0.476
,0.629
,0.713
,0.746
,0.722
,0.655
,0.523
,0.305
,0.076
,0
,0
,0
,0
,0
,0
,0
,0
,0
,0
,0
,0
,0
,0.017
,0.235
,0.467
,0.624
,0.702
,0.735
,0.715
,0.649
,0.52
,0.332
,0.083
,0
,0
,0
,0
,0
,0
,0
,0
,0
,0
,0
,0
,0
,0.017
,0.242
,0.477
,0.634
,0.721
,0.756
,0.739
,0.653
,0.529
,0.344
,0.085
,0
,0
,0
,0
,0
,0
,0
,0
,0
,0
,0
,0
,0
,0.016
,0.242
,0.479
,0.636
,0.717
,0.752
,0.734
,0.659
,0.532
,0.345
,0.081
,0
,0
,0
,0
,0
,0
,0
,0
,0
,0
,0
,0
,0
,0.011
,0.23
,0.47
,0.632
,0.713
,0.745
,0.726
,0.65
,0.521
,0.329
,0.07
,0
,0
,0
,0
,0
,0
,0
,0
,0
,0
,0
,0
,0
,0.009
,0.21
,0.441
,0.599
,0.684
,0.719
,0.702
,0.634
,0.508
,0.325
,0.072
,0
,0
,0
,0
,0
,0
,0
,0
,0
,0
,0
,0
,0
,0.01
,0.23
,0.47
,0.629
,0.713
,0.747
,0.727
,0.657
,0.528
,0.337
,0.068
,0
,0
,0
,0
,0
,0
,0
,0
,0
,0
,0
,0
,0
,0.007
,0.214
,0.451
,0.61
,0.695
,0.727
,0.712
,0.629
,0.475
,0.289
,0.043
,0
,0
,0
,0
,0
,0
,0
,0
,0
,0
,0
,0
,0
,0
,0.035
,0.1
,0.182
,0.266
,0.367
,0.483
,0.464
,0.215
,0.08
,0.012
,0
,0
,0
,0
,0
,0
,0
,0
,0
,0
,0
,0
,0
,0.004
,0.198
,0.425
,0.569
,0.636
,0.616
,0.586
,0.399
,0.185
,0.085
,0.011
,0
,0
,0
,0
,0
,0
,0
,0
,0
,0
,0
,0
,0
,0.005
,0.207
,0.445
,0.604
,0.69
,0.724
,0.706
,0.633
,0.505
,0.317
,0.056
,0
,0
,0
,0
,0
,0
,0
,0
,0
,0
,0
,0
,0
,0.005
,0.225
,0.471
,0.633
,0.723
,0.756
,0.737
,0.661
,0.532
,0.342
,0.059
,0
,0
,0
,0
,0
,0
,0
,0
,0
,0
,0
,0
,0
,0.003
,0.206
,0.446
,0.607
,0.697
,0.731
,0.713
,0.644
,0.516
,0.328
,0.049
,0
,0
,0
,0
,0
,0
,0
,0
,0
,0
,0
,0
,0
,0
,0.064
,0.265
,0.465
,0.599
,0.645
,0.635
,0.566
,0.445
,0.261
,0.023
,0
,0
,0
,0
,0
,0
,0
,0
,0
,0
,0
,0
,0
,0
,0.091
,0.303
,0.442
,0.522
,0.588
,0.601
,0.494
,0.315
,0.141
,0.01
,0
,0
,0
,0
,0
,0
,0
,0
,0
,0
,0
,0
,0
,0
,0.048
,0.149
,0.229
,0.275
,0.356
,0.368
,0.298
,0.213
,0.103
,0.013
,0
,0
,0
,0
,0
,0
,0
,0
,0
,0
,0
,0
,0
,0.001
,0.185
,0.438
,0.611
,0.714
,0.753
,0.737
,0.663
,0.527
,0.326
,0.044
,0
,0
,0
,0
,0
,0
,0
,0
,0
,0
,0
,0
,0
,0.001
,0.191
,0.442
,0.629
,0.73
,0.768
,0.749
,0.673
,0.535
,0.333
,0.044
,0
,0
,0
,0
,0
,0
,0
,0
,0
,0
,0
,0
,0
,0.001
,0.205
,0.466
,0.638
,0.735
,0.772
,0.752
,0.676
,0.54
,0.34
,0.043
,0
,0
,0
,0
,0
,0
,0
,0
,0
,0
,0
,0
,0
,0
,0.199
,0.458
,0.625
,0.719
,0.752
,0.723
,0.657
,0.537
,0.343
,0.035
,0
,0
,0
,0
,0
,0
,0
,0
,0
,0
,0
,0
,0
,0
,0.163
,0.456
,0.657
,0.758
,0.797
,0.765
,0.523
,0.303
,0.126
,0.006
,0
,0
,0
,0
,0
,0
,0
,0
,0
,0
,0
,0
,0
,0
,0.158
,0.385
,0.52
,0.59
,0.598
,0.546
,0.45
,0.249
,0.094
,0.002
,0
,0
,0
,0
,0
,0
,0
,0
,0
,0
,0
,0
,0
,0
,0.089
,0.247
,0.35
,0.366
,0.339
,0.257
,0.156
,0.096
,0.033
,0
,0
,0
,0
,0
,0
,0
,0
,0
,0
,0
,0
,0
,0
,0
,0.045
,0.152
,0.368
,0.518
,0.589
,0.554
,0.451
,0.303
,0.143
,0.009
,0
,0
,0
,0
,0
,0
,0
,0
,0
,0
,0
,0
,0
,0
,0.162
,0.386
,0.594
,0.705
,0.734
,0.681
,0.495
,0.267
,0.096
,0.004
,0
,0
,0
,0
,0
,0
,0
,0
,0
,0
,0
,0
,0
,0
,0.035
,0.121
,0.2
,0.237
,0.252
,0.276
,0.239
,0.147
,0.068
,0.004
,0
,0
,0
,0
,0
,0
,0
,0
,0
,0
,0
,0
,0
,0
,0.038
,0.192
,0.363
,0.529
,0.603
,0.579
,0.43
,0.21
,0.113
,0.009
,0
,0
,0
,0
,0
,0
,0
,0
,0
,0
,0
,0
,0
,0
,0.028
,0.078
,0.145
,0.209
,0.226
,0.199
,0.159
,0.097
,0.034
,0
,0
,0
,0
,0
,0
,0
,0
,0
,0
,0
,0
,0
,0
,0
,0.089
,0.231
,0.392
,0.571
,0.557
,0.157
,0.135
,0.081
,0.037
,0.003
,0
,0
,0
,0
,0
,0
,0
,0
,0
,0
,0
,0
,0
,0
,0.126
,0.349
,0.537
,0.662
,0.704
,0.692
,0.622
,0.415
,0.119
,0.011
,0
,0
,0
,0
,0
,0
,0
,0
,0
,0
,0
,0
,0
,0
,0.085
,0.385
,0.571
,0.66
,0.681
,0.64
,0.547
,0.356
,0.124
,0.002
,0
,0
,0
,0
,0
,0
,0
,0
,0
,0
,0
,0
,0
,0
,0.037
,0.135
,0.345
,0.378
,0.232
,0.154
,0.096
,0.055
,0.014
,0
,0
,0
,0
,0
,0
,0
,0
,0
,0
,0
,0
,0
,0
,0
,0.022
,0.089
,0.169
,0.218
,0.249
,0.254
,0.237
,0.218
,0.108
,0.005
,0
,0
,0
,0
,0
,0
,0
,0
,0
,0
,0
,0
,0
,0
,0.17
,0.432
,0.603
,0.694
,0.731
,0.71
,0.626
,0.423
,0.138
,0.005
,0
,0
,0
,0
,0
,0
,0
,0
,0
,0
,0
,0
,0
,0
,0.177
,0.429
,0.574
,0.652
,0.709
,0.597
,0.421
,0.244
,0.072
,0.001
,0
,0
,0
,0
,0
,0
,0
,0
,0
,0
,0
,0
,0
,0
,0.155
,0.416
,0.592
,0.691
,0.729
,0.693
,0.52
,0.275
,0.065
,0.001
,0
,0
,0
,0
,0
,0
,0
,0
,0
,0
,0
,0
,0
,0
,0.1
,0.361
,0.551
,0.662
,0.704
,0.677
,0.537
,0.248
,0.077
,0.003
,0
,0
,0
,0
,0
,0
,0
,0
,0
,0
,0
,0
,0
,0
,0.131
,0.394
,0.568
,0.662
,0.698
,0.675
,0.592
,0.427
,0.224
,0.009
,0
,0
,0
,0
,0
,0
,0
,0
,0
,0
,0
,0
,0
,0
,0.083
,0.206
,0.416
,0.525
,0.598
,0.601
,0.579
,0.442
,0.197
,0.007
,0
,0
,0
,0
,0
,0
,0
,0
,0
,0
,0
,0
,0
,0
,0.089
,0.31
,0.518
,0.553
,0.58
,0.623
,0.606
,0.476
,0.263
,0.015
,0
,0
,0
,0
,0
,0
,0
,0
,0
,0
,0
,0
,0
,0
,0.184
,0.467
,0.65
,0.751
,0.791
,0.77
,0.687
,0.539
,0.31
,0.017
,0
,0
,0
,0
,0
,0
,0
,0
,0
,0
,0
,0
,0
,0
,0.217
,0.498
,0.678
,0.778
,0.813
,0.78
,0.683
,0.505
,0.207
,0.004
,0
,0
,0
,0
,0
,0
,0
,0
,0
,0
,0
,0
,0
,0
,0.059
,0.215
,0.372
,0.394
,0.322
,0.21
,0.122
,0.075
,0.041
,0.001
,0
,0
,0
,0
,0
,0
,0
,0
,0
,0
,0
,0
,0
,0
,0.186
,0.452
,0.625
,0.721
,0.755
,0.73
,0.642
,0.492
,0.267
,0.011
,0
,0
,0
,0
,0
,0
,0
,0
,0
,0
,0
,0
,0
,0
,0.164
,0.421
,0.608
,0.698
,0.736
,0.716
,0.631
,0.45
,0.131
,0.003
,0
,0
,0
,0
,0
,0
,0
,0
,0
,0
,0
,0
,0
,0
,0.051
,0.192
,0.369
,0.522
,0.58
,0.53
,0.422
,0.26
,0.084
,0.001
,0
,0
,0
,0
,0
,0
,0
,0
,0
,0
,0
,0
,0
,0
,0.018
,0.073
,0.115
,0.15
,0.176
,0.168
,0.16
,0.179
,0.178
,0.006
,0
,0
,0
,0
,0
,0
,0
,0
,0
,0
,0
,0
,0
,0
,0.017
,0.109
,0.233
,0.468
,0.475
,0.382
,0.287
,0.131
,0.043
,0
,0
,0
,0
,0
,0
,0
,0
,0
,0
,0
,0
,0
,0
,0
,0.027
,0.09
,0.166
,0.243
,0.338
,0.464
,0.426
,0.246
,0.169
,0.008
,0
,0
,0
,0
,0
,0
,0
,0
,0
,0
,0
,0
,0
,0
,0.075
,0.251
,0.419
,0.46
,0.453
,0.438
,0.37
,0.291
,0.159
,0.004
,0
,0
,0
,0
,0
,0
,0
,0
,0
,0
,0
,0
,0
,0
,0.01
,0.061
,0.193
,0.211
,0.166
,0.154
,0.118
,0.066
,0.022
,0
,0
,0
,0
,0
,0
,0
,0
,0
,0
,0
,0
,0
,0
,0
,0.067
,0.145
,0.438
,0.663
,0.696
,0.662
,0.556
,0.406
,0.162
,0.009
,0
,0
,0
,0
,0
,0
,0
,0
,0
,0
,0
,0
,0
,0
,0.114
,0.471
,0.646
,0.746
,0.785
,0.761
,0.673
,0.516
,0.274
,0.011
,0
,0
,0
,0
,0
,0
,0
,0
,0
,0
,0
,0
,0
,0
,0.159
,0.395
,0.565
,0.639
,0.545
,0.417
,0.375
,0.238
,0.081
,0.001
,0
,0
,0
,0
,0
,0
,0
,0
,0
,0
,0
,0
,0
,0
,0.166
,0.422
,0.595
,0.693
,0.733
,0.712
,0.629
,0.478
,0.247
,0.013
,0
,0
,0
,0
,0
,0
,0
,0
,0
,0
,0
,0
,0
,0
,0.195
,0.457
,0.633
,0.733
,0.767
,0.743
,0.658
,0.509
,0.28
