" ""local_time"": ""America/New_York""",electricity
1/1/2019 0:00,0
1/1/2019 1:00,0
1/1/2019 2:00,0
1/1/2019 3:00,0
1/1/2019 4:00,0
1/1/2019 5:00,0
1/1/2019 6:00,0
1/1/2019 7:00,0
1/1/2019 8:00,0
1/1/2019 9:00,0
1/1/2019 10:00,0
1/1/2019 11:00,0
1/1/2019 12:00,0
1/1/2019 13:00,0.011
1/1/2019 14:00,0.104
1/1/2019 15:00,0.403
1/1/2019 16:00,0.618
1/1/2019 17:00,0.668
1/1/2019 18:00,0.601
1/1/2019 19:00,0.438
1/1/2019 20:00,0.305
1/1/2019 21:00,0.165
1/1/2019 22:00,0.047
1/1/2019 23:00,0
1/2/2019 0:00,0
1/2/2019 1:00,0
1/2/2019 2:00,0
1/2/2019 3:00,0
1/2/2019 4:00,0
1/2/2019 5:00,0
1/2/2019 6:00,0
1/2/2019 7:00,0
1/2/2019 8:00,0
1/2/2019 9:00,0
1/2/2019 10:00,0
1/2/2019 11:00,0
1/2/2019 12:00,0
1/2/2019 13:00,0.001
1/2/2019 14:00,0.028
1/2/2019 15:00,0.071
1/2/2019 16:00,0.087
1/2/2019 17:00,0.1
1/2/2019 18:00,0.089
1/2/2019 19:00,0.057
1/2/2019 20:00,0.044
1/2/2019 21:00,0.033
1/2/2019 22:00,0.013
1/2/2019 23:00,0
1/3/2019 0:00,0
1/3/2019 1:00,0
1/3/2019 2:00,0
1/3/2019 3:00,0
1/3/2019 4:00,0
1/3/2019 5:00,0
1/3/2019 6:00,0
1/3/2019 7:00,0
1/3/2019 8:00,0
1/3/2019 9:00,0
1/3/2019 10:00,0
1/3/2019 11:00,0
1/3/2019 12:00,0
1/3/2019 13:00,0
1/3/2019 14:00,0.021
1/3/2019 15:00,0.057
1/3/2019 16:00,0.088
1/3/2019 17:00,0.164
1/3/2019 18:00,0.275
1/3/2019 19:00,0.409
1/3/2019 20:00,0.528
1/3/2019 21:00,0.404
1/3/2019 22:00,0.184
1/3/2019 23:00,0.004
1/4/2019 0:00,0
1/4/2019 1:00,0
1/4/2019 2:00,0
1/4/2019 3:00,0
1/4/2019 4:00,0
1/4/2019 5:00,0
1/4/2019 6:00,0
1/4/2019 7:00,0
1/4/2019 8:00,0
1/4/2019 9:00,0
1/4/2019 10:00,0
1/4/2019 11:00,0
1/4/2019 12:00,0
1/4/2019 13:00,0.015
1/4/2019 14:00,0.262
1/4/2019 15:00,0.587
1/4/2019 16:00,0.719
1/4/2019 17:00,0.787
1/4/2019 18:00,0.797
1/4/2019 19:00,0.755
1/4/2019 20:00,0.658
1/4/2019 21:00,0.496
1/4/2019 22:00,0.258
1/4/2019 23:00,0.009
1/5/2019 0:00,0
1/5/2019 1:00,0
1/5/2019 2:00,0
1/5/2019 3:00,0
1/5/2019 4:00,0
1/5/2019 5:00,0
1/5/2019 6:00,0
1/5/2019 7:00,0
1/5/2019 8:00,0
1/5/2019 9:00,0
1/5/2019 10:00,0
1/5/2019 11:00,0
1/5/2019 12:00,0
1/5/2019 13:00,0.073
1/5/2019 14:00,0.386
1/5/2019 15:00,0.593
1/5/2019 16:00,0.721
1/5/2019 17:00,0.784
1/5/2019 18:00,0.795
1/5/2019 19:00,0.754
1/5/2019 20:00,0.658
1/5/2019 21:00,0.502
1/5/2019 22:00,0.267
1/5/2019 23:00,0.011
1/6/2019 0:00,0
1/6/2019 1:00,0
1/6/2019 2:00,0
1/6/2019 3:00,0
1/6/2019 4:00,0
1/6/2019 5:00,0
1/6/2019 6:00,0
1/6/2019 7:00,0
1/6/2019 8:00,0
1/6/2019 9:00,0
1/6/2019 10:00,0
1/6/2019 11:00,0
1/6/2019 12:00,0
1/6/2019 13:00,0.066
1/6/2019 14:00,0.361
1/6/2019 15:00,0.554
1/6/2019 16:00,0.673
1/6/2019 17:00,0.737
1/6/2019 18:00,0.748
1/6/2019 19:00,0.69
1/6/2019 20:00,0.508
1/6/2019 21:00,0.234
1/6/2019 22:00,0.058
1/6/2019 23:00,0
1/7/2019 0:00,0
1/7/2019 1:00,0
1/7/2019 2:00,0
1/7/2019 3:00,0
1/7/2019 4:00,0
1/7/2019 5:00,0
1/7/2019 6:00,0
1/7/2019 7:00,0
1/7/2019 8:00,0
1/7/2019 9:00,0
1/7/2019 10:00,0
1/7/2019 11:00,0
1/7/2019 12:00,0
1/7/2019 13:00,0.032
1/7/2019 14:00,0.192
1/7/2019 15:00,0.263
1/7/2019 16:00,0.313
1/7/2019 17:00,0.34
1/7/2019 18:00,0.361
1/7/2019 19:00,0.343
1/7/2019 20:00,0.271
1/7/2019 21:00,0.167
1/7/2019 22:00,0.064
1/7/2019 23:00,0.001
1/8/2019 0:00,0
1/8/2019 1:00,0
1/8/2019 2:00,0
1/8/2019 3:00,0
1/8/2019 4:00,0
1/8/2019 5:00,0
1/8/2019 6:00,0
1/8/2019 7:00,0
1/8/2019 8:00,0
1/8/2019 9:00,0
1/8/2019 10:00,0
1/8/2019 11:00,0
1/8/2019 12:00,0
1/8/2019 13:00,0.027
1/8/2019 14:00,0.245
1/8/2019 15:00,0.476
1/8/2019 16:00,0.603
1/8/2019 17:00,0.665
1/8/2019 18:00,0.638
1/8/2019 19:00,0.487
1/8/2019 20:00,0.338
1/8/2019 21:00,0.22
1/8/2019 22:00,0.11
1/8/2019 23:00,0.002
1/9/2019 0:00,0
1/9/2019 1:00,0
1/9/2019 2:00,0
1/9/2019 3:00,0
1/9/2019 4:00,0
1/9/2019 5:00,0
1/9/2019 6:00,0
1/9/2019 7:00,0
1/9/2019 8:00,0
1/9/2019 9:00,0
1/9/2019 10:00,0
1/9/2019 11:00,0
1/9/2019 12:00,0
1/9/2019 13:00,0.035
1/9/2019 14:00,0.287
1/9/2019 15:00,0.515
1/9/2019 16:00,0.633
1/9/2019 17:00,0.712
1/9/2019 18:00,0.708
1/9/2019 19:00,0.681
1/9/2019 20:00,0.629
1/9/2019 21:00,0.464
1/9/2019 22:00,0.226
1/9/2019 23:00,0.009
1/10/2019 0:00,0
1/10/2019 1:00,0
1/10/2019 2:00,0
1/10/2019 3:00,0
1/10/2019 4:00,0
1/10/2019 5:00,0
1/10/2019 6:00,0
1/10/2019 7:00,0
1/10/2019 8:00,0
1/10/2019 9:00,0
1/10/2019 10:00,0
1/10/2019 11:00,0
1/10/2019 12:00,0
1/10/2019 13:00,0.068
1/10/2019 14:00,0.348
1/10/2019 15:00,0.506
1/10/2019 16:00,0.618
1/10/2019 17:00,0.655
1/10/2019 18:00,0.656
1/10/2019 19:00,0.648
1/10/2019 20:00,0.586
1/10/2019 21:00,0.331
1/10/2019 22:00,0.065
1/10/2019 23:00,0.001
1/11/2019 0:00,0
1/11/2019 1:00,0
1/11/2019 2:00,0
1/11/2019 3:00,0
1/11/2019 4:00,0
1/11/2019 5:00,0
1/11/2019 6:00,0
1/11/2019 7:00,0
1/11/2019 8:00,0
1/11/2019 9:00,0
1/11/2019 10:00,0
1/11/2019 11:00,0
1/11/2019 12:00,0
1/11/2019 13:00,0.064
1/11/2019 14:00,0.351
1/11/2019 15:00,0.553
1/11/2019 16:00,0.682
1/11/2019 17:00,0.75
1/11/2019 18:00,0.764
1/11/2019 19:00,0.726
1/11/2019 20:00,0.63
1/11/2019 21:00,0.463
1/11/2019 22:00,0.224
1/11/2019 23:00,0.008
1/12/2019 0:00,0
1/12/2019 1:00,0
1/12/2019 2:00,0
1/12/2019 3:00,0
1/12/2019 4:00,0
1/12/2019 5:00,0
1/12/2019 6:00,0
1/12/2019 7:00,0
1/12/2019 8:00,0
1/12/2019 9:00,0
1/12/2019 10:00,0
1/12/2019 11:00,0
1/12/2019 12:00,0
1/12/2019 13:00,0.051
1/12/2019 14:00,0.324
1/12/2019 15:00,0.546
1/12/2019 16:00,0.701
1/12/2019 17:00,0.776
1/12/2019 18:00,0.793
1/12/2019 19:00,0.755
1/12/2019 20:00,0.662
1/12/2019 21:00,0.504
1/12/2019 22:00,0.267
1/12/2019 23:00,0.015
1/13/2019 0:00,0
1/13/2019 1:00,0
1/13/2019 2:00,0
1/13/2019 3:00,0
1/13/2019 4:00,0
1/13/2019 5:00,0
1/13/2019 6:00,0
1/13/2019 7:00,0
1/13/2019 8:00,0
1/13/2019 9:00,0
1/13/2019 10:00,0
1/13/2019 11:00,0
1/13/2019 12:00,0
1/13/2019 13:00,0.08
1/13/2019 14:00,0.406
1/13/2019 15:00,0.611
1/13/2019 16:00,0.744
1/13/2019 17:00,0.813
1/13/2019 18:00,0.826
1/13/2019 19:00,0.783
1/13/2019 20:00,0.684
1/13/2019 21:00,0.518
1/13/2019 22:00,0.275
1/13/2019 23:00,0.016
1/14/2019 0:00,0
1/14/2019 1:00,0
1/14/2019 2:00,0
1/14/2019 3:00,0
1/14/2019 4:00,0
1/14/2019 5:00,0
1/14/2019 6:00,0
1/14/2019 7:00,0
1/14/2019 8:00,0
1/14/2019 9:00,0
1/14/2019 10:00,0
1/14/2019 11:00,0
1/14/2019 12:00,0
1/14/2019 13:00,0.048
1/14/2019 14:00,0.343
1/14/2019 15:00,0.569
1/14/2019 16:00,0.714
1/14/2019 17:00,0.788
1/14/2019 18:00,0.802
1/14/2019 19:00,0.759
1/14/2019 20:00,0.661
1/14/2019 21:00,0.495
1/14/2019 22:00,0.23
1/14/2019 23:00,0.01
1/15/2019 0:00,0
1/15/2019 1:00,0
1/15/2019 2:00,0
1/15/2019 3:00,0
1/15/2019 4:00,0
1/15/2019 5:00,0
1/15/2019 6:00,0
1/15/2019 7:00,0
1/15/2019 8:00,0
1/15/2019 9:00,0
1/15/2019 10:00,0
1/15/2019 11:00,0
1/15/2019 12:00,0
1/15/2019 13:00,0.012
1/15/2019 14:00,0.098
1/15/2019 15:00,0.152
1/15/2019 16:00,0.174
1/15/2019 17:00,0.272
1/15/2019 18:00,0.256
1/15/2019 19:00,0.164
1/15/2019 20:00,0.112
1/15/2019 21:00,0.066
1/15/2019 22:00,0.023
1/15/2019 23:00,0
1/16/2019 0:00,0
1/16/2019 1:00,0
1/16/2019 2:00,0
1/16/2019 3:00,0
1/16/2019 4:00,0
1/16/2019 5:00,0
1/16/2019 6:00,0
1/16/2019 7:00,0
1/16/2019 8:00,0
1/16/2019 9:00,0
1/16/2019 10:00,0
1/16/2019 11:00,0
1/16/2019 12:00,0
1/16/2019 13:00,0.023
1/16/2019 14:00,0.121
1/16/2019 15:00,0.174
1/16/2019 16:00,0.202
1/16/2019 17:00,0.212
1/16/2019 18:00,0.22
1/16/2019 19:00,0.193
1/16/2019 20:00,0.152
1/16/2019 21:00,0.087
1/16/2019 22:00,0.036
1/16/2019 23:00,0
1/17/2019 0:00,0
1/17/2019 1:00,0
1/17/2019 2:00,0
1/17/2019 3:00,0
1/17/2019 4:00,0
1/17/2019 5:00,0
1/17/2019 6:00,0
1/17/2019 7:00,0
1/17/2019 8:00,0
1/17/2019 9:00,0
1/17/2019 10:00,0
1/17/2019 11:00,0
1/17/2019 12:00,0
1/17/2019 13:00,0.056
1/17/2019 14:00,0.32
1/17/2019 15:00,0.515
1/17/2019 16:00,0.666
1/17/2019 17:00,0.754
1/17/2019 18:00,0.761
1/17/2019 19:00,0.718
1/17/2019 20:00,0.627
1/17/2019 21:00,0.457
1/17/2019 22:00,0.186
1/17/2019 23:00,0.009
1/18/2019 0:00,0
1/18/2019 1:00,0
1/18/2019 2:00,0
1/18/2019 3:00,0
1/18/2019 4:00,0
1/18/2019 5:00,0
1/18/2019 6:00,0
1/18/2019 7:00,0
1/18/2019 8:00,0
1/18/2019 9:00,0
1/18/2019 10:00,0
1/18/2019 11:00,0
1/18/2019 12:00,0
1/18/2019 13:00,0.004
1/18/2019 14:00,0.038
1/18/2019 15:00,0.082
1/18/2019 16:00,0.116
1/18/2019 17:00,0.133
1/18/2019 18:00,0.14
1/18/2019 19:00,0.136
1/18/2019 20:00,0.118
1/18/2019 21:00,0.093
1/18/2019 22:00,0.047
1/18/2019 23:00,0.002
1/19/2019 0:00,0
1/19/2019 1:00,0
1/19/2019 2:00,0
1/19/2019 3:00,0
1/19/2019 4:00,0
1/19/2019 5:00,0
1/19/2019 6:00,0
1/19/2019 7:00,0
1/19/2019 8:00,0
1/19/2019 9:00,0
1/19/2019 10:00,0
1/19/2019 11:00,0
1/19/2019 12:00,0
1/19/2019 13:00,0.066
1/19/2019 14:00,0.339
1/19/2019 15:00,0.582
1/19/2019 16:00,0.733
1/19/2019 17:00,0.809
1/19/2019 18:00,0.827
1/19/2019 19:00,0.79
1/19/2019 20:00,0.695
1/19/2019 21:00,0.535
1/19/2019 22:00,0.29
1/19/2019 23:00,0.024
1/20/2019 0:00,0
1/20/2019 1:00,0
1/20/2019 2:00,0
1/20/2019 3:00,0
1/20/2019 4:00,0
1/20/2019 5:00,0
1/20/2019 6:00,0
1/20/2019 7:00,0
1/20/2019 8:00,0
1/20/2019 9:00,0
1/20/2019 10:00,0
1/20/2019 11:00,0
1/20/2019 12:00,0
1/20/2019 13:00,0.116
1/20/2019 14:00,0.446
1/20/2019 15:00,0.651
1/20/2019 16:00,0.783
1/20/2019 17:00,0.85
1/20/2019 18:00,0.859
1/20/2019 19:00,0.814
1/20/2019 20:00,0.712
1/20/2019 21:00,0.541
1/20/2019 22:00,0.3
1/20/2019 23:00,0.027
1/21/2019 0:00,0
1/21/2019 1:00,0
1/21/2019 2:00,0
1/21/2019 3:00,0
1/21/2019 4:00,0
1/21/2019 5:00,0
1/21/2019 6:00,0
1/21/2019 7:00,0
1/21/2019 8:00,0
1/21/2019 9:00,0
1/21/2019 10:00,0
1/21/2019 11:00,0
1/21/2019 12:00,0
1/21/2019 13:00,0.1
1/21/2019 14:00,0.365
1/21/2019 15:00,0.598
1/21/2019 16:00,0.719
1/21/2019 17:00,0.787
1/21/2019 18:00,0.794
1/21/2019 19:00,0.753
1/21/2019 20:00,0.631
1/21/2019 21:00,0.462
1/21/2019 22:00,0.197
1/21/2019 23:00,0.008
1/22/2019 0:00,0
1/22/2019 1:00,0
1/22/2019 2:00,0
1/22/2019 3:00,0
1/22/2019 4:00,0
1/22/2019 5:00,0
1/22/2019 6:00,0
1/22/2019 7:00,0
1/22/2019 8:00,0
1/22/2019 9:00,0
1/22/2019 10:00,0
1/22/2019 11:00,0
1/22/2019 12:00,0
1/22/2019 13:00,0.008
1/22/2019 14:00,0.069
1/22/2019 15:00,0.137
1/22/2019 16:00,0.207
1/22/2019 17:00,0.234
1/22/2019 18:00,0.257
1/22/2019 19:00,0.255
1/22/2019 20:00,0.212
1/22/2019 21:00,0.123
1/22/2019 22:00,0.049
1/22/2019 23:00,0.001
1/23/2019 0:00,0
1/23/2019 1:00,0
1/23/2019 2:00,0
1/23/2019 3:00,0
1/23/2019 4:00,0
1/23/2019 5:00,0
1/23/2019 6:00,0
1/23/2019 7:00,0
1/23/2019 8:00,0
1/23/2019 9:00,0
1/23/2019 10:00,0
1/23/2019 11:00,0
1/23/2019 12:00,0
1/23/2019 13:00,0.002
1/23/2019 14:00,0.033
1/23/2019 15:00,0.122
1/23/2019 16:00,0.281
1/23/2019 17:00,0.482
1/23/2019 18:00,0.682
1/23/2019 19:00,0.745
1/23/2019 20:00,0.696
1/23/2019 21:00,0.537
1/23/2019 22:00,0.293
1/23/2019 23:00,0.029
1/24/2019 0:00,0
1/24/2019 1:00,0
1/24/2019 2:00,0
1/24/2019 3:00,0
1/24/2019 4:00,0
1/24/2019 5:00,0
1/24/2019 6:00,0
1/24/2019 7:00,0
1/24/2019 8:00,0
1/24/2019 9:00,0
1/24/2019 10:00,0
1/24/2019 11:00,0
1/24/2019 12:00,0
1/24/2019 13:00,0.138
1/24/2019 14:00,0.457
1/24/2019 15:00,0.651
1/24/2019 16:00,0.772
1/24/2019 17:00,0.834
1/24/2019 18:00,0.841
1/24/2019 19:00,0.796
1/24/2019 20:00,0.696
1/24/2019 21:00,0.533
1/24/2019 22:00,0.294
1/24/2019 23:00,0.031
1/25/2019 0:00,0
1/25/2019 1:00,0
1/25/2019 2:00,0
1/25/2019 3:00,0
1/25/2019 4:00,0
1/25/2019 5:00,0
1/25/2019 6:00,0
1/25/2019 7:00,0
1/25/2019 8:00,0
1/25/2019 9:00,0
1/25/2019 10:00,0
1/25/2019 11:00,0
1/25/2019 12:00,0
1/25/2019 13:00,0.076
1/25/2019 14:00,0.225
1/25/2019 15:00,0.394
1/25/2019 16:00,0.594
1/25/2019 17:00,0.721
1/25/2019 18:00,0.738
1/25/2019 19:00,0.69
1/25/2019 20:00,0.655
1/25/2019 21:00,0.501
1/25/2019 22:00,0.26
1/25/2019 23:00,0.024
1/26/2019 0:00,0
1/26/2019 1:00,0
1/26/2019 2:00,0
1/26/2019 3:00,0
1/26/2019 4:00,0
1/26/2019 5:00,0
1/26/2019 6:00,0
1/26/2019 7:00,0
1/26/2019 8:00,0
1/26/2019 9:00,0
1/26/2019 10:00,0
1/26/2019 11:00,0
1/26/2019 12:00,0
1/26/2019 13:00,0.091
1/26/2019 14:00,0.366
1/26/2019 15:00,0.575
1/26/2019 16:00,0.696
1/26/2019 17:00,0.761
1/26/2019 18:00,0.774
1/26/2019 19:00,0.716
1/26/2019 20:00,0.561
1/26/2019 21:00,0.361
1/26/2019 22:00,0.128
1/26/2019 23:00,0.01
1/27/2019 0:00,0
1/27/2019 1:00,0
1/27/2019 2:00,0
1/27/2019 3:00,0
1/27/2019 4:00,0
1/27/2019 5:00,0
1/27/2019 6:00,0
1/27/2019 7:00,0
1/27/2019 8:00,0
1/27/2019 9:00,0
1/27/2019 10:00,0
1/27/2019 11:00,0
1/27/2019 12:00,0
1/27/2019 13:00,0.066
1/27/2019 14:00,0.304
1/27/2019 15:00,0.54
1/27/2019 16:00,0.69
1/27/2019 17:00,0.748
1/27/2019 18:00,0.763
1/27/2019 19:00,0.734
1/27/2019 20:00,0.652
1/27/2019 21:00,0.504
1/27/2019 22:00,0.277
1/27/2019 23:00,0.032
1/28/2019 0:00,0
1/28/2019 1:00,0
1/28/2019 2:00,0
1/28/2019 3:00,0
1/28/2019 4:00,0
1/28/2019 5:00,0
1/28/2019 6:00,0
1/28/2019 7:00,0
1/28/2019 8:00,0
1/28/2019 9:00,0
1/28/2019 10:00,0
1/28/2019 11:00,0
1/28/2019 12:00,0
1/28/2019 13:00,0.024
1/28/2019 14:00,0.27
1/28/2019 15:00,0.508
1/28/2019 16:00,0.678
1/28/2019 17:00,0.767
1/28/2019 18:00,0.779
1/28/2019 19:00,0.741
1/28/2019 20:00,0.642
1/28/2019 21:00,0.459
1/28/2019 22:00,0.221
1/28/2019 23:00,0.018
4/1/2019 0:00,0
4/1/2019 1:00,0
4/1/2019 2:00,0
4/1/2019 3:00,0
4/1/2019 4:00,0
4/1/2019 5:00,0
4/1/2019 6:00,0
4/1/2019 7:00,0
4/1/2019 8:00,0
4/1/2019 9:00,0
4/1/2019 10:00,0
4/1/2019 11:00,0
4/1/2019 12:00,0
4/1/2019 13:00,0.156
4/1/2019 14:00,0.469
4/1/2019 15:00,0.67
4/1/2019 16:00,0.803
4/1/2019 17:00,0.872
4/1/2019 18:00,0.884
4/1/2019 19:00,0.841
4/1/2019 20:00,0.741
4/1/2019 21:00,0.545
4/1/2019 22:00,0.312
4/1/2019 23:00,0.031
4/2/2019 0:00,0
4/2/2019 1:00,0
4/2/2019 2:00,0
4/2/2019 3:00,0
4/2/2019 4:00,0
4/2/2019 5:00,0
4/2/2019 6:00,0
4/2/2019 7:00,0
4/2/2019 8:00,0
4/2/2019 9:00,0
4/2/2019 10:00,0
4/2/2019 11:00,0
4/2/2019 12:00,0
4/2/2019 13:00,0.013
4/2/2019 14:00,0.103
4/2/2019 15:00,0.222
4/2/2019 16:00,0.44
4/2/2019 17:00,0.62
4/2/2019 18:00,0.622
4/2/2019 19:00,0.563
4/2/2019 20:00,0.602
4/2/2019 21:00,0.427
4/2/2019 22:00,0.208
4/2/2019 23:00,0.027
4/3/2019 0:00,0
4/3/2019 1:00,0
4/3/2019 2:00,0
4/3/2019 3:00,0
4/3/2019 4:00,0
4/3/2019 5:00,0
4/3/2019 6:00,0
4/3/2019 7:00,0
4/3/2019 8:00,0
4/3/2019 9:00,0
4/3/2019 10:00,0
4/3/2019 11:00,0
4/3/2019 12:00,0
4/3/2019 13:00,0.011
4/3/2019 14:00,0.063
4/3/2019 15:00,0.119
4/3/2019 16:00,0.166
4/3/2019 17:00,0.199
4/3/2019 18:00,0.21
4/3/2019 19:00,0.19
4/3/2019 20:00,0.164
4/3/2019 21:00,0.115
4/3/2019 22:00,0.046
4/3/2019 23:00,0.001
4/4/2019 0:00,0
4/4/2019 1:00,0
4/4/2019 2:00,0
4/4/2019 3:00,0
4/4/2019 4:00,0
4/4/2019 5:00,0
4/4/2019 6:00,0
4/4/2019 7:00,0
4/4/2019 8:00,0
4/4/2019 9:00,0
4/4/2019 10:00,0
4/4/2019 11:00,0
4/4/2019 12:00,0
4/4/2019 13:00,0.014
4/4/2019 14:00,0.072
4/4/2019 15:00,0.131
4/4/2019 16:00,0.16
4/4/2019 17:00,0.181
4/4/2019 18:00,0.236
4/4/2019 19:00,0.221
4/4/2019 20:00,0.184
4/4/2019 21:00,0.126
4/4/2019 22:00,0.055
4/4/2019 23:00,0.002
4/5/2019 0:00,0
4/5/2019 1:00,0
4/5/2019 2:00,0
4/5/2019 3:00,0
4/5/2019 4:00,0
4/5/2019 5:00,0
4/5/2019 6:00,0
4/5/2019 7:00,0
4/5/2019 8:00,0
4/5/2019 9:00,0
4/5/2019 10:00,0
4/5/2019 11:00,0
4/5/2019 12:00,0
4/5/2019 13:00,0.042
4/5/2019 14:00,0.165
4/5/2019 15:00,0.258
4/5/2019 16:00,0.343
4/5/2019 17:00,0.387
4/5/2019 18:00,0.38
4/5/2019 19:00,0.374
4/5/2019 20:00,0.275
4/5/2019 21:00,0.201
4/5/2019 22:00,0.101
4/5/2019 23:00,0.008
4/6/2019 0:00,0
4/6/2019 1:00,0
4/6/2019 2:00,0
4/6/2019 3:00,0
4/6/2019 4:00,0
4/6/2019 5:00,0
4/6/2019 6:00,0
4/6/2019 7:00,0
4/6/2019 8:00,0
4/6/2019 9:00,0
4/6/2019 10:00,0
4/6/2019 11:00,0
4/6/2019 12:00,0
4/6/2019 13:00,0.04
4/6/2019 14:00,0.141
4/6/2019 15:00,0.287
4/6/2019 16:00,0.402
4/6/2019 17:00,0.431
4/6/2019 18:00,0.463
4/6/2019 19:00,0.447
4/6/2019 20:00,0.346
4/6/2019 21:00,0.193
4/6/2019 22:00,0.082
4/6/2019 23:00,0.003
4/7/2019 0:00,0
4/7/2019 1:00,0
4/7/2019 2:00,0
4/7/2019 3:00,0
4/7/2019 4:00,0
4/7/2019 5:00,0
4/7/2019 6:00,0
4/7/2019 7:00,0
4/7/2019 8:00,0
4/7/2019 9:00,0
4/7/2019 10:00,0
4/7/2019 11:00,0
4/7/2019 12:00,0
4/7/2019 13:00,0.061
4/7/2019 14:00,0.266
4/7/2019 15:00,0.444
4/7/2019 16:00,0.543
4/7/2019 17:00,0.548
4/7/2019 18:00,0.451
4/7/2019 19:00,0.398
4/7/2019 20:00,0.364
4/7/2019 21:00,0.227
4/7/2019 22:00,0.074
4/7/2019 23:00,0.007
4/8/2019 0:00,0
4/8/2019 1:00,0
4/8/2019 2:00,0
4/8/2019 3:00,0
4/8/2019 4:00,0
4/8/2019 5:00,0
4/8/2019 6:00,0
4/8/2019 7:00,0
4/8/2019 8:00,0
4/8/2019 9:00,0
4/8/2019 10:00,0
4/8/2019 11:00,0
4/8/2019 12:00,0
4/8/2019 13:00,0.078
4/8/2019 14:00,0.281
4/8/2019 15:00,0.469
4/8/2019 16:00,0.603
4/8/2019 17:00,0.681
4/8/2019 18:00,0.667
4/8/2019 19:00,0.61
4/8/2019 20:00,0.373
4/8/2019 21:00,0.227
4/8/2019 22:00,0.127
4/8/2019 23:00,0.011
4/9/2019 0:00,0
4/9/2019 1:00,0
4/9/2019 2:00,0
4/9/2019 3:00,0
4/9/2019 4:00,0
4/9/2019 5:00,0
4/9/2019 6:00,0
4/9/2019 7:00,0
4/9/2019 8:00,0
4/9/2019 9:00,0
4/9/2019 10:00,0
4/9/2019 11:00,0
4/9/2019 12:00,0
4/9/2019 13:00,0.02
4/9/2019 14:00,0.108
4/9/2019 15:00,0.214
4/9/2019 16:00,0.346
4/9/2019 17:00,0.424
4/9/2019 18:00,0.408
4/9/2019 19:00,0.361
4/9/2019 20:00,0.273
4/9/2019 21:00,0.175
4/9/2019 22:00,0.078
4/9/2019 23:00,0.007
4/10/2019 0:00,0
4/10/2019 1:00,0
4/10/2019 2:00,0
4/10/2019 3:00,0
4/10/2019 4:00,0
4/10/2019 5:00,0
4/10/2019 6:00,0
4/10/2019 7:00,0
4/10/2019 8:00,0
4/10/2019 9:00,0
4/10/2019 10:00,0
4/10/2019 11:00,0
4/10/2019 12:00,0
4/10/2019 13:00,0.043
4/10/2019 14:00,0.156
4/10/2019 15:00,0.226
4/10/2019 16:00,0.247
4/10/2019 17:00,0.259
4/10/2019 18:00,0.257
4/10/2019 19:00,0.267
4/10/2019 20:00,0.265
4/10/2019 21:00,0.189
4/10/2019 22:00,0.086
4/10/2019 23:00,0.008
4/11/2019 0:00,0
4/11/2019 1:00,0
4/11/2019 2:00,0
4/11/2019 3:00,0
4/11/2019 4:00,0
4/11/2019 5:00,0
4/11/2019 6:00,0
4/11/2019 7:00,0
4/11/2019 8:00,0
4/11/2019 9:00,0
4/11/2019 10:00,0
4/11/2019 11:00,0
4/11/2019 12:00,0
4/11/2019 13:00,0.014
4/11/2019 14:00,0.067
4/11/2019 15:00,0.141
4/11/2019 16:00,0.198
4/11/2019 17:00,0.245
4/11/2019 18:00,0.271
4/11/2019 19:00,0.25
4/11/2019 20:00,0.184
4/11/2019 21:00,0.098
4/11/2019 22:00,0.038
4/11/2019 23:00,0.001
4/12/2019 0:00,0
4/12/2019 1:00,0
4/12/2019 2:00,0
4/12/2019 3:00,0
4/12/2019 4:00,0
4/12/2019 5:00,0
4/12/2019 6:00,0
4/12/2019 7:00,0
4/12/2019 8:00,0
4/12/2019 9:00,0
4/12/2019 10:00,0
4/12/2019 11:00,0
4/12/2019 12:00,0
4/12/2019 13:00,0.033
4/12/2019 14:00,0.165
4/12/2019 15:00,0.299
4/12/2019 16:00,0.329
4/12/2019 17:00,0.348
4/12/2019 18:00,0.504
4/12/2019 19:00,0.417
4/12/2019 20:00,0.266
4/12/2019 21:00,0.145
4/12/2019 22:00,0.078
4/12/2019 23:00,0.012
4/13/2019 0:00,0
4/13/2019 1:00,0
4/13/2019 2:00,0
4/13/2019 3:00,0
4/13/2019 4:00,0
4/13/2019 5:00,0
4/13/2019 6:00,0
4/13/2019 7:00,0
4/13/2019 8:00,0
4/13/2019 9:00,0
4/13/2019 10:00,0
4/13/2019 11:00,0
4/13/2019 12:00,0
4/13/2019 13:00,0.02
4/13/2019 14:00,0.123
4/13/2019 15:00,0.267
4/13/2019 16:00,0.37
4/13/2019 17:00,0.429
4/13/2019 18:00,0.417
4/13/2019 19:00,0.385
4/13/2019 20:00,0.326
4/13/2019 21:00,0.226
4/13/2019 22:00,0.111
4/13/2019 23:00,0.014
4/14/2019 0:00,0
4/14/2019 1:00,0
4/14/2019 2:00,0
4/14/2019 3:00,0
4/14/2019 4:00,0
4/14/2019 5:00,0
4/14/2019 6:00,0
4/14/2019 7:00,0
4/14/2019 8:00,0
4/14/2019 9:00,0
4/14/2019 10:00,0
4/14/2019 11:00,0
4/14/2019 12:00,0
4/14/2019 13:00,0.069
4/14/2019 14:00,0.197
4/14/2019 15:00,0.349
4/14/2019 16:00,0.466
4/14/2019 17:00,0.47
4/14/2019 18:00,0.402
4/14/2019 19:00,0.35
4/14/2019 20:00,0.373
4/14/2019 21:00,0.234
4/14/2019 22:00,0.088
4/14/2019 23:00,0.011
4/15/2019 0:00,0
4/15/2019 1:00,0
4/15/2019 2:00,0
4/15/2019 3:00,0
4/15/2019 4:00,0
4/15/2019 5:00,0
4/15/2019 6:00,0
4/15/2019 7:00,0
4/15/2019 8:00,0
4/15/2019 9:00,0
4/15/2019 10:00,0
4/15/2019 11:00,0
4/15/2019 12:00,0
4/15/2019 13:00,0.043
4/15/2019 14:00,0.3
4/15/2019 15:00,0.515
4/15/2019 16:00,0.616
4/15/2019 17:00,0.647
4/15/2019 18:00,0.668
4/15/2019 19:00,0.651
4/15/2019 20:00,0.563
4/15/2019 21:00,0.431
4/15/2019 22:00,0.275
4/15/2019 23:00,0.059
4/16/2019 0:00,0
4/16/2019 1:00,0
4/16/2019 2:00,0
4/16/2019 3:00,0
4/16/2019 4:00,0
4/16/2019 5:00,0
4/16/2019 6:00,0
4/16/2019 7:00,0
4/16/2019 8:00,0
4/16/2019 9:00,0
4/16/2019 10:00,0
4/16/2019 11:00,0
4/16/2019 12:00,0
4/16/2019 13:00,0.216
4/16/2019 14:00,0.445
4/16/2019 15:00,0.635
4/16/2019 16:00,0.756
4/16/2019 17:00,0.819
4/16/2019 18:00,0.828
4/16/2019 19:00,0.784
4/16/2019 20:00,0.678
4/16/2019 21:00,0.466
4/16/2019 22:00,0.205
4/16/2019 23:00,0.026
4/17/2019 0:00,0
4/17/2019 1:00,0
4/17/2019 2:00,0
4/17/2019 3:00,0
4/17/2019 4:00,0
4/17/2019 5:00,0
4/17/2019 6:00,0
4/17/2019 7:00,0
4/17/2019 8:00,0
4/17/2019 9:00,0
4/17/2019 10:00,0
4/17/2019 11:00,0
4/17/2019 12:00,0
4/17/2019 13:00,0.15
4/17/2019 14:00,0.368
4/17/2019 15:00,0.555
4/17/2019 16:00,0.68
4/17/2019 17:00,0.743
4/17/2019 18:00,0.743
4/17/2019 19:00,0.725
4/17/2019 20:00,0.63
4/17/2019 21:00,0.475
4/17/2019 22:00,0.263
4/17/2019 23:00,0.044
4/18/2019 0:00,0
4/18/2019 1:00,0
4/18/2019 2:00,0
4/18/2019 3:00,0
4/18/2019 4:00,0
4/18/2019 5:00,0
4/18/2019 6:00,0
4/18/2019 7:00,0
4/18/2019 8:00,0
4/18/2019 9:00,0
4/18/2019 10:00,0
4/18/2019 11:00,0
4/18/2019 12:00,0
4/18/2019 13:00,0.149
4/18/2019 14:00,0.327
4/18/2019 15:00,0.503
4/18/2019 16:00,0.632
4/18/2019 17:00,0.657
4/18/2019 18:00,0.612
4/18/2019 19:00,0.671
4/18/2019 20:00,0.571
4/18/2019 21:00,0.411
4/18/2019 22:00,0.209
4/18/2019 23:00,0.037
4/19/2019 0:00,0
4/19/2019 1:00,0
4/19/2019 2:00,0
4/19/2019 3:00,0
4/19/2019 4:00,0
4/19/2019 5:00,0
4/19/2019 6:00,0
4/19/2019 7:00,0
4/19/2019 8:00,0
4/19/2019 9:00,0
4/19/2019 10:00,0
4/19/2019 11:00,0
4/19/2019 12:00,0
4/19/2019 13:00,0.067
4/19/2019 14:00,0.214
4/19/2019 15:00,0.388
4/19/2019 16:00,0.52
4/19/2019 17:00,0.655
4/19/2019 18:00,0.68
4/19/2019 19:00,0.621
4/19/2019 20:00,0.457
4/19/2019 21:00,0.226
4/19/2019 22:00,0.105
4/19/2019 23:00,0.015
4/20/2019 0:00,0
4/20/2019 1:00,0
4/20/2019 2:00,0
4/20/2019 3:00,0
4/20/2019 4:00,0
4/20/2019 5:00,0
4/20/2019 6:00,0
4/20/2019 7:00,0
4/20/2019 8:00,0
4/20/2019 9:00,0
4/20/2019 10:00,0
4/20/2019 11:00,0
4/20/2019 12:00,0
4/20/2019 13:00,0.039
4/20/2019 14:00,0.133
4/20/2019 15:00,0.245
4/20/2019 16:00,0.363
4/20/2019 17:00,0.437
4/20/2019 18:00,0.45
4/20/2019 19:00,0.458
4/20/2019 20:00,0.436
4/20/2019 21:00,0.368
4/20/2019 22:00,0.244
4/20/2019 23:00,0.048
4/21/2019 0:00,0
4/21/2019 1:00,0
4/21/2019 2:00,0
4/21/2019 3:00,0
4/21/2019 4:00,0
4/21/2019 5:00,0
4/21/2019 6:00,0
4/21/2019 7:00,0
4/21/2019 8:00,0
4/21/2019 9:00,0
4/21/2019 10:00,0
4/21/2019 11:00,0
4/21/2019 12:00,0
4/21/2019 13:00,0.172
4/21/2019 14:00,0.416
4/21/2019 15:00,0.608
4/21/2019 16:00,0.735
4/21/2019 17:00,0.8
4/21/2019 18:00,0.807
4/21/2019 19:00,0.757
4/21/2019 20:00,0.636
4/21/2019 21:00,0.45
4/21/2019 22:00,0.222
4/21/2019 23:00,0.035
4/22/2019 0:00,0
4/22/2019 1:00,0
4/22/2019 2:00,0
4/22/2019 3:00,0
4/22/2019 4:00,0
4/22/2019 5:00,0
4/22/2019 6:00,0
4/22/2019 7:00,0
4/22/2019 8:00,0
4/22/2019 9:00,0
4/22/2019 10:00,0
4/22/2019 11:00,0
4/22/2019 12:00,0
4/22/2019 13:00,0.031
4/22/2019 14:00,0.12
4/22/2019 15:00,0.221
4/22/2019 16:00,0.243
4/22/2019 17:00,0.279
4/22/2019 18:00,0.291
4/22/2019 19:00,0.29
4/22/2019 20:00,0.257
4/22/2019 21:00,0.187
4/22/2019 22:00,0.105
4/22/2019 23:00,0.016
4/23/2019 0:00,0
4/23/2019 1:00,0
4/23/2019 2:00,0
4/23/2019 3:00,0
4/23/2019 4:00,0
4/23/2019 5:00,0
4/23/2019 6:00,0
4/23/2019 7:00,0
4/23/2019 8:00,0
4/23/2019 9:00,0
4/23/2019 10:00,0
4/23/2019 11:00,0
4/23/2019 12:00,0
4/23/2019 13:00,0.104
4/23/2019 14:00,0.358
4/23/2019 15:00,0.564
4/23/2019 16:00,0.713
4/23/2019 17:00,0.789
4/23/2019 18:00,0.806
4/23/2019 19:00,0.768
4/23/2019 20:00,0.676
4/23/2019 21:00,0.525
4/23/2019 22:00,0.312
4/23/2019 23:00,0.072
4/24/2019 0:00,0
4/24/2019 1:00,0
4/24/2019 2:00,0
4/24/2019 3:00,0
4/24/2019 4:00,0
4/24/2019 5:00,0
4/24/2019 6:00,0
4/24/2019 7:00,0
4/24/2019 8:00,0
4/24/2019 9:00,0
4/24/2019 10:00,0
4/24/2019 11:00,0
4/24/2019 12:00,0
4/24/2019 13:00,0.024
4/24/2019 14:00,0.118
4/24/2019 15:00,0.227
4/24/2019 16:00,0.322
4/24/2019 17:00,0.355
4/24/2019 18:00,0.393
4/24/2019 19:00,0.387
4/24/2019 20:00,0.317
4/24/2019 21:00,0.171
4/24/2019 22:00,0.074
4/24/2019 23:00,0.01
4/25/2019 0:00,0
4/25/2019 1:00,0
4/25/2019 2:00,0
4/25/2019 3:00,0
4/25/2019 4:00,0
4/25/2019 5:00,0
4/25/2019 6:00,0
4/25/2019 7:00,0
4/25/2019 8:00,0
4/25/2019 9:00,0
4/25/2019 10:00,0
4/25/2019 11:00,0
4/25/2019 12:00,0
4/25/2019 13:00,0.035
4/25/2019 14:00,0.144
4/25/2019 15:00,0.294
4/25/2019 16:00,0.376
4/25/2019 17:00,0.424
4/25/2019 18:00,0.442
4/25/2019 19:00,0.416
4/25/2019 20:00,0.341
4/25/2019 21:00,0.227
4/25/2019 22:00,0.1
4/25/2019 23:00,0.017
4/26/2019 0:00,0
4/26/2019 1:00,0
4/26/2019 2:00,0
4/26/2019 3:00,0
4/26/2019 4:00,0
4/26/2019 5:00,0
4/26/2019 6:00,0
4/26/2019 7:00,0
4/26/2019 8:00,0
4/26/2019 9:00,0
4/26/2019 10:00,0
4/26/2019 11:00,0
4/26/2019 12:00,0
4/26/2019 13:00,0.02
4/26/2019 14:00,0.066
4/26/2019 15:00,0.102
4/26/2019 16:00,0.131
4/26/2019 17:00,0.205
4/26/2019 18:00,0.255
4/26/2019 19:00,0.268
4/26/2019 20:00,0.306
4/26/2019 21:00,0.321
4/26/2019 22:00,0.139
4/26/2019 23:00,0.021
4/27/2019 0:00,0
4/27/2019 1:00,0
4/27/2019 2:00,0
4/27/2019 3:00,0
4/27/2019 4:00,0
4/27/2019 5:00,0
4/27/2019 6:00,0
4/27/2019 7:00,0
4/27/2019 8:00,0
4/27/2019 9:00,0
4/27/2019 10:00,0
4/27/2019 11:00,0
4/27/2019 12:00,0
4/27/2019 13:00,0.207
4/27/2019 14:00,0.454
4/27/2019 15:00,0.646
4/27/2019 16:00,0.772
4/27/2019 17:00,0.836
4/27/2019 18:00,0.846
4/27/2019 19:00,0.805
4/27/2019 20:00,0.71
4/27/2019 21:00,0.556
4/27/2019 22:00,0.343
4/27/2019 23:00,0.09
4/28/2019 0:00,0
4/28/2019 1:00,0
4/28/2019 2:00,0
4/28/2019 3:00,0
4/28/2019 4:00,0
4/28/2019 5:00,0
4/28/2019 6:00,0
4/28/2019 7:00,0
4/28/2019 8:00,0
4/28/2019 9:00,0
4/28/2019 10:00,0
4/28/2019 11:00,0
4/28/2019 12:00,0
4/28/2019 13:00,0.028
4/28/2019 14:00,0.092
4/28/2019 15:00,0.144
4/28/2019 16:00,0.199
4/28/2019 17:00,0.248
4/28/2019 18:00,0.264
4/28/2019 19:00,0.315
4/28/2019 20:00,0.282
4/28/2019 21:00,0.165
4/28/2019 22:00,0.088
4/28/2019 23:00,0.017
7/1/2019 0:00,0
7/1/2019 1:00,0
7/1/2019 2:00,0
7/1/2019 3:00,0
7/1/2019 4:00,0
7/1/2019 5:00,0
7/1/2019 6:00,0
7/1/2019 7:00,0
7/1/2019 8:00,0
7/1/2019 9:00,0
7/1/2019 10:00,0
7/1/2019 11:00,0
7/1/2019 12:00,0
7/1/2019 13:00,0.049
7/1/2019 14:00,0.164
7/1/2019 15:00,0.231
7/1/2019 16:00,0.275
7/1/2019 17:00,0.282
7/1/2019 18:00,0.224
7/1/2019 19:00,0.197
7/1/2019 20:00,0.138
7/1/2019 21:00,0.094
7/1/2019 22:00,0.053
7/1/2019 23:00,0.013
7/2/2019 0:00,0
7/2/2019 1:00,0
7/2/2019 2:00,0
7/2/2019 3:00,0
7/2/2019 4:00,0
7/2/2019 5:00,0
7/2/2019 6:00,0
7/2/2019 7:00,0
7/2/2019 8:00,0
7/2/2019 9:00,0
7/2/2019 10:00,0
7/2/2019 11:00,0
7/2/2019 12:00,0
7/2/2019 13:00,0.127
7/2/2019 14:00,0.324
7/2/2019 15:00,0.482
7/2/2019 16:00,0.53
7/2/2019 17:00,0.526
7/2/2019 18:00,0.428
7/2/2019 19:00,0.426
7/2/2019 20:00,0.391
7/2/2019 21:00,0.186
7/2/2019 22:00,0.058
7/2/2019 23:00,0.02
7/3/2019 0:00,0
7/3/2019 1:00,0
7/3/2019 2:00,0
7/3/2019 3:00,0
7/3/2019 4:00,0
7/3/2019 5:00,0
7/3/2019 6:00,0
7/3/2019 7:00,0
7/3/2019 8:00,0
7/3/2019 9:00,0
7/3/2019 10:00,0
7/3/2019 11:00,0
7/3/2019 12:00,0
7/3/2019 13:00,0.018
7/3/2019 14:00,0.062
7/3/2019 15:00,0.128
7/3/2019 16:00,0.191
7/3/2019 17:00,0.231
7/3/2019 18:00,0.248
7/3/2019 19:00,0.301
7/3/2019 20:00,0.328
7/3/2019 21:00,0.241
7/3/2019 22:00,0.118
7/3/2019 23:00,0.026
7/4/2019 0:00,0
7/4/2019 1:00,0
7/4/2019 2:00,0
7/4/2019 3:00,0
7/4/2019 4:00,0
7/4/2019 5:00,0
7/4/2019 6:00,0
7/4/2019 7:00,0
7/4/2019 8:00,0
7/4/2019 9:00,0
7/4/2019 10:00,0
7/4/2019 11:00,0
7/4/2019 12:00,0
7/4/2019 13:00,0.109
7/4/2019 14:00,0.27
7/4/2019 15:00,0.423
7/4/2019 16:00,0.55
7/4/2019 17:00,0.585
7/4/2019 18:00,0.611
7/4/2019 19:00,0.617
7/4/2019 20:00,0.544
7/4/2019 21:00,0.404
7/4/2019 22:00,0.225
7/4/2019 23:00,0.04
7/5/2019 0:00,0
7/5/2019 1:00,0
7/5/2019 2:00,0
7/5/2019 3:00,0
7/5/2019 4:00,0
7/5/2019 5:00,0
7/5/2019 6:00,0
7/5/2019 7:00,0
7/5/2019 8:00,0
7/5/2019 9:00,0
7/5/2019 10:00,0
7/5/2019 11:00,0
7/5/2019 12:00,0
7/5/2019 13:00,0.084
7/5/2019 14:00,0.239
7/5/2019 15:00,0.381
7/5/2019 16:00,0.497
7/5/2019 17:00,0.566
7/5/2019 18:00,0.571
7/5/2019 19:00,0.53
7/5/2019 20:00,0.407
7/5/2019 21:00,0.261
7/5/2019 22:00,0.104
7/5/2019 23:00,0.033
7/6/2019 0:00,0
7/6/2019 1:00,0
7/6/2019 2:00,0
7/6/2019 3:00,0
7/6/2019 4:00,0
7/6/2019 5:00,0
7/6/2019 6:00,0
7/6/2019 7:00,0
7/6/2019 8:00,0
7/6/2019 9:00,0
7/6/2019 10:00,0
7/6/2019 11:00,0
7/6/2019 12:00,0
7/6/2019 13:00,0.04
7/6/2019 14:00,0.147
7/6/2019 15:00,0.28
7/6/2019 16:00,0.362
7/6/2019 17:00,0.458
7/6/2019 18:00,0.535
7/6/2019 19:00,0.552
7/6/2019 20:00,0.539
7/6/2019 21:00,0.458
7/6/2019 22:00,0.286
7/6/2019 23:00,0.074
7/7/2019 0:00,0
7/7/2019 1:00,0
7/7/2019 2:00,0
7/7/2019 3:00,0
7/7/2019 4:00,0
7/7/2019 5:00,0
7/7/2019 6:00,0
7/7/2019 7:00,0
7/7/2019 8:00,0
7/7/2019 9:00,0
7/7/2019 10:00,0
7/7/2019 11:00,0
7/7/2019 12:00,0
7/7/2019 13:00,0.082
7/7/2019 14:00,0.171
7/7/2019 15:00,0.26
7/7/2019 16:00,0.322
7/7/2019 17:00,0.346
7/7/2019 18:00,0.273
7/7/2019 19:00,0.218
7/7/2019 20:00,0.192
7/7/2019 21:00,0.17
7/7/2019 22:00,0.125
7/7/2019 23:00,0.042
7/8/2019 0:00,0
7/8/2019 1:00,0
7/8/2019 2:00,0
7/8/2019 3:00,0
7/8/2019 4:00,0
7/8/2019 5:00,0
7/8/2019 6:00,0
7/8/2019 7:00,0
7/8/2019 8:00,0
7/8/2019 9:00,0
7/8/2019 10:00,0
7/8/2019 11:00,0
7/8/2019 12:00,0.003
7/8/2019 13:00,0.19
7/8/2019 14:00,0.405
7/8/2019 15:00,0.573
7/8/2019 16:00,0.651
7/8/2019 17:00,0.783
7/8/2019 18:00,0.653
7/8/2019 19:00,0.541
7/8/2019 20:00,0.421
7/8/2019 21:00,0.263
7/8/2019 22:00,0.15
7/8/2019 23:00,0.035
7/9/2019 0:00,0
7/9/2019 1:00,0
7/9/2019 2:00,0
7/9/2019 3:00,0
7/9/2019 4:00,0
7/9/2019 5:00,0
7/9/2019 6:00,0
7/9/2019 7:00,0
7/9/2019 8:00,0
7/9/2019 9:00,0
7/9/2019 10:00,0
7/9/2019 11:00,0
7/9/2019 12:00,0.003
7/9/2019 13:00,0.195
7/9/2019 14:00,0.449
7/9/2019 15:00,0.644
7/9/2019 16:00,0.77
7/9/2019 17:00,0.836
7/9/2019 18:00,0.845
7/9/2019 19:00,0.801
7/9/2019 20:00,0.702
7/9/2019 21:00,0.456
7/9/2019 22:00,0.146
7/9/2019 23:00,0.026
7/10/2019 0:00,0
7/10/2019 1:00,0
7/10/2019 2:00,0
7/10/2019 3:00,0
7/10/2019 4:00,0
7/10/2019 5:00,0
7/10/2019 6:00,0
7/10/2019 7:00,0
7/10/2019 8:00,0
7/10/2019 9:00,0
7/10/2019 10:00,0
7/10/2019 11:00,0
7/10/2019 12:00,0
7/10/2019 13:00,0.063
7/10/2019 14:00,0.183
7/10/2019 15:00,0.3
7/10/2019 16:00,0.367
7/10/2019 17:00,0.48
7/10/2019 18:00,0.496
7/10/2019 19:00,0.461
7/10/2019 20:00,0.384
7/10/2019 21:00,0.289
7/10/2019 22:00,0.168
7/10/2019 23:00,0.048
7/11/2019 0:00,0
7/11/2019 1:00,0
7/11/2019 2:00,0
7/11/2019 3:00,0
7/11/2019 4:00,0
7/11/2019 5:00,0
7/11/2019 6:00,0
7/11/2019 7:00,0
7/11/2019 8:00,0
7/11/2019 9:00,0
7/11/2019 10:00,0
7/11/2019 11:00,0
7/11/2019 12:00,0.001
7/11/2019 13:00,0.088
7/11/2019 14:00,0.207
7/11/2019 15:00,0.385
7/11/2019 16:00,0.514
7/11/2019 17:00,0.609
7/11/2019 18:00,0.606
7/11/2019 19:00,0.452
7/11/2019 20:00,0.286
7/11/2019 21:00,0.188
7/11/2019 22:00,0.086
7/11/2019 23:00,0.024
7/12/2019 0:00,0
7/12/2019 1:00,0
7/12/2019 2:00,0
7/12/2019 3:00,0
7/12/2019 4:00,0
7/12/2019 5:00,0
7/12/2019 6:00,0
7/12/2019 7:00,0
7/12/2019 8:00,0
7/12/2019 9:00,0
7/12/2019 10:00,0
7/12/2019 11:00,0
7/12/2019 12:00,0
7/12/2019 13:00,0.048
7/12/2019 14:00,0.141
7/12/2019 15:00,0.268
7/12/2019 16:00,0.419
7/12/2019 17:00,0.597
7/12/2019 18:00,0.601
7/12/2019 19:00,0.519
7/12/2019 20:00,0.425
7/12/2019 21:00,0.294
7/12/2019 22:00,0.171
7/12/2019 23:00,0.046
7/13/2019 0:00,0
7/13/2019 1:00,0
7/13/2019 2:00,0
7/13/2019 3:00,0
7/13/2019 4:00,0
7/13/2019 5:00,0
7/13/2019 6:00,0
7/13/2019 7:00,0
7/13/2019 8:00,0
7/13/2019 9:00,0
7/13/2019 10:00,0
7/13/2019 11:00,0
7/13/2019 12:00,0.003
7/13/2019 13:00,0.131
7/13/2019 14:00,0.346
7/13/2019 15:00,0.455
7/13/2019 16:00,0.433
7/13/2019 17:00,0.431
7/13/2019 18:00,0.532
7/13/2019 19:00,0.594
7/13/2019 20:00,0.565
7/13/2019 21:00,0.43
7/13/2019 22:00,0.257
7/13/2019 23:00,0.075
7/14/2019 0:00,0
7/14/2019 1:00,0
7/14/2019 2:00,0
7/14/2019 3:00,0
7/14/2019 4:00,0
7/14/2019 5:00,0
7/14/2019 6:00,0
7/14/2019 7:00,0
7/14/2019 8:00,0
7/14/2019 9:00,0
7/14/2019 10:00,0
7/14/2019 11:00,0
7/14/2019 12:00,0.003
7/14/2019 13:00,0.095
7/14/2019 14:00,0.238
7/14/2019 15:00,0.362
7/14/2019 16:00,0.459
7/14/2019 17:00,0.543
7/14/2019 18:00,0.601
7/14/2019 19:00,0.572
7/14/2019 20:00,0.447
7/14/2019 21:00,0.26
7/14/2019 22:00,0.118
7/14/2019 23:00,0.033
7/15/2019 0:00,0
7/15/2019 1:00,0
7/15/2019 2:00,0
7/15/2019 3:00,0
7/15/2019 4:00,0
7/15/2019 5:00,0
7/15/2019 6:00,0
7/15/2019 7:00,0
7/15/2019 8:00,0
7/15/2019 9:00,0
7/15/2019 10:00,0
7/15/2019 11:00,0
7/15/2019 12:00,0
7/15/2019 13:00,0.06
7/15/2019 14:00,0.159
7/15/2019 15:00,0.229
7/15/2019 16:00,0.321
7/15/2019 17:00,0.431
7/15/2019 18:00,0.447
7/15/2019 19:00,0.418
7/15/2019 20:00,0.386
7/15/2019 21:00,0.35
7/15/2019 22:00,0.238
7/15/2019 23:00,0.07
7/16/2019 0:00,0
7/16/2019 1:00,0
7/16/2019 2:00,0
7/16/2019 3:00,0
7/16/2019 4:00,0
7/16/2019 5:00,0
7/16/2019 6:00,0
7/16/2019 7:00,0
7/16/2019 8:00,0
7/16/2019 9:00,0
7/16/2019 10:00,0
7/16/2019 11:00,0
7/16/2019 12:00,0
7/16/2019 13:00,0.032
7/16/2019 14:00,0.138
7/16/2019 15:00,0.349
7/16/2019 16:00,0.466
7/16/2019 17:00,0.428
7/16/2019 18:00,0.423
7/16/2019 19:00,0.446
7/16/2019 20:00,0.414
7/16/2019 21:00,0.317
7/16/2019 22:00,0.208
7/16/2019 23:00,0.074
7/17/2019 0:00,0
7/17/2019 1:00,0
7/17/2019 2:00,0
7/17/2019 3:00,0
7/17/2019 4:00,0
7/17/2019 5:00,0
7/17/2019 6:00,0
7/17/2019 7:00,0
7/17/2019 8:00,0
7/17/2019 9:00,0
7/17/2019 10:00,0
7/17/2019 11:00,0
7/17/2019 12:00,0.002
7/17/2019 13:00,0.078
7/17/2019 14:00,0.253
7/17/2019 15:00,0.465
7/17/2019 16:00,0.656
7/17/2019 17:00,0.74
7/17/2019 18:00,0.737
7/17/2019 19:00,0.684
7/17/2019 20:00,0.583
7/17/2019 21:00,0.376
7/17/2019 22:00,0.148
7/17/2019 23:00,0.034
7/18/2019 0:00,0
7/18/2019 1:00,0
7/18/2019 2:00,0
7/18/2019 3:00,0
7/18/2019 4:00,0
7/18/2019 5:00,0
7/18/2019 6:00,0
7/18/2019 7:00,0
7/18/2019 8:00,0
7/18/2019 9:00,0
7/18/2019 10:00,0
7/18/2019 11:00,0
7/18/2019 12:00,0.001
7/18/2019 13:00,0.041
7/18/2019 14:00,0.117
7/18/2019 15:00,0.186
7/18/2019 16:00,0.209
7/18/2019 17:00,0.235
7/18/2019 18:00,0.247
7/18/2019 19:00,0.214
7/18/2019 20:00,0.181
7/18/2019 21:00,0.158
7/18/2019 22:00,0.096
7/18/2019 23:00,0.023
7/19/2019 0:00,0
7/19/2019 1:00,0
7/19/2019 2:00,0
7/19/2019 3:00,0
7/19/2019 4:00,0
7/19/2019 5:00,0
7/19/2019 6:00,0
7/19/2019 7:00,0
7/19/2019 8:00,0
7/19/2019 9:00,0
7/19/2019 10:00,0
7/19/2019 11:00,0
7/19/2019 12:00,0
7/19/2019 13:00,0.034
7/19/2019 14:00,0.135
7/19/2019 15:00,0.288
7/19/2019 16:00,0.372
7/19/2019 17:00,0.389
7/19/2019 18:00,0.404
7/19/2019 19:00,0.381
7/19/2019 20:00,0.323
7/19/2019 21:00,0.225
7/19/2019 22:00,0.103
7/19/2019 23:00,0.021
7/20/2019 0:00,0
7/20/2019 1:00,0
7/20/2019 2:00,0
7/20/2019 3:00,0
7/20/2019 4:00,0
7/20/2019 5:00,0
7/20/2019 6:00,0
7/20/2019 7:00,0
7/20/2019 8:00,0
7/20/2019 9:00,0
7/20/2019 10:00,0
7/20/2019 11:00,0
7/20/2019 12:00,0.001
7/20/2019 13:00,0.045
7/20/2019 14:00,0.12
7/20/2019 15:00,0.207
7/20/2019 16:00,0.304
7/20/2019 17:00,0.379
7/20/2019 18:00,0.412
7/20/2019 19:00,0.389
7/20/2019 20:00,0.372
7/20/2019 21:00,0.303
7/20/2019 22:00,0.179
7/20/2019 23:00,0.05
7/21/2019 0:00,0
7/21/2019 1:00,0
7/21/2019 2:00,0
7/21/2019 3:00,0
7/21/2019 4:00,0
7/21/2019 5:00,0
7/21/2019 6:00,0
7/21/2019 7:00,0
7/21/2019 8:00,0
7/21/2019 9:00,0
7/21/2019 10:00,0
7/21/2019 11:00,0
7/21/2019 12:00,0.002
7/21/2019 13:00,0.048
7/21/2019 14:00,0.137
7/21/2019 15:00,0.28
7/21/2019 16:00,0.44
7/21/2019 17:00,0.525
7/21/2019 18:00,0.49
7/21/2019 19:00,0.413
7/21/2019 20:00,0.29
7/21/2019 21:00,0.195
7/21/2019 22:00,0.136
7/21/2019 23:00,0.073
7/22/2019 0:00,0
7/22/2019 1:00,0
7/22/2019 2:00,0
7/22/2019 3:00,0
7/22/2019 4:00,0
7/22/2019 5:00,0
7/22/2019 6:00,0
7/22/2019 7:00,0
7/22/2019 8:00,0
7/22/2019 9:00,0
7/22/2019 10:00,0
7/22/2019 11:00,0
7/22/2019 12:00,0.007
7/22/2019 13:00,0.137
7/22/2019 14:00,0.296
7/22/2019 15:00,0.45
7/22/2019 16:00,0.604
7/22/2019 17:00,0.703
7/22/2019 18:00,0.746
7/22/2019 19:00,0.742
7/22/2019 20:00,0.665
7/22/2019 21:00,0.524
7/22/2019 22:00,0.341
7/22/2019 23:00,0.122
7/23/2019 0:00,0
7/23/2019 1:00,0
7/23/2019 2:00,0
7/23/2019 3:00,0
7/23/2019 4:00,0
7/23/2019 5:00,0
7/23/2019 6:00,0
7/23/2019 7:00,0
7/23/2019 8:00,0
7/23/2019 9:00,0
7/23/2019 10:00,0
7/23/2019 11:00,0
7/23/2019 12:00,0.01
7/23/2019 13:00,0.157
7/23/2019 14:00,0.347
7/23/2019 15:00,0.552
7/23/2019 16:00,0.693
7/23/2019 17:00,0.766
7/23/2019 18:00,0.787
7/23/2019 19:00,0.754
7/23/2019 20:00,0.67
7/23/2019 21:00,0.527
7/23/2019 22:00,0.334
7/23/2019 23:00,0.116
7/24/2019 0:00,0
7/24/2019 1:00,0
7/24/2019 2:00,0
7/24/2019 3:00,0
7/24/2019 4:00,0
7/24/2019 5:00,0
7/24/2019 6:00,0
7/24/2019 7:00,0
7/24/2019 8:00,0
7/24/2019 9:00,0
7/24/2019 10:00,0
7/24/2019 11:00,0
7/24/2019 12:00,0.011
7/24/2019 13:00,0.203
7/24/2019 14:00,0.435
7/24/2019 15:00,0.617
7/24/2019 16:00,0.74
7/24/2019 17:00,0.806
7/24/2019 18:00,0.819
7/24/2019 19:00,0.782
7/24/2019 20:00,0.694
7/24/2019 21:00,0.551
7/24/2019 22:00,0.358
7/24/2019 23:00,0.134
7/25/2019 0:00,0
7/25/2019 1:00,0
7/25/2019 2:00,0
7/25/2019 3:00,0
7/25/2019 4:00,0
7/25/2019 5:00,0
7/25/2019 6:00,0
7/25/2019 7:00,0
7/25/2019 8:00,0
7/25/2019 9:00,0
7/25/2019 10:00,0
7/25/2019 11:00,0
7/25/2019 12:00,0.012
7/25/2019 13:00,0.202
7/25/2019 14:00,0.426
7/25/2019 15:00,0.597
7/25/2019 16:00,0.713
7/25/2019 17:00,0.777
7/25/2019 18:00,0.793
7/25/2019 19:00,0.759
7/25/2019 20:00,0.674
7/25/2019 21:00,0.536
7/25/2019 22:00,0.334
7/25/2019 23:00,0.104
7/26/2019 0:00,0
7/26/2019 1:00,0
7/26/2019 2:00,0
7/26/2019 3:00,0
7/26/2019 4:00,0
7/26/2019 5:00,0
7/26/2019 6:00,0
7/26/2019 7:00,0
7/26/2019 8:00,0
7/26/2019 9:00,0
7/26/2019 10:00,0
7/26/2019 11:00,0
7/26/2019 12:00,0.005
7/26/2019 13:00,0.098
7/26/2019 14:00,0.255
7/26/2019 15:00,0.411
7/26/2019 16:00,0.579
7/26/2019 17:00,0.685
7/26/2019 18:00,0.733
7/26/2019 19:00,0.711
7/26/2019 20:00,0.628
7/26/2019 21:00,0.483
7/26/2019 22:00,0.293
7/26/2019 23:00,0.102
7/27/2019 0:00,0
7/27/2019 1:00,0
7/27/2019 2:00,0
7/27/2019 3:00,0
7/27/2019 4:00,0
7/27/2019 5:00,0
7/27/2019 6:00,0
7/27/2019 7:00,0
7/27/2019 8:00,0
7/27/2019 9:00,0
7/27/2019 10:00,0
7/27/2019 11:00,0
7/27/2019 12:00,0.012
7/27/2019 13:00,0.173
7/27/2019 14:00,0.38
7/27/2019 15:00,0.535
7/27/2019 16:00,0.647
7/27/2019 17:00,0.689
7/27/2019 18:00,0.665
7/27/2019 19:00,0.612
7/27/2019 20:00,0.532
7/27/2019 21:00,0.419
7/27/2019 22:00,0.226
7/27/2019 23:00,0.088
7/28/2019 0:00,0.001
7/28/2019 1:00,0
7/28/2019 2:00,0
7/28/2019 3:00,0
7/28/2019 4:00,0
7/28/2019 5:00,0
7/28/2019 6:00,0
7/28/2019 7:00,0
7/28/2019 8:00,0
7/28/2019 9:00,0
7/28/2019 10:00,0
7/28/2019 11:00,0
7/28/2019 12:00,0.011
7/28/2019 13:00,0.145
7/28/2019 14:00,0.321
7/28/2019 15:00,0.486
7/28/2019 16:00,0.559
7/28/2019 17:00,0.645
7/28/2019 18:00,0.619
7/28/2019 19:00,0.587
7/28/2019 20:00,0.509
7/28/2019 21:00,0.403
7/28/2019 22:00,0.239
7/28/2019 23:00,0.093
10/1/2019 0:00,0
10/1/2019 1:00,0
10/1/2019 2:00,0
10/1/2019 3:00,0
10/1/2019 4:00,0
10/1/2019 5:00,0
10/1/2019 6:00,0
10/1/2019 7:00,0
10/1/2019 8:00,0
10/1/2019 9:00,0
10/1/2019 10:00,0
10/1/2019 11:00,0
10/1/2019 12:00,0.014
10/1/2019 13:00,0.202
10/1/2019 14:00,0.421
10/1/2019 15:00,0.597
10/1/2019 16:00,0.715
10/1/2019 17:00,0.779
10/1/2019 18:00,0.792
10/1/2019 19:00,0.756
10/1/2019 20:00,0.671
10/1/2019 21:00,0.533
10/1/2019 22:00,0.346
10/1/2019 23:00,0.132
10/2/2019 0:00,0.002
10/2/2019 1:00,0
10/2/2019 2:00,0
10/2/2019 3:00,0
10/2/2019 4:00,0
10/2/2019 5:00,0
10/2/2019 6:00,0
10/2/2019 7:00,0
10/2/2019 8:00,0
10/2/2019 9:00,0
10/2/2019 10:00,0
10/2/2019 11:00,0
10/2/2019 12:00,0.015
10/2/2019 13:00,0.207
10/2/2019 14:00,0.428
10/2/2019 15:00,0.603
10/2/2019 16:00,0.724
10/2/2019 17:00,0.789
10/2/2019 18:00,0.803
10/2/2019 19:00,0.767
10/2/2019 20:00,0.682
10/2/2019 21:00,0.545
10/2/2019 22:00,0.357
10/2/2019 23:00,0.138
10/3/2019 0:00,0.002
10/3/2019 1:00,0
10/3/2019 2:00,0
10/3/2019 3:00,0
10/3/2019 4:00,0
10/3/2019 5:00,0
10/3/2019 6:00,0
10/3/2019 7:00,0
10/3/2019 8:00,0
10/3/2019 9:00,0
10/3/2019 10:00,0
10/3/2019 11:00,0
10/3/2019 12:00,0.016
10/3/2019 13:00,0.173
10/3/2019 14:00,0.313
10/3/2019 15:00,0.419
10/3/2019 16:00,0.542
10/3/2019 17:00,0.561
10/3/2019 18:00,0.519
10/3/2019 19:00,0.504
10/3/2019 20:00,0.375
10/3/2019 21:00,0.267
10/3/2019 22:00,0.185
10/3/2019 23:00,0.067
10/4/2019 0:00,0
10/4/2019 1:00,0
10/4/2019 2:00,0
10/4/2019 3:00,0
10/4/2019 4:00,0
10/4/2019 5:00,0
10/4/2019 6:00,0
10/4/2019 7:00,0
10/4/2019 8:00,0
10/4/2019 9:00,0
10/4/2019 10:00,0
10/4/2019 11:00,0
10/4/2019 12:00,0.009
10/4/2019 13:00,0.104
10/4/2019 14:00,0.227
10/4/2019 15:00,0.385
10/4/2019 16:00,0.527
10/4/2019 17:00,0.595
10/4/2019 18:00,0.576
10/4/2019 19:00,0.564
10/4/2019 20:00,0.523
10/4/2019 21:00,0.465
10/4/2019 22:00,0.295
10/4/2019 23:00,0.103
10/5/2019 0:00,0.002
10/5/2019 1:00,0
10/5/2019 2:00,0
10/5/2019 3:00,0
10/5/2019 4:00,0
10/5/2019 5:00,0
10/5/2019 6:00,0
10/5/2019 7:00,0
10/5/2019 8:00,0
10/5/2019 9:00,0
10/5/2019 10:00,0
10/5/2019 11:00,0
10/5/2019 12:00,0.015
10/5/2019 13:00,0.151
10/5/2019 14:00,0.321
10/5/2019 15:00,0.508
10/5/2019 16:00,0.6
10/5/2019 17:00,0.598
10/5/2019 18:00,0.523
10/5/2019 19:00,0.388
10/5/2019 20:00,0.305
10/5/2019 21:00,0.24
10/5/2019 22:00,0.17
10/5/2019 23:00,0.069
10/6/2019 0:00,0
10/6/2019 1:00,0
10/6/2019 2:00,0
10/6/2019 3:00,0
10/6/2019 4:00,0
10/6/2019 5:00,0
10/6/2019 6:00,0
10/6/2019 7:00,0
10/6/2019 8:00,0
10/6/2019 9:00,0
10/6/2019 10:00,0
10/6/2019 11:00,0
10/6/2019 12:00,0.001
10/6/2019 13:00,0.032
10/6/2019 14:00,0.082
10/6/2019 15:00,0.12
10/6/2019 16:00,0.166
10/6/2019 17:00,0.218
10/6/2019 18:00,0.229
10/6/2019 19:00,0.202
10/6/2019 20:00,0.183
10/6/2019 21:00,0.151
10/6/2019 22:00,0.128
10/6/2019 23:00,0.063
10/7/2019 0:00,0.002
10/7/2019 1:00,0
10/7/2019 2:00,0
10/7/2019 3:00,0
10/7/2019 4:00,0
10/7/2019 5:00,0
10/7/2019 6:00,0
10/7/2019 7:00,0
10/7/2019 8:00,0
10/7/2019 9:00,0
10/7/2019 10:00,0
10/7/2019 11:00,0
10/7/2019 12:00,0.02
10/7/2019 13:00,0.155
10/7/2019 14:00,0.303
10/7/2019 15:00,0.427
10/7/2019 16:00,0.477
10/7/2019 17:00,0.453
10/7/2019 18:00,0.423
10/7/2019 19:00,0.374
10/7/2019 20:00,0.335
10/7/2019 21:00,0.302
10/7/2019 22:00,0.246
10/7/2019 23:00,0.122
10/8/2019 0:00,0.004
10/8/2019 1:00,0
10/8/2019 2:00,0
10/8/2019 3:00,0
10/8/2019 4:00,0
10/8/2019 5:00,0
10/8/2019 6:00,0
10/8/2019 7:00,0
10/8/2019 8:00,0
10/8/2019 9:00,0
10/8/2019 10:00,0
10/8/2019 11:00,0
10/8/2019 12:00,0.019
10/8/2019 13:00,0.218
10/8/2019 14:00,0.436
10/8/2019 15:00,0.607
10/8/2019 16:00,0.725
10/8/2019 17:00,0.801
10/8/2019 18:00,0.819
10/8/2019 19:00,0.78
10/8/2019 20:00,0.684
10/8/2019 21:00,0.535
10/8/2019 22:00,0.342
10/8/2019 23:00,0.126
10/9/2019 0:00,0.004
10/9/2019 1:00,0
10/9/2019 2:00,0
10/9/2019 3:00,0
10/9/2019 4:00,0
10/9/2019 5:00,0
10/9/2019 6:00,0
10/9/2019 7:00,0
10/9/2019 8:00,0
10/9/2019 9:00,0
10/9/2019 10:00,0
10/9/2019 11:00,0
10/9/2019 12:00,0.01
10/9/2019 13:00,0.087
10/9/2019 14:00,0.21
10/9/2019 15:00,0.311
10/9/2019 16:00,0.359
10/9/2019 17:00,0.362
10/9/2019 18:00,0.34
10/9/2019 19:00,0.317
10/9/2019 20:00,0.296
10/9/2019 21:00,0.274
10/9/2019 22:00,0.19
10/9/2019 23:00,0.073
10/10/2019 0:00,0.002
10/10/2019 1:00,0
10/10/2019 2:00,0
10/10/2019 3:00,0
10/10/2019 4:00,0
10/10/2019 5:00,0
10/10/2019 6:00,0
10/10/2019 7:00,0
10/10/2019 8:00,0
10/10/2019 9:00,0
10/10/2019 10:00,0
10/10/2019 11:00,0
10/10/2019 12:00,0.014
10/10/2019 13:00,0.099
10/10/2019 14:00,0.21
10/10/2019 15:00,0.345
10/10/2019 16:00,0.485
10/10/2019 17:00,0.558
10/10/2019 18:00,0.576
10/10/2019 19:00,0.564
10/10/2019 20:00,0.478
10/10/2019 21:00,0.362
10/10/2019 22:00,0.222
10/10/2019 23:00,0.095
10/11/2019 0:00,0.003
10/11/2019 1:00,0
10/11/2019 2:00,0
10/11/2019 3:00,0
10/11/2019 4:00,0
10/11/2019 5:00,0
10/11/2019 6:00,0
10/11/2019 7:00,0
10/11/2019 8:00,0
10/11/2019 9:00,0
10/11/2019 10:00,0
10/11/2019 11:00,0
10/11/2019 12:00,0.02
10/11/2019 13:00,0.15
10/11/2019 14:00,0.289
10/11/2019 15:00,0.472
10/11/2019 16:00,0.577
10/11/2019 17:00,0.608
10/11/2019 18:00,0.585
10/11/2019 19:00,0.461
10/11/2019 20:00,0.354
10/11/2019 21:00,0.24
10/11/2019 22:00,0.129
10/11/2019 23:00,0.046
10/12/2019 0:00,0.001
10/12/2019 1:00,0
10/12/2019 2:00,0
10/12/2019 3:00,0
10/12/2019 4:00,0
10/12/2019 5:00,0
10/12/2019 6:00,0
10/12/2019 7:00,0
10/12/2019 8:00,0
10/12/2019 9:00,0
10/12/2019 10:00,0
10/12/2019 11:00,0
10/12/2019 12:00,0.009
10/12/2019 13:00,0.074
10/12/2019 14:00,0.149
10/12/2019 15:00,0.236
10/12/2019 16:00,0.286
10/12/2019 17:00,0.229
10/12/2019 18:00,0.283
10/12/2019 19:00,0.424
10/12/2019 20:00,0.485
10/12/2019 21:00,0.384
10/12/2019 22:00,0.25
10/12/2019 23:00,0.099
10/13/2019 0:00,0.004
10/13/2019 1:00,0
10/13/2019 2:00,0
10/13/2019 3:00,0
10/13/2019 4:00,0
10/13/2019 5:00,0
10/13/2019 6:00,0
10/13/2019 7:00,0
10/13/2019 8:00,0
10/13/2019 9:00,0
10/13/2019 10:00,0
10/13/2019 11:00,0
10/13/2019 12:00,0.004
10/13/2019 13:00,0.051
10/13/2019 14:00,0.189
10/13/2019 15:00,0.319
10/13/2019 16:00,0.173
10/13/2019 17:00,0.176
10/13/2019 18:00,0.274
10/13/2019 19:00,0.279
10/13/2019 20:00,0.228
10/13/2019 21:00,0.178
10/13/2019 22:00,0.14
10/13/2019 23:00,0.091
10/14/2019 0:00,0.005
10/14/2019 1:00,0
10/14/2019 2:00,0
10/14/2019 3:00,0
10/14/2019 4:00,0
10/14/2019 5:00,0
10/14/2019 6:00,0
10/14/2019 7:00,0
10/14/2019 8:00,0
10/14/2019 9:00,0
10/14/2019 10:00,0
10/14/2019 11:00,0
10/14/2019 12:00,0.023
10/14/2019 13:00,0.173
10/14/2019 14:00,0.316
10/14/2019 15:00,0.45
10/14/2019 16:00,0.537
10/14/2019 17:00,0.622
10/14/2019 18:00,0.651
10/14/2019 19:00,0.667
10/14/2019 20:00,0.633
10/14/2019 21:00,0.513
10/14/2019 22:00,0.335
10/14/2019 23:00,0.136
10/15/2019 0:00,0.005
10/15/2019 1:00,0
10/15/2019 2:00,0
10/15/2019 3:00,0
10/15/2019 4:00,0
10/15/2019 5:00,0
10/15/2019 6:00,0
10/15/2019 7:00,0
10/15/2019 8:00,0
10/15/2019 9:00,0
10/15/2019 10:00,0
10/15/2019 11:00,0
10/15/2019 12:00,0.022
10/15/2019 13:00,0.21
10/15/2019 14:00,0.416
10/15/2019 15:00,0.579
10/15/2019 16:00,0.69
10/15/2019 17:00,0.752
10/15/2019 18:00,0.765
10/15/2019 19:00,0.731
10/15/2019 20:00,0.649
10/15/2019 21:00,0.519
10/15/2019 22:00,0.344
10/15/2019 23:00,0.146
10/16/2019 0:00,0.006
10/16/2019 1:00,0
10/16/2019 2:00,0
10/16/2019 3:00,0
10/16/2019 4:00,0
10/16/2019 5:00,0
10/16/2019 6:00,0
10/16/2019 7:00,0
10/16/2019 8:00,0
10/16/2019 9:00,0
10/16/2019 10:00,0
10/16/2019 11:00,0
10/16/2019 12:00,0.022
10/16/2019 13:00,0.213
10/16/2019 14:00,0.417
10/16/2019 15:00,0.58
10/16/2019 16:00,0.69
10/16/2019 17:00,0.752
10/16/2019 18:00,0.767
10/16/2019 19:00,0.736
10/16/2019 20:00,0.658
10/16/2019 21:00,0.531
10/16/2019 22:00,0.357
10/16/2019 23:00,0.153
10/17/2019 0:00,0.01
10/17/2019 1:00,0
10/17/2019 2:00,0
10/17/2019 3:00,0
10/17/2019 4:00,0
10/17/2019 5:00,0
10/17/2019 6:00,0
10/17/2019 7:00,0
10/17/2019 8:00,0
10/17/2019 9:00,0
10/17/2019 10:00,0
10/17/2019 11:00,0
10/17/2019 12:00,0.027
10/17/2019 13:00,0.158
10/17/2019 14:00,0.323
10/17/2019 15:00,0.504
10/17/2019 16:00,0.568
10/17/2019 17:00,0.585
10/17/2019 18:00,0.483
10/17/2019 19:00,0.356
10/17/2019 20:00,0.285
10/17/2019 21:00,0.216
10/17/2019 22:00,0.132
10/17/2019 23:00,0.049
10/18/2019 0:00,0.003
10/18/2019 1:00,0
10/18/2019 2:00,0
10/18/2019 3:00,0
10/18/2019 4:00,0
10/18/2019 5:00,0
10/18/2019 6:00,0
10/18/2019 7:00,0
10/18/2019 8:00,0
10/18/2019 9:00,0
10/18/2019 10:00,0
10/18/2019 11:00,0
10/18/2019 12:00,0.006
10/18/2019 13:00,0.047
10/18/2019 14:00,0.106
10/18/2019 15:00,0.186
10/18/2019 16:00,0.346
10/18/2019 17:00,0.435
10/18/2019 18:00,0.485
10/18/2019 19:00,0.526
10/18/2019 20:00,0.471
10/18/2019 21:00,0.322
10/18/2019 22:00,0.214
10/18/2019 23:00,0.081
10/19/2019 0:00,0.003
10/19/2019 1:00,0
10/19/2019 2:00,0
10/19/2019 3:00,0
10/19/2019 4:00,0
10/19/2019 5:00,0
10/19/2019 6:00,0
10/19/2019 7:00,0
10/19/2019 8:00,0
10/19/2019 9:00,0
10/19/2019 10:00,0
10/19/2019 11:00,0
10/19/2019 12:00,0.021
10/19/2019 13:00,0.136
10/19/2019 14:00,0.267
10/19/2019 15:00,0.432
10/19/2019 16:00,0.547
10/19/2019 17:00,0.596
10/19/2019 18:00,0.591
10/19/2019 19:00,0.578
10/19/2019 20:00,0.543
10/19/2019 21:00,0.451
10/19/2019 22:00,0.298
10/19/2019 23:00,0.149
10/20/2019 0:00,0.008
10/20/2019 1:00,0
10/20/2019 2:00,0
10/20/2019 3:00,0
10/20/2019 4:00,0
10/20/2019 5:00,0
10/20/2019 6:00,0
10/20/2019 7:00,0
10/20/2019 8:00,0
10/20/2019 9:00,0
10/20/2019 10:00,0
10/20/2019 11:00,0
10/20/2019 12:00,0.034
10/20/2019 13:00,0.228
10/20/2019 14:00,0.444
10/20/2019 15:00,0.617
10/20/2019 16:00,0.734
10/20/2019 17:00,0.797
10/20/2019 18:00,0.811
10/20/2019 19:00,0.776
10/20/2019 20:00,0.691
10/20/2019 21:00,0.556
10/20/2019 22:00,0.374
10/20/2019 23:00,0.163
10/21/2019 0:00,0.008
10/21/2019 1:00,0
10/21/2019 2:00,0
10/21/2019 3:00,0
10/21/2019 4:00,0
10/21/2019 5:00,0
10/21/2019 6:00,0
10/21/2019 7:00,0
10/21/2019 8:00,0
10/21/2019 9:00,0
10/21/2019 10:00,0
10/21/2019 11:00,0
10/21/2019 12:00,0.035
10/21/2019 13:00,0.222
10/21/2019 14:00,0.422
10/21/2019 15:00,0.588
10/21/2019 16:00,0.706
10/21/2019 17:00,0.769
10/21/2019 18:00,0.784
10/21/2019 19:00,0.747
10/21/2019 20:00,0.616
10/21/2019 21:00,0.476
10/21/2019 22:00,0.351
10/21/2019 23:00,0.161
10/22/2019 0:00,0.012
10/22/2019 1:00,0
10/22/2019 2:00,0
10/22/2019 3:00,0
10/22/2019 4:00,0
10/22/2019 5:00,0
10/22/2019 6:00,0
10/22/2019 7:00,0
10/22/2019 8:00,0
10/22/2019 9:00,0
10/22/2019 10:00,0
10/22/2019 11:00,0
10/22/2019 12:00,0.021
10/22/2019 13:00,0.115
10/22/2019 14:00,0.308
10/22/2019 15:00,0.485
10/22/2019 16:00,0.657
10/22/2019 17:00,0.733
10/22/2019 18:00,0.75
10/22/2019 19:00,0.704
10/22/2019 20:00,0.563
10/22/2019 21:00,0.372
10/22/2019 22:00,0.217
10/22/2019 23:00,0.095
10/23/2019 0:00,0.01
10/23/2019 1:00,0
10/23/2019 2:00,0
10/23/2019 3:00,0
10/23/2019 4:00,0
10/23/2019 5:00,0
10/23/2019 6:00,0
10/23/2019 7:00,0
10/23/2019 8:00,0
10/23/2019 9:00,0
10/23/2019 10:00,0
10/23/2019 11:00,0
10/23/2019 12:00,0.025
10/23/2019 13:00,0.109
10/23/2019 14:00,0.162
10/23/2019 15:00,0.181
10/23/2019 16:00,0.196
10/23/2019 17:00,0.216
10/23/2019 18:00,0.252
10/23/2019 19:00,0.361
10/23/2019 20:00,0.334
10/23/2019 21:00,0.26
10/23/2019 22:00,0.156
10/23/2019 23:00,0.062
10/24/2019 0:00,0.006
10/24/2019 1:00,0
10/24/2019 2:00,0
10/24/2019 3:00,0
10/24/2019 4:00,0
10/24/2019 5:00,0
10/24/2019 6:00,0
10/24/2019 7:00,0
10/24/2019 8:00,0
10/24/2019 9:00,0
10/24/2019 10:00,0
10/24/2019 11:00,0
10/24/2019 12:00,0.022
10/24/2019 13:00,0.104
10/24/2019 14:00,0.144
10/24/2019 15:00,0.162
10/24/2019 16:00,0.303
10/24/2019 17:00,0.518
10/24/2019 18:00,0.639
10/24/2019 19:00,0.69
10/24/2019 20:00,0.631
10/24/2019 21:00,0.522
10/24/2019 22:00,0.351
10/24/2019 23:00,0.156
10/25/2019 0:00,0.01
10/25/2019 1:00,0
10/25/2019 2:00,0
10/25/2019 3:00,0
10/25/2019 4:00,0
10/25/2019 5:00,0
10/25/2019 6:00,0
10/25/2019 7:00,0
10/25/2019 8:00,0
10/25/2019 9:00,0
10/25/2019 10:00,0
10/25/2019 11:00,0
10/25/2019 12:00,0.039
10/25/2019 13:00,0.228
10/25/2019 14:00,0.434
10/25/2019 15:00,0.602
10/25/2019 16:00,0.72
10/25/2019 17:00,0.785
10/25/2019 18:00,0.801
10/25/2019 19:00,0.769
10/25/2019 20:00,0.686
10/25/2019 21:00,0.552
10/25/2019 22:00,0.373
10/25/2019 23:00,0.166
10/26/2019 0:00,0.01
10/26/2019 1:00,0
10/26/2019 2:00,0
10/26/2019 3:00,0
10/26/2019 4:00,0
10/26/2019 5:00,0
10/26/2019 6:00,0
10/26/2019 7:00,0
10/26/2019 8:00,0
10/26/2019 9:00,0
10/26/2019 10:00,0
10/26/2019 11:00,0
10/26/2019 12:00,0.04
10/26/2019 13:00,0.232
10/26/2019 14:00,0.439
10/26/2019 15:00,0.601
10/26/2019 16:00,0.713
10/26/2019 17:00,0.774
10/26/2019 18:00,0.785
10/26/2019 19:00,0.75
10/26/2019 20:00,0.667
10/26/2019 21:00,0.538
10/26/2019 22:00,0.362
10/26/2019 23:00,0.16
10/27/2019 0:00,0.011
10/27/2019 1:00,0
10/27/2019 2:00,0
10/27/2019 3:00,0
10/27/2019 4:00,0
10/27/2019 5:00,0
10/27/2019 6:00,0
10/27/2019 7:00,0
10/27/2019 8:00,0
10/27/2019 9:00,0
10/27/2019 10:00,0
10/27/2019 11:00,0
10/27/2019 12:00,0.04
10/27/2019 13:00,0.225
10/27/2019 14:00,0.423
10/27/2019 15:00,0.584
10/27/2019 16:00,0.694
10/27/2019 17:00,0.756
10/27/2019 18:00,0.77
10/27/2019 19:00,0.739
10/27/2019 20:00,0.66
10/27/2019 21:00,0.534
10/27/2019 22:00,0.36
10/27/2019 23:00,0.16
10/28/2019 0:00,0.015
10/28/2019 1:00,0
10/28/2019 2:00,0
10/28/2019 3:00,0
10/28/2019 4:00,0
10/28/2019 5:00,0
10/28/2019 6:00,0
10/28/2019 7:00,0
10/28/2019 8:00,0
10/28/2019 9:00,0
10/28/2019 10:00,0
10/28/2019 11:00,0
10/28/2019 12:00,0.043
10/28/2019 13:00,0.215
10/28/2019 14:00,0.407
10/28/2019 15:00,0.562
10/28/2019 16:00,0.671
10/28/2019 17:00,0.741
10/28/2019 18:00,0.746
10/28/2019 19:00,0.637
10/28/2019 20:00,0.433
10/28/2019 21:00,0.334
10/28/2019 22:00,0.284
10/28/2019 23:00,0.102
,0.006
,0
,0
,0
,0
,0
,0
,0
,0
,0
,0
,0
,0.021
,0.078
,0.128
,0.175
,0.205
,0.226
,0.242
,0.222
,0.191
,0.149
,0.095
,0.041
,0.004
,0
,0
,0
,0
,0
,0
,0
,0
,0
,0
,0
,0.023
,0.093
,0.16
,0.171
,0.327
,0.528
,0.582
,0.551
,0.477
,0.372
,0.253
,0.114
,0.011
,0
,0
,0
,0
,0
,0
,0
,0
,0
,0
,0
,0.045
,0.222
,0.415
,0.571
,0.677
,0.736
,0.751
,0.719
,0.641
,0.516
,0.349
,0.158
,0.014
,0
,0
,0
,0
,0
,0
,0
,0
,0
,0
,0
,0.045
,0.222
,0.411
,0.565
,0.671
,0.73
,0.744
,0.712
,0.635
,0.51
,0.345
,0.156
,0.014
,0
,0
,0
,0
,0
,0
,0
,0
,0
,0
,0
,0.045
,0.221
,0.414
,0.57
,0.672
,0.73
,0.744
,0.717
,0.643
,0.519
,0.351
,0.159
,0.015
,0
,0
,0
,0
,0
,0
,0
,0
,0
,0
,0
,0.046
,0.207
,0.402
,0.566
,0.672
,0.732
,0.748
,0.717
,0.641
,0.514
,0.349
,0.16
,0.021
,0
,0
,0
,0
,0
,0
,0
,0
,0
,0
,0
,0.049
,0.193
,0.365
,0.492
,0.555
,0.575
,0.531
,0.402
,0.297
,0.255
,0.206
,0.113
,0.016
,0
,0
,0
,0
,0
,0
,0
,0
,0
,0
,0
,0.032
,0.133
,0.272
,0.424
,0.54
,0.609
,0.626
,0.583
,0.471
,0.32
,0.192
,0.091
,0.013
,0
,0
,0
,0
,0
,0
,0
,0
,0
,0
,0
,0.022
,0.117
,0.269
,0.461
,0.581
,0.627
,0.627
,0.558
,0.457
,0.333
,0.224
,0.106
,0.016
,0
,0
,0
,0
,0
,0
,0
,0
,0
,0
,0
,0.03
,0.09
,0.144
,0.194
,0.276
,0.374
,0.427
,0.392
,0.324
,0.251
,0.138
,0.047
,0.006
,0
,0
,0
,0
,0
,0
,0
,0
,0
,0
,0
,0.027
,0.088
,0.139
,0.166
,0.186
,0.216
,0.256
,0.327
,0.351
,0.283
,0.142
,0.055
,0.007
,0
,0
,0
,0
,0
,0
,0
,0
,0
,0
,0
,0.039
,0.153
,0.323
,0.495
,0.642
,0.713
,0.729
,0.696
,0.622
,0.504
,0.344
,0.163
,0.027
,0
,0
,0
,0
,0
,0
,0
,0
,0
,0
,0
,0.054
,0.219
,0.398
,0.549
,0.659
,0.72
,0.733
,0.701
,0.624
,0.499
,0.339
,0.159
,0.029
,0
,0
,0
,0
,0
,0
,0
,0
,0
,0
,0
,0.056
,0.21
,0.376
,0.523
,0.631
,0.689
,0.686
,0.634
,0.531
,0.39
,0.242
,0.104
,0.016
,0
,0
,0
,0
,0
,0
,0
,0
,0
,0
,0
,0.044
,0.151
,0.263
,0.345
,0.429
,0.448
,0.362
,0.262
,0.205
,0.164
,0.104
,0.043
,0.004
,0
,0
,0
,0
,0
,0
,0
,0
,0
,0
,0
,0.046
,0.168
,0.316
,0.45
,0.542
,0.585
,0.546
,0.487
,0.41
,0.303
,0.198
,0.085
,0.012
,0
,0
,0
,0
,0
,0
,0
,0
,0
,0
,0
,0.033
,0.115
,0.238
,0.308
,0.379
,0.394
,0.374
,0.324
,0.243
,0.166
,0.105
,0.052
,0.008
,0
,0
,0
,0
,0
,0
,0
,0
,0
,0
,0
,0.019
,0.099
,0.199
,0.233
,0.266
,0.242
,0.228
,0.213
,0.151
,0.114
,0.088
,0.057
,0.012
,0
,0
,0
,0
,0
,0
,0
,0
,0
,0
,0
,0.041
,0.152
,0.295
,0.408
,0.463
,0.518
,0.35
,0.214
,0.255
,0.312
,0.27
,0.142
,0.029
,0
,0
,0
,0
,0
,0
,0
,0
,0
,0
,0
,0.061
,0.223
,0.402
,0.558
,0.659
,0.677
,0.654
,0.615
,0.549
,0.463
,0.331
,0.165
,0.033
,0
,0
,0
,0
,0
,0
,0
,0
,0
,0
,0
,0.058
,0.229
,0.412
,0.561
,0.665
,0.723
,0.733
,0.701
,0.621
,0.495
,0.333
,0.159
,0.035
,0
,0
,0
,0
,0
,0
,0
,0
,0
,0
,0
,0.062
,0.219
,0.391
,0.539
,0.633
,0.677
,0.668
,0.602
,0.518
,0.423
,0.301
,0.149
,0.033
,0
,0
,0
,0
,0
,0
,0
,0
,0
,0
,0
,0.062
,0.218
,0.389
,0.522
,0.634
,0.684
,0.683
,0.632
,0.546
,0.419
,0.271
,0.133
,0.031
,0
,0
,0
,0
,0
,0
,0
,0
,0
,0
,0
,0.061
,0.221
,0.395
,0.516
,0.616
,0.682
,0.681
,0.65
,0.556
,0.457
,0.312
,0.161
,0.037
,0
,0
,0
,0
,0
,0
,0
,0
,0
,0
,0
,0.063
,0.215
,0.378
,0.52
,0.614
,0.661
,0.656
,0.594
,0.506
,0.43
,0.302
,0.15
,0.037
,0
,0
,0
,0
,0
,0
,0
,0
,0
,0
,0
,0.052
,0.166
,0.32
,0.45
,0.522
,0.499
,0.492
,0.45
,0.392
,0.301
,0.212
,0.095
,0.014
,0
,0
,0
,0
,0
,0
,0
,0
,0
,0
,0
,0.053
,0.171
,0.301
,0.434
,0.545
,0.589
,0.577
,0.534
,0.428
,0.289
,0.198
,0.102
,0.023
,0
,0
,0
,0
,0
,0
,0
,0
,0
,0
,0
,0.049
,0.165
,0.297
,0.425
,0.531
,0.605
,0.641
,0.625
,0.563
,0.452
,0.309
,0.156
,0.037
,0
,0
,0
,0
,0
,0
,0
,0
,0
,0
,0
,0.063
,0.204
,0.37
,0.491
,0.583
,0.629
,0.639
,0.591
,0.512
,0.398
,0.279
,0.14
,0.032
,0
,0
,0
,0
,0
,0
,0
,0
,0
,0
,0
,0.063
,0.206
,0.369
,0.51
,0.611
,0.667
,0.676
,0.637
,0.555
,0.438
,0.296
,0.151
,0.035
,0
,0
,0
,0
,0
,0
,0
,0
,0
,0
,0.001
,0.065
,0.216
,0.384
,0.524
,0.621
,0.669
,0.658
,0.614
,0.524
,0.389
,0.246
,0.125
,0.03
,0
,0
,0
,0
,0
,0
,0
,0
,0
,0
,0.001
,0.062
,0.215
,0.39
,0.531
,0.626
,0.682
,0.687
,0.656
,0.585
,0.475
,0.329
,0.162
,0.041
,0
,0
,0
,0
,0
,0
,0
,0
,0
,0
,0.001
,0.063
,0.197
,0.366
,0.522
,0.624
,0.676
,0.687
,0.656
,0.586
,0.476
,0.329
,0.163
,0.04
,0
,0
,0
,0
,0
,0
,0
,0
,0
,0
,0.001
,0.064
,0.208
,0.385
,0.533
,0.633
,0.689
,0.7
,0.669
,0.6
,0.483
,0.331
,0.162
,0.044
,0
,0
,0
,0
,0
,0
,0
,0
,0
,0
,0.001
,0.055
,0.168
,0.313
,0.42
,0.552
,0.632
,0.651
,0.622
,0.546
,0.424
,0.268
,0.123
,0.03
,0
,0
,0
,0
,0
,0
,0
,0
,0
,0
,0.001
,0.061
,0.198
,0.355
,0.495
,0.6
,0.667
,0.674
,0.641
,0.559
,0.457
,0.326
,0.165
,0.043
,0
,0
,0
,0
,0
,0
,0
,0
,0
,0
,0.001
,0.064
,0.19
,0.342
,0.505
,0.605
,0.664
,0.67
,0.635
,0.555
,0.44
,0.31
,0.16
,0.045
,0
,0
,0
,0
,0
,0
,0
,0
,0
,0
,0.001
,0.063
,0.182
,0.311
,0.452
,0.538
,0.58
,0.585
,0.537
,0.443
,0.349
,0.208
,0.078
,0.012
,0
,0
,0
,0
,0
,0
,0
,0
,0
,0
,0.001
,0.059
,0.181
,0.329
,0.465
,0.557
,0.608
,0.621
,0.6
,0.538
,0.434
,0.306
,0.161
,0.043
,0
,0
,0
,0
,0
,0
,0
,0
,0
,0
,0.002
,0.067
,0.217
,0.378
,0.509
,0.595
,0.635
,0.634
,0.585
,0.49
,0.364
,0.24
,0.128
,0.035
,0
,0
,0
,0
,0
,0
,0
,0
,0
,0
,0.002
,0.066
,0.217
,0.38
,0.515
,0.61
,0.659
,0.657
,0.615
,0.527
,0.375
,0.249
,0.136
,0.038
,0
,0
,0
,0
,0
,0
,0
,0
,0
,0
,0.001
,0.06
,0.18
,0.325
,0.45
,0.552
,0.618
,0.624
,0.556
,0.442
,0.294
,0.169
,0.111
,0.039
,0
,0
,0
,0
,0
,0
,0
,0
,0
,0
,0.003
,0.07
,0.212
,0.351
,0.46
,0.533
,0.578
,0.581
,0.563
,0.483
,0.37
,0.238
,0.094
,0.014
,0
,0
,0
,0
,0
,0
,0
,0
,0
,0
,0
,0.03
,0.1
,0.19
,0.287
,0.398
,0.448
,0.499
,0.45
,0.393
,0.285
,0.181
,0.095
,0.026
,0
,0
,0
,0
,0
,0
,0
,0
,0
,0
,0.003
,0.068
,0.216
,0.366
,0.488
,0.57
,0.609
,0.609
,0.579
,0.512
,0.407
,0.281
,0.15
,0.041
,0
,0
,0
,0
,0
,0
,0
,0
,0
,0
,0.003
,0.063
,0.216
,0.381
,0.519
,0.617
,0.673
,0.683
,0.654
,0.584
,0.47
,0.324
,0.162
,0.045
,0
,0
,0
,0
,0
,0
,0
,0
,0
,0
,0.003
,0.059
,0.217
,0.382
,0.52
,0.617
,0.671
,0.683
,0.655
,0.585
,0.472
,0.326
,0.163
,0.044
,0
,0
,0
,0
,0
,0
,0
,0
,0
,0
,0.003
,0.063
,0.214
,0.375
,0.512
,0.605
,0.655
,0.66
,0.622
,0.546
,0.435
,0.297
,0.147
,0.036
,0
,0
,0
,0
,0
,0
,0
,0
,0
,0
,0.001
,0.05
,0.152
,0.278
,0.34
,0.357
,0.393
,0.382
,0.378
,0.415
,0.37
,0.262
,0.142
,0.046
,0
,0
,0
,0
,0
,0
,0
,0
,0
,0
,0
,0.04
,0.111
,0.175
,0.273
,0.386
,0.486
,0.544
,0.519
,0.407
,0.305
,0.221
,0.118
,0.031
,0
,0
,0
,0
,0
,0
,0
,0
,0
,0
,0.001
,0.065
,0.206
,0.371
,0.505
,0.606
,0.663
,0.682
,0.657
,0.589
,0.479
,0.333
,0.168
,0.045
,0
,0
,0
,0
,0
,0
,0
,0
,0
,0
,0.003
,0.063
,0.214
,0.379
,0.517
,0.616
,0.671
,0.685
,0.655
,0.573
,0.47
,0.327
,0.164
,0.046
,0
,0
,0
,0
,0
,0
,0
,0
,0
,0
,0.003
,0.064
,0.212
,0.376
,0.515
,0.612
,0.667
,0.676
,0.648
,0.577
,0.468
,0.328
,0.166
,0.05
,0
,0
,0
,0
,0
,0
,0
,0
,0
,0
,0.002
,0.07
,0.205
,0.35
,0.471
,0.558
,0.592
,0.583
,0.518
,0.396
,0.303
,0.204
,0.117
,0.032
,0
,0
,0
,0
,0
,0
,0
,0
,0
,0
,0.003
,0.073
,0.202
,0.326
,0.438
,0.507
,0.532
,0.514
,0.472
,0.412
,0.278
,0.154
,0.085
,0.023
,0
,0
,0
,0
,0
,0
,0
,0
,0
,0
,0.001
,0.058
,0.138
,0.215
,0.28
,0.332
,0.358
,0.361
,0.33
,0.309
,0.279
,0.249
,0.158
,0.047
,0
,0
,0
,0
,0
,0
,0
,0
,0
,0
,0.003
,0.071
,0.211
,0.337
,0.418
,0.506
,0.566
,0.592
,0.563
,0.496
,0.406
,0.279
,0.149
,0.046
,0
,0
,0
,0
,0
,0
,0
,0
,0
,0
,0.004
,0.073
,0.202
,0.31
,0.388
,0.467
,0.505
,0.532
,0.541
,0.509
,0.384
,0.216
,0.105
,0.028
,0
,0
,0
,0
,0
,0
,0
,0
,0
,0
,0
,0.03
,0.084
,0.151
,0.229
,0.324
,0.417
,0.493
,0.548
,0.525
,0.418
,0.305
,0.17
,0.052
,0
,0
,0
,0
,0
,0
,0
,0
,0
,0
,0
,0.043
,0.133
,0.234
,0.313
,0.403
,0.431
,0.425
,0.4
,0.36
,0.275
,0.171
,0.085
,0.021
,0
,0
,0
,0
,0
,0
,0
,0
,0
,0
,0.002
,0.064
,0.164
,0.257
,0.353
,0.476
,0.546
,0.568
,0.543
,0.476
,0.365
,0.252
,0.148
,0.045
,0
,0
,0
,0
,0
,0
,0
,0
,0
,0
,0.003
,0.072
,0.188
,0.287
,0.329
,0.37
,0.425
,0.436
,0.396
,0.33
,0.26
,0.188
,0.117
,0.036
,0
,0
,0
,0
,0
,0
,0
,0
,0
,0
,0.003
,0.065
,0.132
,0.147
,0.16
,0.254
,0.269
,0.24
,0.219
,0.178
,0.136
,0.091
,0.046
,0.013
,0
,0
,0
,0
,0
,0
,0
,0
,0
,0
,0
,0.023
,0.073
,0.137
,0.21
,0.284
,0.359
,0.403
,0.408
,0.353
,0.271
,0.173
,0.082
,0.021
,0
,0
,0
,0
,0
,0
,0
,0
,0
,0
,0.003
,0.069
,0.212
,0.369
,0.494
,0.581
,0.628
,0.639
,0.608
,0.543
,0.442
,0.313
,0.166
,0.049
,0
,0
,0
,0
,0
,0
,0
,0
,0
,0
,0.003
,0.07
,0.202
,0.342
,0.461
,0.549
,0.598
,0.605
,0.576
,0.51
,0.406
,0.285
,0.153
,0.043
,0
,0
,0
,0
,0
,0
,0
,0
,0
,0
,0.001
,0.057
,0.162
,0.277
,0.399
,0.496
,0.547
,0.571
,0.534
,0.458
,0.367
,0.253
,0.132
,0.036
,0
,0
,0
,0
,0
,0
,0
,0
,0
,0
,0.001
,0.049
,0.128
,0.213
,0.286
,0.344
,0.353
,0.358
,0.372
,0.351
,0.286
,0.194
,0.094
,0.022
,0
,0
,0
,0
,0
,0
,0
,0
,0
,0
,0.003
,0.07
,0.194
,0.32
,0.442
,0.535
,0.574
,0.587
,0.557
,0.488
,0.391
,0.268
,0.15
,0.045
,0
,0
,0
,0
,0
,0
,0
,0
,0
,0
,0.002
,0.064
,0.188
,0.332
,0.46
,0.56
,0.619
,0.626
,0.592
,0.51
,0.374
,0.234
,0.119
,0.031
,0
,0
,0
,0
,0
,0
,0
,0
,0
,0
,0.002
,0.064
,0.159
,0.243
,0.304
,0.357
,0.394
,0.408
,0.397
,0.361
,0.291
,0.188
,0.093
,0.025
,0
,0
,0
,0
,0
,0
,0
,0
,0
,0
,0.001
,0.045
,0.119
,0.191
,0.257
,0.304
,0.349
,0.372
,0.377
,0.306
,0.217
,0.139
,0.077
,0.024
,0
,0
,0
,0
,0
,0
,0
,0
,0
,0
,0.001
,0.054
,0.158
,0.249
,0.328
,0.383
,0.452
,0.5
,0.496
,0.423
,0.337
,0.254
,0.145
,0.041
,0
,0
,0
,0
,0
,0
,0
,0
,0
,0
,0.002
,0.069
,0.198
,0.339
,0.45
,0.524
,0.563
,0.574
,0.542
,0.474
,0.366
,0.253
,0.133
,0.038
,0
,0
,0
,0
,0
,0
,0
,0
,0
,0
,0.002
,0.067
,0.199
,0.349
,0.488
,0.584
,0.642
,0.658
,0.626
,0.556
,0.445
,0.313
,0.165
,0.048
,0
,0
,0
,0
,0
,0
,0
,0
,0
,0
,0.002
,0.066
,0.186
,0.311
,0.427
,0.527
,0.584
,0.59
,0.55
,0.478
,0.381
,0.272
,0.141
,0.04
,0
,0
,0
,0
,0
,0
,0
,0
,0
,0
,0.002
,0.068
,0.186
,0.309
,0.408
,0.474
,0.501
,0.512
,0.483
,0.436
,0.362
,0.253
,0.136
,0.037
,0
,0
,0
,0
,0
,0
,0
,0
,0
,0
,0.002
,0.061
,0.169
,0.285
,0.403
,0.485
,0.541
,0.561
,0.544
,0.49
,0.403
,0.303
,0.164
,0.045
,0
,0
,0
,0
,0
,0
,0
,0
,0
,0
,0.002
,0.066
,0.191
,0.327
,0.447
,0.533
,0.585
,0.601
,0.589
,0.525
,0.412
,0.286
,0.147
,0.04
,0
,0
,0
,0
,0
,0
,0
,0
,0
,0
,0
,0.045
,0.154
,0.278
,0.367
,0.394
,0.399
,0.387
,0.334
,0.248
,0.173
,0.108
,0.054
,0.013
,0
,0
,0
,0
,0
,0
,0
,0
,0
,0
,0
,0.041
,0.133
,0.239
,0.335
,0.428
,0.479
,0.491
,0.471
,0.43
,0.358
,0.261
,0.144
,0.039
,0
,0
,0
,0
,0
,0
,0
,0
,0
,0
,0.002
,0.067
,0.211
,0.373
,0.508
,0.595
,0.589
,0.549
,0.485
,0.387
,0.257
,0.181
,0.111
,0.033
,0
,0
,0
,0
,0
,0
,0
,0
,0
,0
,0.001
,0.067
,0.2
,0.345
,0.463
,0.532
,0.545
,0.528
,0.472
,0.385
,0.305
,0.208
,0.107
,0.026
,0
,0
,0
,0
,0
,0
,0
,0
,0
,0
,0
,0.042
,0.115
,0.178
,0.257
,0.303
,0.341
,0.39
,0.398
,0.361
,0.294
,0.212
,0.117
,0.031
,0
,0
,0
,0
,0
,0
,0
,0
,0
,0
,0
,0.046
,0.122
,0.196
,0.26
,0.287
,0.326
,0.322
,0.301
,0.275
,0.229
,0.167
,0.093
,0.025
,0
,0
,0
,0
,0
,0
,0
,0
,0
,0
,0
,0.04
,0.127
,0.238
,0.344
,0.425
,0.462
,0.456
,0.444
,0.375
,0.3
,0.206
,0.111
,0.029
,0
,0
,0
,0
,0
,0
,0
,0
,0
,0
,0.001
,0.064
,0.2
,0.336
,0.444
,0.518
,0.559
,0.566
,0.537
,0.476
,0.388
,0.279
,0.154
,0.041
,0
,0
,0
,0
,0
,0
,0
,0
,0
,0
,0.001
,0.063
,0.181
,0.302
,0.423
,0.513
,0.542
,0.537
,0.495
,0.428
,0.354
,0.257
,0.144
,0.037
,0
,0
,0
,0
,0
,0
,0
,0
,0
,0
,0.001
,0.063
,0.189
,0.323
,0.439
,0.525
,0.566
,0.574
,0.545
,0.48
,0.379
,0.264
,0.139
,0.035
,0
,0
,0
,0
,0
,0
,0
,0
,0
,0
,0
,0.05
,0.155
,0.266
,0.365
,0.43
,0.436
,0.434
,0.389
,0.297
,0.201
,0.133
,0.065
,0.014
,0
,0
,0
,0
,0
,0
,0
,0
,0
,0
,0
,0.025
,0.092
,0.187
,0.298
,0.384
,0.437
,0.468
,0.476
,0.44
,0.366
,0.26
,0.144
,0.034
,0
,0
,0
,0
,0
,0
,0
,0
,0
,0
,0
,0.049
,0.164
,0.317
,0.422
,0.474
,0.529
,0.558
,0.538
,0.484
,0.397
,0.272
,0.154
,0.036
,0
,0
,0
,0
,0
,0
,0
,0
,0
,0
,0.001
,0.052
,0.214
,0.395
,0.544
,0.646
,0.701
,0.712
,0.681
,0.606
,0.492
,0.339
,0.168
,0.037
,0
,0
,0
,0
,0
,0
,0
,0
,0
,0
,0
,0.053
,0.213
,0.39
,0.537
,0.639
,0.695
,0.707
,0.677
,0.605
,0.49
,0.338
,0.167
,0.036
,0
,0
,0
,0
,0
,0
,0
,0
,0
,0
,0
,0.053
,0.212
,0.387
,0.531
,0.63
,0.679
,0.682
,0.651
,0.584
,0.471
,0.321
,0.155
,0.034
,0
,0
,0
,0
,0
,0
,0
,0
,0
,0
,0
,0.057
,0.192
,0.35
,0.499
,0.597
,0.649
,0.659
,0.631
,0.563
,0.456
,0.316
,0.162
,0.037
,0
,0
,0
,0
,0
,0
,0
,0
,0
,0
,0
,0.058
,0.196
,0.348
,0.472
,0.551
,0.587
,0.577
,0.542
,0.465
,0.369
,0.261
,0.14
,0.031
,0
,0
,0
,0
,0
,0
,0
,0
,0
,0
,0
,0.056
,0.2
,0.357
,0.489
,0.584
,0.64
,0.652
,0.629
,0.565
,0.457
,0.315
,0.158
,0.035
,0
,0
,0
,0
,0
,0
,0
,0
,0
,0
,0
,0.054
,0.186
,0.327
,0.459
,0.561
,0.601
,0.588
,0.546
,0.472
,0.384
,0.254
,0.132
,0.026
,0
,0
,0
,0
,0
,0
,0
,0
,0
,0
,0
,0.055
,0.201
,0.357
,0.502
,0.605
,0.653
,0.66
,0.626
,0.557
,0.444
,0.292
,0.14
,0.031
,0
,0
,0
,0
,0
,0
,0
,0
,0
,0
,0
,0.055
,0.2
,0.359
,0.495
,0.597
,0.655
,0.659
,0.628
,0.554
,0.409
,0.242
,0.104
,0.022
,0
,0
,0
,0
,0
,0
,0
,0
,0
,0
,0
,0.055
,0.198
,0.362
,0.494
,0.584
,0.633
,0.654
,0.619
,0.532
,0.365
,0.241
,0.127
,0.027
,0
,0
,0
,0
,0
,0
,0
,0
,0
,0
,0
,0.052
,0.163
,0.248
,0.273
,0.326
,0.362
,0.348
,0.306
,0.271
,0.236
,0.192
,0.105
,0.019
,0
,0
,0
,0
,0
,0
,0
,0
,0
,0
,0
,0.053
,0.184
,0.316
,0.438
,0.554
,0.615
,0.626
,0.593
,0.518
,0.406
,0.268
,0.141
,0.029
,0
,0
,0
,0
,0
,0
,0
,0
,0
,0
,0
,0.051
,0.199
,0.372
,0.511
,0.607
,0.658
,0.666
,0.624
,0.528
,0.392
,0.271
,0.139
,0.028
,0
,0
,0
,0
,0
,0
,0
,0
,0
,0
,0
,0.049
,0.176
,0.321
,0.471
,0.577
,0.645
,0.668
,0.626
,0.527
,0.376
,0.257
,0.136
,0.025
,0
,0
,0
,0
,0
,0
,0
,0
,0
,0
,0
,0.049
,0.19
,0.347
,0.484
,0.589
,0.653
,0.664
,0.635
,0.557
,0.44
,0.301
,0.151
,0.028
,0
,0
,0
,0
,0
,0
,0
,0
,0
,0
,0
,0.043
,0.165
,0.312
,0.444
,0.536
,0.585
,0.599
,0.564
,0.49
,0.396
,0.266
,0.13
,0.023
,0
,0
,0
,0
,0
,0
,0
,0
,0
,0
,0
,0.043
,0.165
,0.303
,0.435
,0.545
,0.611
,0.638
,0.617
,0.552
,0.434
,0.293
,0.144
,0.024
,0
,0
,0
,0
,0
,0
,0
,0
,0
,0
,0
,0.047
,0.191
,0.351
,0.494
,0.594
,0.657
,0.67
,0.643
,0.574
,0.46
,0.317
,0.153
,0.025
,0
,0
,0
,0
,0
,0
,0
,0
,0
,0
,0
,0.042
,0.164
,0.301
,0.447
,0.579
,0.648
,0.661
,0.632
,0.56
,0.446
,0.301
,0.146
,0.023
,0
,0
,0
,0
,0
,0
,0
,0
,0
,0
,0
,0.045
,0.19
,0.352
,0.495
,0.601
,0.661
,0.675
,0.647
,0.578
,0.466
,0.318
,0.152
,0.023
,0
,0
,0
,0
,0
,0
,0
,0
,0
,0
,0
,0.042
,0.184
,0.355
,0.504
,0.61
,0.669
,0.683
,0.655
,0.585
,0.473
,0.323
,0.153
,0.023
,0
,0
,0
,0
,0
,0
,0
,0
,0
,0
,0
,0.043
,0.187
,0.351
,0.493
,0.596
,0.632
,0.636
,0.59
,0.507
,0.378
,0.23
,0.107
,0.015
,0
,0
,0
,0
,0
,0
,0
,0
,0
,0
,0
,0.031
,0.148
,0.272
,0.386
,0.479
,0.514
,0.525
,0.473
,0.392
,0.295
,0.173
,0.081
,0.011
,0
,0
,0
,0
,0
,0
,0
,0
,0
,0
,0
,0.042
,0.191
,0.352
,0.488
,0.583
,0.622
,0.618
,0.541
,0.419
,0.31
,0.221
,0.118
,0.017
,0
,0
,0
,0
,0
,0
,0
,0
,0
,0
,0
,0.04
,0.189
,0.362
,0.505
,0.611
,0.662
,0.669
,0.637
,0.562
,0.413
,0.285
,0.14
,0.019
,0
,0
,0
,0
,0
,0
,0
,0
,0
,0
,0
,0.037
,0.177
,0.354
,0.487
,0.57
,0.618
,0.637
,0.613
,0.538
,0.414
,0.269
,0.132
,0.015
,0
,0
,0
,0
,0
,0
,0
,0
,0
,0
,0
,0.037
,0.176
,0.339
,0.482
,0.581
,0.638
,0.649
,0.623
,0.552
,0.431
,0.289
,0.128
,0.015
,0
,0
,0
,0
,0
,0
,0
,0
,0
,0
,0
,0.03
,0.144
,0.27
,0.385
,0.472
,0.533
,0.533
,0.483
,0.399
,0.284
,0.191
,0.091
,0.01
,0
,0
,0
,0
,0
,0
,0
,0
,0
,0
,0
,0.037
,0.188
,0.356
,0.495
,0.603
,0.664
,0.679
,0.651
,0.579
,0.462
,0.302
,0.132
,0.014
,0
,0
,0
,0
,0
,0
,0
,0
,0
,0
,0
,0.033
,0.144
,0.256
,0.348
,0.395
,0.428
,0.432
,0.41
,0.351
,0.287
,0.183
,0.074
,0.007
,0
,0
,0
,0
,0
,0
,0
,0
,0
,0
,0
,0.015
,0.084
,0.177
,0.277
,0.358
,0.42
,0.439
,0.413
,0.341
,0.228
,0.145
,0.064
,0.006
,0
,0
,0
,0
,0
,0
,0
,0
,0
,0
,0
,0.029
,0.148
,0.285
,0.416
,0.505
,0.555
,0.546
,0.531
,0.464
,0.334
,0.199
,0.079
,0.007
,0
,0
,0
,0
,0
,0
,0
,0
,0
,0
,0
,0.015
,0.095
,0.21
,0.335
,0.438
,0.459
,0.452
,0.43
,0.382
,0.284
,0.171
,0.081
,0.007
,0
,0
,0
,0
,0
,0
,0
,0
,0
,0
,0
,0.029
,0.147
,0.272
,0.359
,0.42
,0.453
,0.448
,0.42
,0.355
,0.28
,0.177
,0.072
,0.005
,0
,0
,0
,0
,0
,0
,0
,0
,0
,0
,0
,0.016
,0.096
,0.191
,0.293
,0.418
,0.478
,0.515
,0.512
,0.438
,0.324
,0.219
,0.092
,0.007
,0
,0
,0
,0
,0
,0
,0
,0
,0
,0
,0
,0.018
,0.096
,0.195
,0.328
,0.456
,0.557
,0.587
,0.568
,0.482
,0.347
,0.228
,0.114
,0.009
,0
,0
,0
,0
,0
,0
,0
,0
,0
,0
,0
,0.031
,0.183
,0.355
,0.498
,0.609
,0.673
,0.668
,0.606
,0.53
,0.359
,0.244
,0.117
,0.009
,0
,0
,0
,0
,0
,0
,0
,0
,0
,0
,0
,0.031
,0.177
,0.333
,0.451
,0.519
,0.544
,0.511
,0.465
,0.392
,0.29
,0.18
,0.082
,0.006
,0
,0
,0
,0
,0
,0
,0
,0
,0
,0
,0
,0.025
,0.144
,0.269
,0.363
,0.445
,0.504
,0.514
,0.505
,0.447
,0.345
,0.222
,0.099
,0.006
,0
,0
,0
,0
,0
,0
,0
,0
,0
,0
,0
,0.026
,0.165
,0.328
,0.467
,0.578
,0.648
,0.67
,0.647
,0.578
,0.46
,0.307
,0.133
,0.007
,0
,0
,0
,0
,0
,0
,0
,0
,0
,0
,0
,0.027
,0.173
,0.338
,0.472
,0.567
,0.628
,0.651
,0.631
,0.568
,0.457
,0.302
,0.127
,0.006
,0
,0
,0
,0
,0
,0
,0
,0
,0
,0
,0
,0.028
,0.188
,0.363
,0.5
,0.602
,0.659
,0.672
,0.642
,0.564
,0.44
,0.274
,0.111
,0.005
,0
,0
,0
,0
,0
,0
,0
,0
,0
,0
,0
,0.024
,0.165
,0.327
,0.484
,0.608
,0.679
,0.698
,0.67
,0.597
,0.477
,0.317
,0.134
,0.005
,0
,0
,0
,0
,0
,0
,0
,0
,0
,0
,0
,0.022
,0.195
,0.382
,0.535
,0.639
,0.696
,0.707
,0.677
,0.603
,0.482
,0.321
,0.134
,0.005
,0
,0
,0
,0
,0
,0
,0
,0
,0
,0
,0
,0.022
,0.189
,0.375
,0.525
,0.629
,0.687
,0.692
,0.663
,0.589
,0.467
,0.306
,0.126
,0.004
,0
,0
,0
,0
,0
,0
,0
,0
,0
,0
,0
,0.022
,0.199
,0.391
,0.544
,0.647
,0.704
,0.712
,0.681
,0.606
,0.486
,0.323
,0.135
,0.005
,0
,0
,0
,0
,0
,0
,0
,0
,0
,0
,0
,0.02
,0.175
,0.357
,0.518
,0.63
,0.687
,0.695
,0.646
,0.552
,0.404
,0.23
,0.077
,0.002
,0
,0
,0
,0
,0
,0
,0
,0
,0
,0
,0
,0.013
,0.098
,0.194
,0.314
,0.443
,0.528
,0.592
,0.595
,0.54
,0.432
,0.281
,0.114
,0.004
,0
,0
,0
,0
,0
,0
,0
,0
,0
,0
,0
,0.016
,0.139
,0.278
,0.401
,0.486
,0.542
,0.551
,0.514
,0.438
,0.321
,0.192
,0.073
,0.002
,0
,0
,0
,0
,0
,0
,0
,0
,0
,0
,0
,0.006
,0.066
,0.144
,0.218
,0.287
,0.317
,0.314
,0.276
,0.213
,0.162
,0.113
,0.041
,0
,0
,0
,0
,0
,0
,0
,0
,0
,0
,0
,0
,0.017
,0.155
,0.322
,0.478
,0.58
,0.647
,0.658
,0.639
,0.581
,0.465
,0.309
,0.123
,0.003
,0
,0
,0
,0
,0
,0
,0
,0
,0
,0
,0
,0.018
,0.174
,0.359
,0.512
,0.617
,0.675
,0.688
,0.645
,0.553
,0.391
,0.238
,0.09
,0.001
,0
,0
,0
,0
,0
,0
,0
,0
,0
,0
,0
,0.017
,0.172
,0.36
,0.512
,0.619
,0.677
,0.694
,0.652
,0.571
,0.44
,0.279
,0.101
,0.002
,0
,0
,0
,0
,0
,0
,0
,0
,0
,0
,0
,0.017
,0.177
,0.366
,0.519
,0.626
,0.679
,0.688
,0.649
,0.569
,0.422
,0.274
,0.098
,0.001
,0
,0
,0
,0
,0
,0
,0
,0
,0
,0
,0
,0.016
,0.175
,0.368
,0.524
,0.627
,0.678
,0.661
,0.534
,0.456
,0.352
,0.23
,0.088
,0.001
,0
,0
,0
,0
,0
,0
,0
,0
,0
,0
,0
,0.004
,0.066
,0.159
,0.252
,0.326
,0.366
,0.364
,0.335
,0.284
,0.196
,0.111
,0.034
,0
,0
,0
,0
,0
,0
,0
,0
,0
,0
,0
,0
,0.001
,0.034
,0.086
,0.131
,0.168
,0.188
,0.209
,0.238
,0.252
,0.191
,0.109
,0.034
,0
,0
,0
,0
,0
,0
,0
,0
,0
,0
,0
,0
,0.001
,0.035
,0.098
,0.151
,0.228
,0.299
,0.354
,0.352
,0.316
,0.248
,0.16
,0.056
,0
,0
,0
,0
,0
,0
,0
,0
,0
,0
,0
,0
,0.01
,0.13
,0.296
,0.455
,0.541
,0.576
,0.583
,0.534
,0.466
,0.36
,0.227
,0.087
,0
,0
,0
,0
,0
,0
,0
,0
,0
,0
,0
,0
,0.012
,0.163
,0.356
,0.517
,0.63
,0.688
,0.706
,0.673
,0.601
,0.479
,0.307
,0.106
,0
,0
,0
,0
,0
,0
,0
,0
,0
,0
,0
,0
,0.009
,0.143
,0.329
,0.5
,0.622
,0.681
,0.7
,0.672
,0.595
,0.458
,0.279
,0.104
,0
,0
,0
,0
,0
,0
,0
,0
,0
,0
,0
,0
,0.01
,0.153
,0.346
,0.508
,0.619
,0.677
,0.684
,0.648
,0.548
,0.421
,0.254
,0.095
,0
,0
,0
,0
,0
,0
,0
,0
,0
,0
,0
,0
,0.011
,0.17
,0.371
,0.528
,0.641
,0.703
,0.711
,0.661
,0.564
,0.413
,0.242
,0.078
,0
,0
,0
,0
,0
,0
,0
,0
,0
,0
,0
,0
,0.011
,0.174
,0.371
,0.525
,0.643
,0.717
,0.736
,0.706
,0.623
,0.494
,0.319
,0.116
,0
,0
,0
,0
,0
,0
,0
,0
,0
,0
,0
,0
,0.011
,0.181
,0.385
,0.553
,0.67
,0.734
,0.748
,0.716
,0.636
,0.505
,0.325
,0.117
,0
,0
,0
,0
,0
,0
,0
,0
,0
,0
,0
,0
,0.007
,0.136
,0.294
,0.423
,0.505
,0.555
,0.531
,0.497
,0.449
,0.351
,0.218
,0.08
,0
,0
,0
,0
,0
,0
,0
,0
,0
,0
,0
,0
,0.004
,0.107
,0.292
,0.475
,0.602
,0.653
,0.672
,0.648
,0.575
,0.45
,0.261
,0.091
,0
,0
,0
,0
,0
,0
,0
,0
,0
,0
,0
,0
,0.006
,0.129
,0.323
,0.504
,0.634
,0.705
,0.702
,0.671
,0.584
,0.472
,0.302
,0.102
,0
,0
,0
,0
,0
,0
,0
,0
,0
,0
,0
,0
,0.004
,0.112
,0.284
,0.465
,0.584
,0.649
,0.655
,0.625
,0.554
,0.437
,0.27
,0.074
,0
,0
,0
,0
,0
,0
,0
,0
,0
,0
,0
,0
,0.007
,0.163
,0.371
,0.534
,0.642
,0.702
,0.714
,0.682
,0.605
,0.473
,0.3
,0.1
,0
,0
,0
,0
,0
,0
,0
,0
,0
,0
,0
,0
,0.005
,0.142
,0.338
,0.511
,0.63
,0.696
,0.714
,0.682
,0.603
,0.474
,0.299
,0.098
,0
,0
,0
,0
,0
,0
,0
,0
,0
,0
,0
,0
,0.004
,0.143
,0.345
,0.509
,0.622
,0.684
,0.705
,0.674
,0.591
,0.45
,0.279
,0.087
,0
,0
,0
,0
,0
,0
,0
,0
,0
,0
,0
,0
,0.003
,0.11
,0.295
,0.455
,0.574
,0.638
,0.65
,0.611
,0.526
,0.399
,0.229
,0.065
,0
,0
,0
,0
,0
,0
,0
,0
,0
,0
,0
,0
,0.003
,0.132
,0.336
,0.515
,0.629
,0.691
,0.703
,0.656
,0.583
,0.447
,0.264
,0.074
,0
,0
,0
,0
,0
,0
,0
,0
,0
,0
,0
,0
,0.003
,0.147
,0.356
,0.521
,0.636
,0.696
,0.709
,0.672
,0.589
,0.466
,0.287
,0.08
,0
,0
,0
,0
,0
,0
,0
,0
,0
,0
,0
,0
,0.001
,0.088
,0.258
,0.406
,0.541
,0.62
,0.651
,0.625
,0.544
,0.363
,0.213
,0.058
,0
,0
,0
,0
,0
,0
,0
,0
,0
,0
,0
,0
,0.001
,0.121
,0.334
,0.523
,0.669
,0.735
,0.746
,0.714
,0.63
,0.495
,0.308
,0.097
,0
,0
,0
,0
,0
,0
,0
,0
,0
,0
,0
,0
,0.002
,0.15
,0.374
,0.531
,0.656
,0.716
,0.733
,0.7
,0.574
,0.469
,0.271
,0.083
,0
,0
,0
,0
,0
,0
,0
,0
,0
,0
,0
,0
,0.002
,0.151
,0.371
,0.54
,0.656
,0.716
,0.715
,0.686
,0.61
,0.483
,0.298
,0.091
,0
,0
,0
,0
,0
,0
,0
,0
,0
,0
,0
,0
,0
,0.075
,0.257
,0.49
,0.646
,0.73
,0.709
,0.616
,0.546
,0.414
,0.271
,0.074
,0
,0
,0
,0
,0
,0
,0
,0
,0
,0
,0
,0
,0.001
,0.138
,0.36
,0.539
,0.684
,0.756
,0.778
,0.75
,0.656
,0.5
,0.325
,0.095
,0
,0
,0
,0
,0
,0
,0
,0
,0
,0
,0
,0
,0
,0.089
,0.275
,0.44
,0.552
,0.608
,0.621
,0.571
,0.478
,0.359
,0.205
,0.047
,0
,0
,0
,0
,0
,0
,0
,0
,0
,0
,0
,0
,0
,0.068
,0.219
,0.363
,0.472
,0.524
,0.512
,0.423
,0.324
,0.246
,0.138
,0.034
,0
,0
,0
,0
,0
,0
,0
,0
,0
,0
,0
,0
,0
,0.039
,0.151
,0.284
,0.394
,0.479
,0.499
,0.476
,0.423
,0.305
,0.169
,0.044
,0
,0
,0
,0
,0
,0
,0
,0
,0
,0
,0
,0
,0
,0.029
,0.049
,0.066
,0.116
,0.166
,0.204
,0.247
,0.248
,0.152
,0.077
,0.014
,0
,0
,0
,0
,0
,0
,0
,0
,0
,0
,0
,0
,0
,0.035
,0.105
,0.174
,0.25
,0.329
,0.42
,0.428
,0.361
,0.254
,0.149
,0.042
,0
,0
,0
,0
,0
,0
,0
,0
,0
,0
,0
,0
,0
,0.146
,0.393
,0.578
,0.698
,0.76
,0.77
,0.733
,0.648
,0.512
,0.322
,0.085
,0
,0
,0
,0
,0
,0
,0
,0
,0
,0
,0
,0
,0
,0.126
,0.354
,0.529
,0.646
,0.708
,0.715
,0.67
,0.567
,0.378
,0.217
,0.046
,0
,0
,0
,0
,0
,0
,0
,0
,0
,0
,0
,0
,0
,0.082
,0.28
,0.447
,0.574
,0.615
,0.615
,0.556
,0.425
,0.314
,0.182
,0.039
,0
,0
,0
,0
,0
,0
,0
,0
,0
,0
,0
,0
,0
,0.013
,0.057
,0.137
,0.304
,0.43
,0.55
,0.576
,0.532
,0.433
,0.274
,0.072
,0
,0
,0
,0
,0
,0
,0
,0
,0
,0
,0
,0
,0
,0.169
,0.426
,0.612
,0.729
,0.792
,0.807
,0.773
,0.688
,0.549
,0.354
,0.09
,0
,0
,0
,0
,0
,0
,0
,0
,0
,0
,0
,0
,0
,0.147
,0.397
,0.582
,0.702
,0.767
,0.781
,0.747
,0.663
,0.526
,0.334
,0.078
,0
,0
,0
,0
,0
,0
,0
,0
,0
,0
,0
,0
,0
,0.113
,0.352
,0.535
,0.649
,0.689
,0.605
,0.477
,0.299
,0.166
,0.07
,0.008
,0
,0
,0
,0
,0
,0
,0
,0
,0
,0
,0
,0
,0
,0.03
,0.095
,0.172
,0.25
,0.327
,0.439
,0.517
,0.511
,0.413
,0.235
,0.04
,0
,0
,0
,0
,0
,0
,0
,0
,0
,0
,0
,0
,0
,0.031
,0.137
,0.397
,0.679
,0.788
,0.804
,0.77
,0.683
,0.54
,0.34
,0.072
,0
,0
,0
,0
,0
,0
,0
,0
,0
,0
,0
,0
,0
,0.136
,0.389
,0.578
,0.702
,0.77
,0.786
,0.752
,0.668
,0.53
,0.336
,0.069
,0
,0
,0
,0
,0
,0
,0
,0
,0
,0
,0
,0
,0
,0.087
,0.287
,0.453
,0.591
,0.636
,0.608
,0.499
,0.411
,0.29
,0.153
,0.023
,0
,0
,0
,0
,0
,0
,0
,0
,0
,0
,0
,0
,0
,0.05
,0.213
,0.384
,0.478
,0.539
,0.545
,0.485
,0.387
,0.284
,0.146
,0.021
,0
,0
,0
,0
,0
,0
,0
,0
,0
,0
,0
,0
,0
,0.071
,0.261
,0.439
,0.579
,0.655
,0.654
,0.596
,0.456
,0.287
,0.143
,0.017
,0
,0
,0
,0
,0
,0
,0
,0
,0
,0
,0
,0
,0
,0.141
,0.417
,0.621
,0.755
,0.82
,0.825
,0.787
,0.702
,0.57
,0.389
,0.079
,0
,0
,0
,0
,0
,0
,0
,0
,0
,0
,0
,0
,0
,0.145
,0.43
,0.626
,0.752
,0.809
,0.813
,0.771
,0.665
,0.483
,0.244
,0.028
,0
,0
,0
,0
,0
,0
,0
,0
,0
,0
,0
,0
,0
,0.077
,0.254
,0.46
,0.553
,0.606
,0.724
,0.73
,0.636
,0.49
,0.287
,0.038
,0
,0
,0
,0
,0
,0
,0
,0
,0
,0
,0
,0
,0
,0.124
,0.397
,0.599
,0.727
,0.796
,0.81
,0.774
,0.684
,0.492
,0.241
,0.021
,0
,0
,0
,0
,0
,0
,0
,0
,0
,0
,0
,0
,0
,0.052
,0.215
,0.356
,0.487
,0.541
,0.484
,0.37
,0.239
,0.16
,0.123
,0.017
,0
,0
,0
,0
,0
,0
,0
,0
,0
,0
,0
,0
,0
,0.034
,0.16
,0.289
,0.436
,0.517
,0.55
,0.533
,0.43
,0.264
,0.104
,0.009
,0
,0
,0
,0
,0
,0
,0
,0
,0
,0
,0
,0
,0
,0.064
,0.283
,0.483
,0.619
,0.695
,0.708
,0.654
,0.548
,0.402
,0.23
,0.027
,0
,0
,0
,0
,0
,0
,0
,0
,0
,0
,0
,0
,0
,0.039
,0.207
,0.418
,0.447
,0.343
,0.23
,0.167
,0.118
,0.077
,0.027
,0.001
,0
,0
,0
,0
,0
,0
,0
,0
,0
,0
,0
,0
,0
,0.03
,0.18
,0.328
,0.364
,0.366
,0.356
,0.302
,0.231
,0.135
,0.064
,0.006
,0
,0
,0
,0
,0
,0
,0
,0
,0
,0
,0
,0
,0
,0.053
,0.374
,0.613
,0.745
,0.813
,0.826
,0.788
,0.698
,0.553
,0.35
,0.045
,0
,0
,0
,0
,0
,0
,0
,0
,0
,0
,0
,0
,0
,0.108
,0.382
,0.582
,0.703
,0.767
,0.778
,0.741
,0.647
,0.489
,0.287
,0.031
,0
,0
,0
,0
,0
,0
,0
,0
,0
,0
,0
,0
,0
,0.036
,0.151
,0.259
,0.391
,0.439
,0.391
,0.294
,0.159
,0.077
,0.046
,0.004
,0
,0
,0
,0
,0
,0
,0
,0
,0
,0
,0
,0
,0
,0.013
,0.143
,0.337
,0.553
,0.698
,0.704
,0.567
,0.376
,0.221
,0.097
,0.009
,0
,0
,0
,0
,0
,0
,0
,0
,0
,0
,0
,0
,0
,0.023
,0.121
,0.224
,0.331
,0.353
,0.281
,0.185
,0.118
,0.072
,0.032
,0.002
,0
,0
,0
,0
,0
,0
,0
,0
,0
,0
,0
,0
,0
,0.001
,0.023
,0.054
,0.113
,0.187
,0.236
,0.213
,0.149
,0.082
,0.039
,0.002
,0
,0
,0
,0
,0
,0
,0
,0
,0
,0
,0
,0
,0
,0.024
,0.191
,0.547
,0.742
,0.813
,0.829
,0.793
,0.703
,0.557
,0.35
,0.035
,0
,0
,0
,0
,0
,0
,0
,0
,0
,0
,0
,0
,0
,0.109
,0.398
,0.612
,0.743
,0.817
,0.832
,0.794
,0.698
,0.44
,0.188
,0.025
,0
,0
,0
,0
,0
,0
,0
,0
,0
,0
,0
,0
,0
,0.032
,0.194
,0.448
,0.639
,0.742
,0.764
,0.732
,0.639
,0.478
,0.246
,0.014
,0
,0
,0
,0
,0
,0
,0
,0
,0
,0
,0
,0
,0
,0.07
,0.325
,0.542
,0.676
,0.749
,0.771
,0.737
,0.649
,0.507
,0.3
,0.022
,0
,0
,0
,0
,0
,0
,0
,0
,0
,0
,0
,0
,0
,0.08
,0.331
,0.523
,0.612
,0.647
,0.673
,0.68
,0.626
,0.5
,0.304
,0.023
,0
,0
,0
,0
,0
,0
,0
,0
,0
,0
,0
,0
,0
,0.009
,0.092
,0.243
,0.39
,0.458
,0.44
,0.46
,0.432
,0.262
,0.139
,0.011
,0
,0
,0
,0
,0
,0
,0
,0
,0
,0
,0
,0
,0
,0.018
,0.156
,0.387
,0.503
,0.52
,0.548
,0.484
,0.362
,0.193
,0.075
,0.003
,0
,0
,0
,0
,0
,0
,0
,0
,0
,0
,0
,0
,0
,0.023
,0.158
,0.307
,0.453
,0.489
,0.448
,0.294
,0.21
,0.136
,0.05
,0
,0
,0
,0
,0
,0
,0
,0
,0
,0
,0
,0
,0
,0
,0.063
,0.318
,0.557
,0.692
,0.751
,0.768
,0.742
,0.659
,0.515
,0.306
,0.014
,0
,0
,0
,0
,0
,0
,0
,0
,0
,0
,0
,0
,0
,0.087
,0.361
,0.573
,0.706
,0.777
,0.788
,0.752
,0.552
,0.445
,0.156
,0.006
,0
,0
,0
,0
,0
,0
,0
,0
,0
,0
,0
,0
,0
,0.063
,0.308
,0.509
,0.634
,0.697
,0.709
,0.673
,0.574
,0.413
,0.199
,0.01
,0
,0
,0
,0
,0
,0
,0
,0
,0
,0
,0
,0
,0
,0.022
,0.136
,0.256
,0.376
,0.491
,0.391
,0.311
,0.242
,0.176
,0.08
,0.002
,0
,0
,0
,0
,0
,0
,0
,0
,0
,0
,0
,0
,0
,0.059
,0.304
,0.51
,0.614
,0.62
,0.546
,0.458
,0.321
,0.203
,0.097
,0.003
,0
,0
,0
,0
,0
,0
,0
,0
,0
,0
,0
,0
,0
,0.007
,0.064
,0.154
,0.254
,0.348
,0.409
,0.421
,0.378
,0.27
,0.114
,0.003
,0
,0
,0
,0
,0
,0
,0
,0
,0
,0
,0
,0
,0
,0.022
,0.142
,0.295
,0.387
,0.375
,0.287
,0.205
,0.142
,0.08
,0.027
,0
,0
,0
,0
,0
,0
,0
,0
,0
,0
,0
,0
,0
,0
,0.018
,0.154
,0.31
,0.39
,0.414
,0.414
,0.387
,0.314
,0.216
,0.102
,0.002
,0
,0
,0
,0
,0
,0
,0
,0
,0
,0
,0
,0
,0
,0.084
,0.363
,0.577
,0.713
,0.785
,0.8
,0.766
,0.679
,0.536
,0.327
,0.017
,0
,0
,0
,0
,0
,0
,0
,0
,0
,0
,0
,0
,0
,0.095
,0.378
,0.593
,0.729
,0.798
,0.807
,0.757
,0.667
,0.534
,0.322
,0.014
,0
,0
,0
,0
,0
,0
,0
,0
,0
,0
,0
,0
,0
,0.082
,0.354
,0.568
,0.699
,0.768
,0.781
,0.744
,0.651
,0.497
,0.28
,0.011
,0
,0
,0
,0
,0
,0
,0
,0
,0
,0
,0
,0
,0
,0.069
,0.335
,0.55
,0.681
,0.747
,0.753
,0.721
,0.628
,0.466
,0.256
,0.004
,0
,0
,0
,0
,0
,0
,0
,0
,0
,0
,0
,0
,0
,0.042
,0.288
,0.513
,0.618
,0.693
,0.711
,0.672
,0.572
,0.416
,0.123
,0.001
,0
,0
,0
,0
,0
,0
,0
,0
,0
,0
,0
,0
,0
,0.03
,0.249
,0.493
,0.654
,0.733
,0.752
,0.721
,0.636
,0.489
,0.269
,0.008
,0
,0
,0
,0
,0
,0
,0
,0
,0
,0
,0
,0
,0
,0.044
,0.293
,0.516
,0.66
,0.724
,0.691
,0.655
,0.631
,0.484
,0.265
,0.008
,0
,0
,0
,0
,0
,0
,0
,0
,0
,0
,0
,0
,0
,0.025
,0.235
,0.499
,0.635
,0.704
,0.709
,0.65
,0.419
,0.185
,0.068
,0.002
,0
,0
,0
,0
,0
,0
,0
,0
,0
,0
,0
,0
,0
,0.022
,0.2
,0.432
,0.58
,0.663
,0.661
,0.617
,0.509
,0.345
,0.118
,0.001
,0
,0
,0
,0
,0
,0
,0
,0
,0
,0
,0
,0
,0
,0.002
,0.051
,0.112
,0.156
,0.17
,0.164
,0.118
,0.094
,0.059
,0.023
,0
,0
,0
,0
,0
,0
,0
,0
,0
,0
,0
,0
,0
,0
,0.015
,0.141
,0.389
,0.685
,0.793
,0.809
,0.773
,0.681
,0.524
,0.297
,0.009
,0
,0
,0
,0
,0
,0
,0
,0
,0
,0
,0
,0
,0
,0.035
,0.206
,0.363
,0.469
,0.465
,0.369
,0.301
,0.252
,0.179
,0.094
,0.002
,0
,0
,0
,0
,0
,0
,0
,0
,0
,0
,0
,0
,0
,0.035
,0.267
,0.497
,0.637
,0.709
,0.736
,0.706
,0.599
,0.434
,0.247
,0.006
,0
,0
,0
,0
,0
,0
,0
,0
,0
,0
,0
,0
,0
,0.059
,0.331
,0.546
,0.676
,0.743
,0.759
,0.722
,0.632
,0.48
,0.255
,0.006
,0
,0
,0
,0
,0
,0
,0
,0
,0
,0
,0
,0
,0
,0.028
,0.2
,0.35
,0.479
,0.629
,0.646
,0.638
,0.545
,0.381
,0.13
,0.001
,0
,0
,0
,0
,0
,0
,0
,0
,0
,0
,0
,0
,0
,0.005
,0.078
,0.197
,0.259
,0.291
,0.286
,0.265
,0.239
,0.148
,0.058
,0
,0
,0
,0
,0
,0
,0
,0
,0
,0
,0
,0
,0
,0
,0.039
,0.278
,0.488
,0.63
,0.718
,0.752
,0.727
,0.647
,0.515
,0.288
,0.008
,0
,0
,0
,0
,0
,0
,0
,0
,0
,0
,0
,0
,0
,0.081
,0.4
,0.617
,0.746
,0.816
,0.831
,0.793
,0.699
,0.54
,0.305
,0.009
,0
,0
,0
,0
,0
,0
,0
,0
,0
,0
,0
,0
,0
,0.069
,0.377
,0.596
,0.727
,0.798
,0.808
,0.618
,0.292
,0.246
,0.252
,0.006
,0
,0
,0
,0
,0
,0
,0
,0
,0
,0
,0
,0
,0
,0.001
,0.023
,0.066
,0.182
,0.308
,0.233
,0.118
,0.078
,0.043
,0.014
,0
,0
,0
,0
,0
,0
,0
,0
,0
,0
,0
,0
,0
,0
,0
,0.029
,0.085
,0.149
,0.199
,0.208
,0.171
,0.138
,0.083
,0.036
,0
,0
,0
,0
,0
,0
,0
,0
,0
,0
,0
,0
,0
,0
,0.055
,0.358
,0.576
,0.711
,0.782
,0.797
,0.759
,0.667
,0.51
,0.277
,0.008
,0
,0
,0
,0
,0
,0
,0
,0
,0
,0
,0
,0
,0
,0.061
,0.354
,0.582
,0.71
,0.777
,0.791
,0.752
,0.661
,0.508
,0.279
,0.007
,0
,0
,0
,0
,0
,0
,0
,0
,0
,0
,0
,0
,0
,0.06
,0.352
,0.562
,0.69
,0.753
,0.767
,0.729
,0.637
,0.484
,0.255
,0.006
,0
,0
,0
,0
,0
,0
,0
,0
,0
,0
,0
,0
,0
,0.019
,0.182
,0.412
,0.592
,0.683
,0.679
,0.632
,0.541
,0.346
,0.126
,0.002
,0
,0
,0
,0
,0
,0
,0
,0
,0
,0
,0
,0
,0
,0.04
,0.277
,0.47
,0.607
,0.673
,0.691
,0.674
,0.572
,0.397
,0.139
,0.001
,0
,0
,0
,0
,0
,0
,0
,0
,0
,0
,0
,0
,0
,0.014
,0.139
,0.278
,0.426
,0.527
,0.522
,0.445
,0.292
,0.159
,0.078
,0.002
,0
,0
,0
,0
,0
,0
,0
,0
,0
,0
,0
,0
,0
,0.014
,0.124
,0.211
,0.259
,0.306
,0.317
,0.336
,0.292
,0.177
,0.045
,0
,0
,0
,0
,0
,0
,0
,0
,0
,0
,0
,0
,0
,0
,0
,0.035
,0.121
,0.256
,0.35
,0.434
,0.485
,0.503
,0.402
,0.194
,0.005
,0
,0
,0
,0
,0
,0
,0
,0
,0
,0
,0
,0
,0
,0.073
,0.392
,0.6
,0.726
,0.794
,0.807
,0.768
,0.673
,0.513
,0.275
,0.009
,0
,0
,0
,0
,0
,0
,0
,0
,0
,0
,0
,0
,0
,0.067
,0.382
,0.59
,0.713
,0.776
,0.786
,0.743
,0.62
,0.427
,0.222
,0.005
